model_name,location,target,season,calendar_week,valid.bin_start_incl,cdf
ReichLab_kcde_backfill_post_hoc,US National,3 wk ahead,2016/2017,43,1.6,0.63758
ReichLab_kcde_backfill_post_hoc,US National,3 wk ahead,2016/2017,44,1.9,0.83202
ReichLab_kcde_backfill_post_hoc,US National,3 wk ahead,2016/2017,45,1.8,0.48132
ReichLab_kcde_backfill_post_hoc,US National,3 wk ahead,2016/2017,46,1.9,0.4903
ReichLab_kcde_backfill_post_hoc,US National,3 wk ahead,2016/2017,47,2.2,0.4383
ReichLab_kcde_backfill_post_hoc,US National,3 wk ahead,2016/2017,48,2.7,0.671
ReichLab_kcde_backfill_post_hoc,US National,3 wk ahead,2016/2017,49,3.4,0.81552
ReichLab_kcde_backfill_post_hoc,US National,3 wk ahead,2016/2017,50,3.1,0.55822
ReichLab_kcde_backfill_post_hoc,US National,3 wk ahead,2016/2017,51,3.1,0.48382
ReichLab_kcde_backfill_post_hoc,US National,3 wk ahead,2016/2017,52,3.5,0.50482
ReichLab_kcde_backfill_post_hoc,US National,3 wk ahead,2016/2017,1,3.8,0.70448
ReichLab_kcde_backfill_post_hoc,US National,3 wk ahead,2016/2017,2,4.4,0.8046
ReichLab_kcde_backfill_post_hoc,US National,3 wk ahead,2016/2017,3,5.1,0.90024
ReichLab_kcde_backfill_post_hoc,US National,3 wk ahead,2016/2017,4,4.9,0.88704
ReichLab_kcde_backfill_post_hoc,US National,3 wk ahead,2016/2017,5,4.6,0.78892
ReichLab_kcde_backfill_post_hoc,US National,3 wk ahead,2016/2017,6,3.6,0.50082
ReichLab_kcde_backfill_post_hoc,US National,3 wk ahead,2016/2017,7,3.5,0.66286
ReichLab_kcde_backfill_post_hoc,US National,3 wk ahead,2016/2017,8,3.2,0.54178
ReichLab_kcde_backfill_post_hoc,US National,3 wk ahead,2016/2017,9,3.1,0.90184
ReichLab_kcde_backfill_post_hoc,US National,3 wk ahead,2016/2017,10,2.8,0.77336
ReichLab_kcde_backfill_post_hoc,US National,3 wk ahead,2016/2017,11,2.4,0.65662
ReichLab_kcde_backfill_post_hoc,US National,3 wk ahead,2016/2017,12,2,0.3889
ReichLab_kcde_backfill_post_hoc,US National,3 wk ahead,2016/2017,13,1.8,0.34104
ReichLab_kcde_backfill_post_hoc,US National,3 wk ahead,2016/2017,14,1.6,0.4458
ReichLab_kcde_backfill_post_hoc,US National,3 wk ahead,2016/2017,15,1.4,0.57988
ReichLab_kcde_backfill_post_hoc,US National,3 wk ahead,2016/2017,16,1.3,0.47692
ReichLab_kcde_backfill_post_hoc,US National,3 wk ahead,2016/2017,17,1.3,0.75524
ReichLab_kcde_backfill_post_hoc,US National,3 wk ahead,2016/2017,18,1.2,0.47788
ReichLab_kcde_backfill_post_hoc,HHS Region 1,3 wk ahead,2016/2017,43,0.9,0.0925
ReichLab_kcde_backfill_post_hoc,HHS Region 1,3 wk ahead,2016/2017,44,1,0.1342
ReichLab_kcde_backfill_post_hoc,HHS Region 1,3 wk ahead,2016/2017,45,0.9,0.04254
ReichLab_kcde_backfill_post_hoc,HHS Region 1,3 wk ahead,2016/2017,46,0.9,0.04062
ReichLab_kcde_backfill_post_hoc,HHS Region 1,3 wk ahead,2016/2017,47,1,0.05018
ReichLab_kcde_backfill_post_hoc,HHS Region 1,3 wk ahead,2016/2017,48,1.2,0.16722
ReichLab_kcde_backfill_post_hoc,HHS Region 1,3 wk ahead,2016/2017,49,1.4,0.16952
ReichLab_kcde_backfill_post_hoc,HHS Region 1,3 wk ahead,2016/2017,50,1.6,0.19078
ReichLab_kcde_backfill_post_hoc,HHS Region 1,3 wk ahead,2016/2017,51,1.5,0.11756
ReichLab_kcde_backfill_post_hoc,HHS Region 1,3 wk ahead,2016/2017,52,1.7,0.14392
ReichLab_kcde_backfill_post_hoc,HHS Region 1,3 wk ahead,2016/2017,1,2.1,0.37092
ReichLab_kcde_backfill_post_hoc,HHS Region 1,3 wk ahead,2016/2017,2,2.5,0.48266
ReichLab_kcde_backfill_post_hoc,HHS Region 1,3 wk ahead,2016/2017,3,3.2,0.67536
ReichLab_kcde_backfill_post_hoc,HHS Region 1,3 wk ahead,2016/2017,4,3,0.65094
ReichLab_kcde_backfill_post_hoc,HHS Region 1,3 wk ahead,2016/2017,5,3,0.68712
ReichLab_kcde_backfill_post_hoc,HHS Region 1,3 wk ahead,2016/2017,6,2.2,0.48772
ReichLab_kcde_backfill_post_hoc,HHS Region 1,3 wk ahead,2016/2017,7,2.1,0.49914
ReichLab_kcde_backfill_post_hoc,HHS Region 1,3 wk ahead,2016/2017,8,2.1,0.4868
ReichLab_kcde_backfill_post_hoc,HHS Region 1,3 wk ahead,2016/2017,9,1.9,0.5475
ReichLab_kcde_backfill_post_hoc,HHS Region 1,3 wk ahead,2016/2017,10,2,0.58404
ReichLab_kcde_backfill_post_hoc,HHS Region 1,3 wk ahead,2016/2017,11,2.2,0.7992
ReichLab_kcde_backfill_post_hoc,HHS Region 1,3 wk ahead,2016/2017,12,1.8,0.61774
ReichLab_kcde_backfill_post_hoc,HHS Region 1,3 wk ahead,2016/2017,13,1.5,0.42784
ReichLab_kcde_backfill_post_hoc,HHS Region 1,3 wk ahead,2016/2017,14,1.1,0.18636
ReichLab_kcde_backfill_post_hoc,HHS Region 1,3 wk ahead,2016/2017,15,0.9,0.14012
ReichLab_kcde_backfill_post_hoc,HHS Region 1,3 wk ahead,2016/2017,16,0.7,0.09822
ReichLab_kcde_backfill_post_hoc,HHS Region 1,3 wk ahead,2016/2017,17,0.7,0.23778
ReichLab_kcde_backfill_post_hoc,HHS Region 1,3 wk ahead,2016/2017,18,0.6,0.1607
ReichLab_kcde_backfill_post_hoc,HHS Region 2,3 wk ahead,2016/2017,43,2.5,0.89574
ReichLab_kcde_backfill_post_hoc,HHS Region 2,3 wk ahead,2016/2017,44,3.3,0.95648
ReichLab_kcde_backfill_post_hoc,HHS Region 2,3 wk ahead,2016/2017,45,3.2,0.91294
ReichLab_kcde_backfill_post_hoc,HHS Region 2,3 wk ahead,2016/2017,46,3.3,0.90326
ReichLab_kcde_backfill_post_hoc,HHS Region 2,3 wk ahead,2016/2017,47,3.4,0.86918
ReichLab_kcde_backfill_post_hoc,HHS Region 2,3 wk ahead,2016/2017,48,4.5,0.93024
ReichLab_kcde_backfill_post_hoc,HHS Region 2,3 wk ahead,2016/2017,49,6,0.96854
ReichLab_kcde_backfill_post_hoc,HHS Region 2,3 wk ahead,2016/2017,50,5.3,0.93928
ReichLab_kcde_backfill_post_hoc,HHS Region 2,3 wk ahead,2016/2017,51,5.1,0.934
ReichLab_kcde_backfill_post_hoc,HHS Region 2,3 wk ahead,2016/2017,52,5.7,0.9618
ReichLab_kcde_backfill_post_hoc,HHS Region 2,3 wk ahead,2016/2017,1,6,0.97478
ReichLab_kcde_backfill_post_hoc,HHS Region 2,3 wk ahead,2016/2017,2,6.5,0.97968
ReichLab_kcde_backfill_post_hoc,HHS Region 2,3 wk ahead,2016/2017,3,6.9,0.9842
ReichLab_kcde_backfill_post_hoc,HHS Region 2,3 wk ahead,2016/2017,4,5.7,0.9723
ReichLab_kcde_backfill_post_hoc,HHS Region 2,3 wk ahead,2016/2017,5,4.7,0.84484
ReichLab_kcde_backfill_post_hoc,HHS Region 2,3 wk ahead,2016/2017,6,3.1,0.37522
ReichLab_kcde_backfill_post_hoc,HHS Region 2,3 wk ahead,2016/2017,7,3.1,0.4175
ReichLab_kcde_backfill_post_hoc,HHS Region 2,3 wk ahead,2016/2017,8,3.3,0.5084
ReichLab_kcde_backfill_post_hoc,HHS Region 2,3 wk ahead,2016/2017,9,3.1,0.59692
ReichLab_kcde_backfill_post_hoc,HHS Region 2,3 wk ahead,2016/2017,10,3.7,0.79048
ReichLab_kcde_backfill_post_hoc,HHS Region 2,3 wk ahead,2016/2017,11,3.7,0.84666
ReichLab_kcde_backfill_post_hoc,HHS Region 2,3 wk ahead,2016/2017,12,3.1,0.71238
ReichLab_kcde_backfill_post_hoc,HHS Region 2,3 wk ahead,2016/2017,13,2.3,0.50158
ReichLab_kcde_backfill_post_hoc,HHS Region 2,3 wk ahead,2016/2017,14,2.4,0.65972
ReichLab_kcde_backfill_post_hoc,HHS Region 2,3 wk ahead,2016/2017,15,2,0.68688
ReichLab_kcde_backfill_post_hoc,HHS Region 2,3 wk ahead,2016/2017,16,2,0.77598
ReichLab_kcde_backfill_post_hoc,HHS Region 2,3 wk ahead,2016/2017,17,2.1,0.9247
ReichLab_kcde_backfill_post_hoc,HHS Region 2,3 wk ahead,2016/2017,18,1.8,0.82716
ReichLab_kcde_backfill_post_hoc,HHS Region 3,3 wk ahead,2016/2017,43,1.4,0.42078
ReichLab_kcde_backfill_post_hoc,HHS Region 3,3 wk ahead,2016/2017,44,1.7,0.58442
ReichLab_kcde_backfill_post_hoc,HHS Region 3,3 wk ahead,2016/2017,45,1.5,0.30256
ReichLab_kcde_backfill_post_hoc,HHS Region 3,3 wk ahead,2016/2017,46,1.6,0.32246
ReichLab_kcde_backfill_post_hoc,HHS Region 3,3 wk ahead,2016/2017,47,1.9,0.38838
ReichLab_kcde_backfill_post_hoc,HHS Region 3,3 wk ahead,2016/2017,48,2.2,0.4769
ReichLab_kcde_backfill_post_hoc,HHS Region 3,3 wk ahead,2016/2017,49,3.1,0.72486
ReichLab_kcde_backfill_post_hoc,HHS Region 3,3 wk ahead,2016/2017,50,2.7,0.54
ReichLab_kcde_backfill_post_hoc,HHS Region 3,3 wk ahead,2016/2017,51,2.8,0.44964
ReichLab_kcde_backfill_post_hoc,HHS Region 3,3 wk ahead,2016/2017,52,3.1,0.43296
ReichLab_kcde_backfill_post_hoc,HHS Region 3,3 wk ahead,2016/2017,1,3.5,0.52698
ReichLab_kcde_backfill_post_hoc,HHS Region 3,3 wk ahead,2016/2017,2,3.7,0.57546
ReichLab_kcde_backfill_post_hoc,HHS Region 3,3 wk ahead,2016/2017,3,5.1,0.83486
ReichLab_kcde_backfill_post_hoc,HHS Region 3,3 wk ahead,2016/2017,4,5.2,0.82546
ReichLab_kcde_backfill_post_hoc,HHS Region 3,3 wk ahead,2016/2017,5,5,0.7825
ReichLab_kcde_backfill_post_hoc,HHS Region 3,3 wk ahead,2016/2017,6,3.2,0.39066
ReichLab_kcde_backfill_post_hoc,HHS Region 3,3 wk ahead,2016/2017,7,3.2,0.44924
ReichLab_kcde_backfill_post_hoc,HHS Region 3,3 wk ahead,2016/2017,8,3.4,0.525
ReichLab_kcde_backfill_post_hoc,HHS Region 3,3 wk ahead,2016/2017,9,3,0.61636
ReichLab_kcde_backfill_post_hoc,HHS Region 3,3 wk ahead,2016/2017,10,3.2,0.69816
ReichLab_kcde_backfill_post_hoc,HHS Region 3,3 wk ahead,2016/2017,11,2.2,0.46182
ReichLab_kcde_backfill_post_hoc,HHS Region 3,3 wk ahead,2016/2017,12,1.7,0.2203
ReichLab_kcde_backfill_post_hoc,HHS Region 3,3 wk ahead,2016/2017,13,1.4,0.0968
ReichLab_kcde_backfill_post_hoc,HHS Region 3,3 wk ahead,2016/2017,14,1.1,0.04326
ReichLab_kcde_backfill_post_hoc,HHS Region 3,3 wk ahead,2016/2017,15,1,0.06312
ReichLab_kcde_backfill_post_hoc,HHS Region 3,3 wk ahead,2016/2017,16,0.9,0.05162
ReichLab_kcde_backfill_post_hoc,HHS Region 3,3 wk ahead,2016/2017,17,1,0.21644
ReichLab_kcde_backfill_post_hoc,HHS Region 3,3 wk ahead,2016/2017,18,0.9,0.10626
ReichLab_kcde_backfill_post_hoc,HHS Region 4,3 wk ahead,2016/2017,43,1.9,0.7307
ReichLab_kcde_backfill_post_hoc,HHS Region 4,3 wk ahead,2016/2017,44,2.2,0.8097
ReichLab_kcde_backfill_post_hoc,HHS Region 4,3 wk ahead,2016/2017,45,1.9,0.54032
ReichLab_kcde_backfill_post_hoc,HHS Region 4,3 wk ahead,2016/2017,46,1.8,0.50566
ReichLab_kcde_backfill_post_hoc,HHS Region 4,3 wk ahead,2016/2017,47,2.3,0.59176
ReichLab_kcde_backfill_post_hoc,HHS Region 4,3 wk ahead,2016/2017,48,2.9,0.79292
ReichLab_kcde_backfill_post_hoc,HHS Region 4,3 wk ahead,2016/2017,49,3.4,0.74574
ReichLab_kcde_backfill_post_hoc,HHS Region 4,3 wk ahead,2016/2017,50,2.9,0.4771
ReichLab_kcde_backfill_post_hoc,HHS Region 4,3 wk ahead,2016/2017,51,2.9,0.41764
ReichLab_kcde_backfill_post_hoc,HHS Region 4,3 wk ahead,2016/2017,52,3.7,0.67746
ReichLab_kcde_backfill_post_hoc,HHS Region 4,3 wk ahead,2016/2017,1,3.6,0.74882
ReichLab_kcde_backfill_post_hoc,HHS Region 4,3 wk ahead,2016/2017,2,4.5,0.87756
ReichLab_kcde_backfill_post_hoc,HHS Region 4,3 wk ahead,2016/2017,3,5.1,0.92306
ReichLab_kcde_backfill_post_hoc,HHS Region 4,3 wk ahead,2016/2017,4,5.5,0.94438
ReichLab_kcde_backfill_post_hoc,HHS Region 4,3 wk ahead,2016/2017,5,5.5,0.93126
ReichLab_kcde_backfill_post_hoc,HHS Region 4,3 wk ahead,2016/2017,6,4.6,0.81952
ReichLab_kcde_backfill_post_hoc,HHS Region 4,3 wk ahead,2016/2017,7,4.5,0.87406
ReichLab_kcde_backfill_post_hoc,HHS Region 4,3 wk ahead,2016/2017,8,3.9,0.83484
ReichLab_kcde_backfill_post_hoc,HHS Region 4,3 wk ahead,2016/2017,9,4.7,0.98956
ReichLab_kcde_backfill_post_hoc,HHS Region 4,3 wk ahead,2016/2017,10,3.7,0.9629
ReichLab_kcde_backfill_post_hoc,HHS Region 4,3 wk ahead,2016/2017,11,2.8,0.8446
ReichLab_kcde_backfill_post_hoc,HHS Region 4,3 wk ahead,2016/2017,12,2.2,0.65118
ReichLab_kcde_backfill_post_hoc,HHS Region 4,3 wk ahead,2016/2017,13,1.8,0.53966
ReichLab_kcde_backfill_post_hoc,HHS Region 4,3 wk ahead,2016/2017,14,1.5,0.5686
ReichLab_kcde_backfill_post_hoc,HHS Region 4,3 wk ahead,2016/2017,15,1.3,0.46528
ReichLab_kcde_backfill_post_hoc,HHS Region 4,3 wk ahead,2016/2017,16,1.4,0.73578
ReichLab_kcde_backfill_post_hoc,HHS Region 4,3 wk ahead,2016/2017,17,1.3,0.6667
ReichLab_kcde_backfill_post_hoc,HHS Region 4,3 wk ahead,2016/2017,18,1.2,0.57274
ReichLab_kcde_backfill_post_hoc,HHS Region 5,3 wk ahead,2016/2017,43,1.2,0.25742
ReichLab_kcde_backfill_post_hoc,HHS Region 5,3 wk ahead,2016/2017,44,1.3,0.31478
ReichLab_kcde_backfill_post_hoc,HHS Region 5,3 wk ahead,2016/2017,45,1.2,0.1136
ReichLab_kcde_backfill_post_hoc,HHS Region 5,3 wk ahead,2016/2017,46,1.5,0.33946
ReichLab_kcde_backfill_post_hoc,HHS Region 5,3 wk ahead,2016/2017,47,1.6,0.2795
ReichLab_kcde_backfill_post_hoc,HHS Region 5,3 wk ahead,2016/2017,48,1.8,0.35764
ReichLab_kcde_backfill_post_hoc,HHS Region 5,3 wk ahead,2016/2017,49,2.4,0.58168
ReichLab_kcde_backfill_post_hoc,HHS Region 5,3 wk ahead,2016/2017,50,2.1,0.41118
ReichLab_kcde_backfill_post_hoc,HHS Region 5,3 wk ahead,2016/2017,51,2.1,0.29132
ReichLab_kcde_backfill_post_hoc,HHS Region 5,3 wk ahead,2016/2017,52,2.4,0.34284
ReichLab_kcde_backfill_post_hoc,HHS Region 5,3 wk ahead,2016/2017,1,2.8,0.5446
ReichLab_kcde_backfill_post_hoc,HHS Region 5,3 wk ahead,2016/2017,2,3.2,0.65084
ReichLab_kcde_backfill_post_hoc,HHS Region 5,3 wk ahead,2016/2017,3,3.9,0.80508
ReichLab_kcde_backfill_post_hoc,HHS Region 5,3 wk ahead,2016/2017,4,4.3,0.7911
ReichLab_kcde_backfill_post_hoc,HHS Region 5,3 wk ahead,2016/2017,5,4.3,0.7239
ReichLab_kcde_backfill_post_hoc,HHS Region 5,3 wk ahead,2016/2017,6,3,0.4272
ReichLab_kcde_backfill_post_hoc,HHS Region 5,3 wk ahead,2016/2017,7,3.3,0.619
ReichLab_kcde_backfill_post_hoc,HHS Region 5,3 wk ahead,2016/2017,8,3,0.53614
ReichLab_kcde_backfill_post_hoc,HHS Region 5,3 wk ahead,2016/2017,9,2.8,0.73418
ReichLab_kcde_backfill_post_hoc,HHS Region 5,3 wk ahead,2016/2017,10,2.4,0.55998
ReichLab_kcde_backfill_post_hoc,HHS Region 5,3 wk ahead,2016/2017,11,2.1,0.57126
ReichLab_kcde_backfill_post_hoc,HHS Region 5,3 wk ahead,2016/2017,12,1.6,0.3464
ReichLab_kcde_backfill_post_hoc,HHS Region 5,3 wk ahead,2016/2017,13,1.4,0.34274
ReichLab_kcde_backfill_post_hoc,HHS Region 5,3 wk ahead,2016/2017,14,1.3,0.36038
ReichLab_kcde_backfill_post_hoc,HHS Region 5,3 wk ahead,2016/2017,15,1.1,0.3305
ReichLab_kcde_backfill_post_hoc,HHS Region 5,3 wk ahead,2016/2017,16,1.1,0.43718
ReichLab_kcde_backfill_post_hoc,HHS Region 5,3 wk ahead,2016/2017,17,0.9,0.4438
ReichLab_kcde_backfill_post_hoc,HHS Region 5,3 wk ahead,2016/2017,18,0.8,0.21064
ReichLab_kcde_backfill_post_hoc,HHS Region 6,3 wk ahead,2016/2017,43,2.3,0.64032
ReichLab_kcde_backfill_post_hoc,HHS Region 6,3 wk ahead,2016/2017,44,2.5,0.6896
ReichLab_kcde_backfill_post_hoc,HHS Region 6,3 wk ahead,2016/2017,45,2.5,0.60872
ReichLab_kcde_backfill_post_hoc,HHS Region 6,3 wk ahead,2016/2017,46,2.9,0.69094
ReichLab_kcde_backfill_post_hoc,HHS Region 6,3 wk ahead,2016/2017,47,3.4,0.71968
ReichLab_kcde_backfill_post_hoc,HHS Region 6,3 wk ahead,2016/2017,48,3.9,0.76114
ReichLab_kcde_backfill_post_hoc,HHS Region 6,3 wk ahead,2016/2017,49,4.2,0.76268
ReichLab_kcde_backfill_post_hoc,HHS Region 6,3 wk ahead,2016/2017,50,4.1,0.68754
ReichLab_kcde_backfill_post_hoc,HHS Region 6,3 wk ahead,2016/2017,51,4.9,0.70672
ReichLab_kcde_backfill_post_hoc,HHS Region 6,3 wk ahead,2016/2017,52,5.3,0.68592
ReichLab_kcde_backfill_post_hoc,HHS Region 6,3 wk ahead,2016/2017,1,6.1,0.78958
ReichLab_kcde_backfill_post_hoc,HHS Region 6,3 wk ahead,2016/2017,2,8.2,0.91642
ReichLab_kcde_backfill_post_hoc,HHS Region 6,3 wk ahead,2016/2017,3,9.9,0.9733
ReichLab_kcde_backfill_post_hoc,HHS Region 6,3 wk ahead,2016/2017,4,8.9,0.93558
ReichLab_kcde_backfill_post_hoc,HHS Region 6,3 wk ahead,2016/2017,5,8.2,0.88232
ReichLab_kcde_backfill_post_hoc,HHS Region 6,3 wk ahead,2016/2017,6,6.9,0.81844
ReichLab_kcde_backfill_post_hoc,HHS Region 6,3 wk ahead,2016/2017,7,6.5,0.85704
ReichLab_kcde_backfill_post_hoc,HHS Region 6,3 wk ahead,2016/2017,8,5.4,0.81472
ReichLab_kcde_backfill_post_hoc,HHS Region 6,3 wk ahead,2016/2017,9,4.4,0.85754
ReichLab_kcde_backfill_post_hoc,HHS Region 6,3 wk ahead,2016/2017,10,3.7,0.82082
ReichLab_kcde_backfill_post_hoc,HHS Region 6,3 wk ahead,2016/2017,11,3.4,0.85314
ReichLab_kcde_backfill_post_hoc,HHS Region 6,3 wk ahead,2016/2017,12,3,0.75898
ReichLab_kcde_backfill_post_hoc,HHS Region 6,3 wk ahead,2016/2017,13,2.9,0.8054
ReichLab_kcde_backfill_post_hoc,HHS Region 6,3 wk ahead,2016/2017,14,2.5,0.7736
ReichLab_kcde_backfill_post_hoc,HHS Region 6,3 wk ahead,2016/2017,15,2.4,0.85698
ReichLab_kcde_backfill_post_hoc,HHS Region 6,3 wk ahead,2016/2017,16,1.7,0.51082
ReichLab_kcde_backfill_post_hoc,HHS Region 6,3 wk ahead,2016/2017,17,2.2,0.91048
ReichLab_kcde_backfill_post_hoc,HHS Region 6,3 wk ahead,2016/2017,18,1.9,0.79476
ReichLab_kcde_backfill_post_hoc,HHS Region 7,3 wk ahead,2016/2017,43,1,0.17822
ReichLab_kcde_backfill_post_hoc,HHS Region 7,3 wk ahead,2016/2017,44,1.4,0.46678
ReichLab_kcde_backfill_post_hoc,HHS Region 7,3 wk ahead,2016/2017,45,1.4,0.36194
ReichLab_kcde_backfill_post_hoc,HHS Region 7,3 wk ahead,2016/2017,46,1.3,0.233
ReichLab_kcde_backfill_post_hoc,HHS Region 7,3 wk ahead,2016/2017,47,1.3,0.17202
ReichLab_kcde_backfill_post_hoc,HHS Region 7,3 wk ahead,2016/2017,48,1.8,0.4305
ReichLab_kcde_backfill_post_hoc,HHS Region 7,3 wk ahead,2016/2017,49,2.7,0.63374
ReichLab_kcde_backfill_post_hoc,HHS Region 7,3 wk ahead,2016/2017,50,2.9,0.60968
ReichLab_kcde_backfill_post_hoc,HHS Region 7,3 wk ahead,2016/2017,51,2.8,0.50106
ReichLab_kcde_backfill_post_hoc,HHS Region 7,3 wk ahead,2016/2017,52,3.5,0.63852
ReichLab_kcde_backfill_post_hoc,HHS Region 7,3 wk ahead,2016/2017,1,4.6,0.85132
ReichLab_kcde_backfill_post_hoc,HHS Region 7,3 wk ahead,2016/2017,2,5.5,0.9331
ReichLab_kcde_backfill_post_hoc,HHS Region 7,3 wk ahead,2016/2017,3,6.4,0.96782
ReichLab_kcde_backfill_post_hoc,HHS Region 7,3 wk ahead,2016/2017,4,4.9,0.90802
ReichLab_kcde_backfill_post_hoc,HHS Region 7,3 wk ahead,2016/2017,5,4,0.78024
ReichLab_kcde_backfill_post_hoc,HHS Region 7,3 wk ahead,2016/2017,6,2.8,0.47792
ReichLab_kcde_backfill_post_hoc,HHS Region 7,3 wk ahead,2016/2017,7,2.8,0.55104
ReichLab_kcde_backfill_post_hoc,HHS Region 7,3 wk ahead,2016/2017,8,2.4,0.46794
ReichLab_kcde_backfill_post_hoc,HHS Region 7,3 wk ahead,2016/2017,9,2,0.50184
ReichLab_kcde_backfill_post_hoc,HHS Region 7,3 wk ahead,2016/2017,10,1.7,0.41086
ReichLab_kcde_backfill_post_hoc,HHS Region 7,3 wk ahead,2016/2017,11,1.4,0.3526
ReichLab_kcde_backfill_post_hoc,HHS Region 7,3 wk ahead,2016/2017,12,1,0.1195
ReichLab_kcde_backfill_post_hoc,HHS Region 7,3 wk ahead,2016/2017,13,0.9,0.12942
ReichLab_kcde_backfill_post_hoc,HHS Region 7,3 wk ahead,2016/2017,14,0.8,0.09698
ReichLab_kcde_backfill_post_hoc,HHS Region 7,3 wk ahead,2016/2017,15,0.8,0.17424
ReichLab_kcde_backfill_post_hoc,HHS Region 7,3 wk ahead,2016/2017,16,0.5,0.07344
ReichLab_kcde_backfill_post_hoc,HHS Region 7,3 wk ahead,2016/2017,17,0.3,0.04594
ReichLab_kcde_backfill_post_hoc,HHS Region 7,3 wk ahead,2016/2017,18,0.2,0.0261
ReichLab_kcde_backfill_post_hoc,HHS Region 8,3 wk ahead,2016/2017,43,0.9,0.20452
ReichLab_kcde_backfill_post_hoc,HHS Region 8,3 wk ahead,2016/2017,44,0.8,0.09976
ReichLab_kcde_backfill_post_hoc,HHS Region 8,3 wk ahead,2016/2017,45,1.3,0.44408
ReichLab_kcde_backfill_post_hoc,HHS Region 8,3 wk ahead,2016/2017,46,1.1,0.28312
ReichLab_kcde_backfill_post_hoc,HHS Region 8,3 wk ahead,2016/2017,47,1.3,0.30576
ReichLab_kcde_backfill_post_hoc,HHS Region 8,3 wk ahead,2016/2017,48,2.1,0.55394
ReichLab_kcde_backfill_post_hoc,HHS Region 8,3 wk ahead,2016/2017,49,1.5,0.31962
ReichLab_kcde_backfill_post_hoc,HHS Region 8,3 wk ahead,2016/2017,50,2.3,0.51148
ReichLab_kcde_backfill_post_hoc,HHS Region 8,3 wk ahead,2016/2017,51,1.9,0.33626
ReichLab_kcde_backfill_post_hoc,HHS Region 8,3 wk ahead,2016/2017,52,2.3,0.44318
ReichLab_kcde_backfill_post_hoc,HHS Region 8,3 wk ahead,2016/2017,1,2.1,0.38992
ReichLab_kcde_backfill_post_hoc,HHS Region 8,3 wk ahead,2016/2017,2,2.3,0.49242
ReichLab_kcde_backfill_post_hoc,HHS Region 8,3 wk ahead,2016/2017,3,2.3,0.49744
ReichLab_kcde_backfill_post_hoc,HHS Region 8,3 wk ahead,2016/2017,4,2.7,0.59384
ReichLab_kcde_backfill_post_hoc,HHS Region 8,3 wk ahead,2016/2017,5,1.6,0.0861
ReichLab_kcde_backfill_post_hoc,HHS Region 8,3 wk ahead,2016/2017,6,1.5,0.04908
ReichLab_kcde_backfill_post_hoc,HHS Region 8,3 wk ahead,2016/2017,7,1.4,0.04348
ReichLab_kcde_backfill_post_hoc,HHS Region 8,3 wk ahead,2016/2017,8,1.1,0.01908
ReichLab_kcde_backfill_post_hoc,HHS Region 8,3 wk ahead,2016/2017,9,1.3,0.07194
ReichLab_kcde_backfill_post_hoc,HHS Region 8,3 wk ahead,2016/2017,10,1.1,0.03494
ReichLab_kcde_backfill_post_hoc,HHS Region 8,3 wk ahead,2016/2017,11,1.1,0.08428
ReichLab_kcde_backfill_post_hoc,HHS Region 8,3 wk ahead,2016/2017,12,0.9,0.04112
ReichLab_kcde_backfill_post_hoc,HHS Region 8,3 wk ahead,2016/2017,13,0.9,0.07088
ReichLab_kcde_backfill_post_hoc,HHS Region 8,3 wk ahead,2016/2017,14,1,0.15884
ReichLab_kcde_backfill_post_hoc,HHS Region 8,3 wk ahead,2016/2017,15,1,0.30492
ReichLab_kcde_backfill_post_hoc,HHS Region 8,3 wk ahead,2016/2017,16,0.6,0.0924
ReichLab_kcde_backfill_post_hoc,HHS Region 8,3 wk ahead,2016/2017,17,0.8,0.41686
ReichLab_kcde_backfill_post_hoc,HHS Region 8,3 wk ahead,2016/2017,18,0.9,0.45516
ReichLab_kcde_backfill_post_hoc,HHS Region 9,3 wk ahead,2016/2017,43,1.7,0.54156
ReichLab_kcde_backfill_post_hoc,HHS Region 9,3 wk ahead,2016/2017,44,2,0.66132
ReichLab_kcde_backfill_post_hoc,HHS Region 9,3 wk ahead,2016/2017,45,1.9,0.43428
ReichLab_kcde_backfill_post_hoc,HHS Region 9,3 wk ahead,2016/2017,46,2,0.44864
ReichLab_kcde_backfill_post_hoc,HHS Region 9,3 wk ahead,2016/2017,47,2.3,0.52674
ReichLab_kcde_backfill_post_hoc,HHS Region 9,3 wk ahead,2016/2017,48,2.8,0.70012
ReichLab_kcde_backfill_post_hoc,HHS Region 9,3 wk ahead,2016/2017,49,3.3,0.79318
ReichLab_kcde_backfill_post_hoc,HHS Region 9,3 wk ahead,2016/2017,50,3.1,0.58614
ReichLab_kcde_backfill_post_hoc,HHS Region 9,3 wk ahead,2016/2017,51,2.8,0.251
ReichLab_kcde_backfill_post_hoc,HHS Region 9,3 wk ahead,2016/2017,52,2.7,0.169
ReichLab_kcde_backfill_post_hoc,HHS Region 9,3 wk ahead,2016/2017,1,3,0.29066
ReichLab_kcde_backfill_post_hoc,HHS Region 9,3 wk ahead,2016/2017,2,3.1,0.35186
ReichLab_kcde_backfill_post_hoc,HHS Region 9,3 wk ahead,2016/2017,3,2.7,0.23324
ReichLab_kcde_backfill_post_hoc,HHS Region 9,3 wk ahead,2016/2017,4,2.5,0.1137
ReichLab_kcde_backfill_post_hoc,HHS Region 9,3 wk ahead,2016/2017,5,2.5,0.075
ReichLab_kcde_backfill_post_hoc,HHS Region 9,3 wk ahead,2016/2017,6,2.3,0.0549
ReichLab_kcde_backfill_post_hoc,HHS Region 9,3 wk ahead,2016/2017,7,2.3,0.0666
ReichLab_kcde_backfill_post_hoc,HHS Region 9,3 wk ahead,2016/2017,8,2.3,0.0753
ReichLab_kcde_backfill_post_hoc,HHS Region 9,3 wk ahead,2016/2017,9,2.1,0.12934
ReichLab_kcde_backfill_post_hoc,HHS Region 9,3 wk ahead,2016/2017,10,2.1,0.13552
ReichLab_kcde_backfill_post_hoc,HHS Region 9,3 wk ahead,2016/2017,11,1.9,0.16174
ReichLab_kcde_backfill_post_hoc,HHS Region 9,3 wk ahead,2016/2017,12,1.7,0.10854
ReichLab_kcde_backfill_post_hoc,HHS Region 9,3 wk ahead,2016/2017,13,1.7,0.15902
ReichLab_kcde_backfill_post_hoc,HHS Region 9,3 wk ahead,2016/2017,14,1.8,0.2874
ReichLab_kcde_backfill_post_hoc,HHS Region 9,3 wk ahead,2016/2017,15,1.7,0.33784
ReichLab_kcde_backfill_post_hoc,HHS Region 9,3 wk ahead,2016/2017,16,1.6,0.32502
ReichLab_kcde_backfill_post_hoc,HHS Region 9,3 wk ahead,2016/2017,17,1.6,0.63912
ReichLab_kcde_backfill_post_hoc,HHS Region 9,3 wk ahead,2016/2017,18,1.5,0.4626
ReichLab_kcde_backfill_post_hoc,HHS Region 10,3 wk ahead,2016/2017,43,0.6,0.01152
ReichLab_kcde_backfill_post_hoc,HHS Region 10,3 wk ahead,2016/2017,44,0.8,0.05348
ReichLab_kcde_backfill_post_hoc,HHS Region 10,3 wk ahead,2016/2017,45,0.8,0.0326
ReichLab_kcde_backfill_post_hoc,HHS Region 10,3 wk ahead,2016/2017,46,0.7,0.00904
ReichLab_kcde_backfill_post_hoc,HHS Region 10,3 wk ahead,2016/2017,47,1.5,0.25708
ReichLab_kcde_backfill_post_hoc,HHS Region 10,3 wk ahead,2016/2017,48,2.1,0.51488
ReichLab_kcde_backfill_post_hoc,HHS Region 10,3 wk ahead,2016/2017,49,3.7,0.86818
ReichLab_kcde_backfill_post_hoc,HHS Region 10,3 wk ahead,2016/2017,50,3,0.58378
ReichLab_kcde_backfill_post_hoc,HHS Region 10,3 wk ahead,2016/2017,51,2.2,0.31008
ReichLab_kcde_backfill_post_hoc,HHS Region 10,3 wk ahead,2016/2017,52,3.3,0.4863
ReichLab_kcde_backfill_post_hoc,HHS Region 10,3 wk ahead,2016/2017,1,2.5,0.40048
ReichLab_kcde_backfill_post_hoc,HHS Region 10,3 wk ahead,2016/2017,2,2.3,0.34206
ReichLab_kcde_backfill_post_hoc,HHS Region 10,3 wk ahead,2016/2017,3,2,0.2733
ReichLab_kcde_backfill_post_hoc,HHS Region 10,3 wk ahead,2016/2017,4,1.8,0.18634
ReichLab_kcde_backfill_post_hoc,HHS Region 10,3 wk ahead,2016/2017,5,1.5,0.0639
ReichLab_kcde_backfill_post_hoc,HHS Region 10,3 wk ahead,2016/2017,6,1.5,0.05058
ReichLab_kcde_backfill_post_hoc,HHS Region 10,3 wk ahead,2016/2017,7,1,0.01684
ReichLab_kcde_backfill_post_hoc,HHS Region 10,3 wk ahead,2016/2017,8,1.3,0.04654
ReichLab_kcde_backfill_post_hoc,HHS Region 10,3 wk ahead,2016/2017,9,0.9,0.03768
ReichLab_kcde_backfill_post_hoc,HHS Region 10,3 wk ahead,2016/2017,10,0.9,0.05628
ReichLab_kcde_backfill_post_hoc,HHS Region 10,3 wk ahead,2016/2017,11,0.8,0.0763
ReichLab_kcde_backfill_post_hoc,HHS Region 10,3 wk ahead,2016/2017,12,0.7,0.08858
ReichLab_kcde_backfill_post_hoc,HHS Region 10,3 wk ahead,2016/2017,13,0.6,0.0943
ReichLab_kcde_backfill_post_hoc,HHS Region 10,3 wk ahead,2016/2017,14,0.5,0.0345
ReichLab_kcde_backfill_post_hoc,HHS Region 10,3 wk ahead,2016/2017,15,0.7,0.08976
ReichLab_kcde_backfill_post_hoc,HHS Region 10,3 wk ahead,2016/2017,16,0.5,0.03474
ReichLab_kcde_backfill_post_hoc,HHS Region 10,3 wk ahead,2016/2017,17,0.6,0.11678
ReichLab_kcde_backfill_post_hoc,HHS Region 10,3 wk ahead,2016/2017,18,0.3,0.04264
