model_name,location,target,season,calendar_week,valid.bin_lag,cdf
CU_EAKFC_SEIRS,US National,3 wk ahead,2017/2018,43,2,0.51061
CU_EAKFC_SEIRS,US National,3 wk ahead,2017/2018,44,2.2,0.102574
CU_EAKFC_SEIRS,US National,3 wk ahead,2017/2018,45,2.2,0.141343
CU_EAKFC_SEIRS,US National,3 wk ahead,2017/2018,46,2.5,0.10998
CU_EAKFC_SEIRS,US National,3 wk ahead,2017/2018,47,3.3,0.675386
CU_EAKFC_SEIRS,US National,3 wk ahead,2017/2018,48,4.6,0.814156
CU_EAKFC_SEIRS,US National,3 wk ahead,2017/2018,49,5.6,0.876011
CU_EAKFC_SEIRS,US National,3 wk ahead,2017/2018,50,5.7,0.601376
CU_EAKFC_SEIRS,US National,3 wk ahead,2017/2018,51,5.8,0.243206
CU_EAKFC_SEIRS,US National,3 wk ahead,2017/2018,52,6.4,0.64664
CU_EAKFC_SEIRS,US National,3 wk ahead,2017/2018,1,7.1,0.92931
CU_EAKFC_SEIRS,US National,3 wk ahead,2017/2018,2,7.4,0.974091
CU_EAKFC_SEIRS,US National,3 wk ahead,2017/2018,3,7.3,0.997356
CU_EAKFC_SEIRS,US National,3 wk ahead,2017/2018,4,6.4,0.536028
CU_EAKFC_SEIRS,US National,3 wk ahead,2017/2018,5,4.9,0.155862
CU_EAKFC_SEIRS,US National,3 wk ahead,2017/2018,6,3.6,0.1646
CU_EAKFC_SEIRS,US National,3 wk ahead,2017/2018,7,3.1,0.294762
CU_EAKFC_SEIRS,US National,3 wk ahead,2017/2018,8,2.7,0.353398
CU_EAKFC_SEIRS,US National,3 wk ahead,2017/2018,9,2.4,0.708204
CU_EAKFC_SEIRS,US National,3 wk ahead,2017/2018,10,2.3,0.582079
CU_EAKFC_SEIRS,US National,3 wk ahead,2017/2018,11,2,0.744747
CU_EAKFC_SEIRS,US National,3 wk ahead,2017/2018,12,1.7,0.454107
CU_EAKFC_SEIRS,US National,3 wk ahead,2017/2018,13,1.5,0.078671
CU_EAKFC_SEIRS,US National,3 wk ahead,2017/2018,14,1.4,0.143368
CU_EAKFC_SEIRS,US National,3 wk ahead,2017/2018,15,1.4,0.233299
CU_EAKFC_SEIRS,US National,3 wk ahead,2017/2018,16,1.2,0.014661
CU_EAKFC_SEIRS,US National,3 wk ahead,2017/2018,17,1.1,0.00534
CU_EAKFC_SEIRS,US National,3 wk ahead,2017/2018,18,1.1,0.014001
CU_EAKFC_SEIRS,HHS Region 1,3 wk ahead,2017/2018,43,1.1,0.08266
CU_EAKFC_SEIRS,HHS Region 1,3 wk ahead,2017/2018,44,1.5,0.356058
CU_EAKFC_SEIRS,HHS Region 1,3 wk ahead,2017/2018,45,1.4,0.071311
CU_EAKFC_SEIRS,HHS Region 1,3 wk ahead,2017/2018,46,1.6,0.059211
CU_EAKFC_SEIRS,HHS Region 1,3 wk ahead,2017/2018,47,1.7,0.12864
CU_EAKFC_SEIRS,HHS Region 1,3 wk ahead,2017/2018,48,2.2,0.564669
CU_EAKFC_SEIRS,HHS Region 1,3 wk ahead,2017/2018,49,2.7,0.49263
CU_EAKFC_SEIRS,HHS Region 1,3 wk ahead,2017/2018,50,2.8,0.271339
CU_EAKFC_SEIRS,HHS Region 1,3 wk ahead,2017/2018,51,2.8,0.561354
CU_EAKFC_SEIRS,HHS Region 1,3 wk ahead,2017/2018,52,3.6,0.405306
CU_EAKFC_SEIRS,HHS Region 1,3 wk ahead,2017/2018,1,4.2,0.766856
CU_EAKFC_SEIRS,HHS Region 1,3 wk ahead,2017/2018,2,5.1,0.996696
CU_EAKFC_SEIRS,HHS Region 1,3 wk ahead,2017/2018,3,5.7,0.987407
CU_EAKFC_SEIRS,HHS Region 1,3 wk ahead,2017/2018,4,5.2,0.751417
CU_EAKFC_SEIRS,HHS Region 1,3 wk ahead,2017/2018,5,4.3,0.247964
CU_EAKFC_SEIRS,HHS Region 1,3 wk ahead,2017/2018,6,3.3,0.112545
CU_EAKFC_SEIRS,HHS Region 1,3 wk ahead,2017/2018,7,2.5,0.232695
CU_EAKFC_SEIRS,HHS Region 1,3 wk ahead,2017/2018,8,2.3,0.416072
CU_EAKFC_SEIRS,HHS Region 1,3 wk ahead,2017/2018,9,2,0.388753
CU_EAKFC_SEIRS,HHS Region 1,3 wk ahead,2017/2018,10,2.1,0.702186
CU_EAKFC_SEIRS,HHS Region 1,3 wk ahead,2017/2018,11,1.9,0.861435
CU_EAKFC_SEIRS,HHS Region 1,3 wk ahead,2017/2018,12,1.8,0.625937
CU_EAKFC_SEIRS,HHS Region 1,3 wk ahead,2017/2018,13,1.6,0.654665
CU_EAKFC_SEIRS,HHS Region 1,3 wk ahead,2017/2018,14,1.4,0.51005
CU_EAKFC_SEIRS,HHS Region 1,3 wk ahead,2017/2018,15,1.2,0.39253
CU_EAKFC_SEIRS,HHS Region 1,3 wk ahead,2017/2018,16,0.9,0.242505
CU_EAKFC_SEIRS,HHS Region 1,3 wk ahead,2017/2018,17,0.8,0.281965
CU_EAKFC_SEIRS,HHS Region 1,3 wk ahead,2017/2018,18,0.7,0.168686
CU_EAKFC_SEIRS,HHS Region 2,3 wk ahead,2017/2018,43,2.7,0.528065
CU_EAKFC_SEIRS,HHS Region 2,3 wk ahead,2017/2018,44,2.7,0.68278
CU_EAKFC_SEIRS,HHS Region 2,3 wk ahead,2017/2018,45,2.9,0.615523
CU_EAKFC_SEIRS,HHS Region 2,3 wk ahead,2017/2018,46,3.1,0.175293
CU_EAKFC_SEIRS,HHS Region 2,3 wk ahead,2017/2018,47,3.5,0.31937
CU_EAKFC_SEIRS,HHS Region 2,3 wk ahead,2017/2018,48,4.2,0.533395
CU_EAKFC_SEIRS,HHS Region 2,3 wk ahead,2017/2018,49,4.4,0.5314
CU_EAKFC_SEIRS,HHS Region 2,3 wk ahead,2017/2018,50,4.8,0.321282
CU_EAKFC_SEIRS,HHS Region 2,3 wk ahead,2017/2018,51,5.8,0.405881
CU_EAKFC_SEIRS,HHS Region 2,3 wk ahead,2017/2018,52,6.7,0.946785
CU_EAKFC_SEIRS,HHS Region 2,3 wk ahead,2017/2018,1,8.3,0.992699
CU_EAKFC_SEIRS,HHS Region 2,3 wk ahead,2017/2018,2,9.7,0.999993
CU_EAKFC_SEIRS,HHS Region 2,3 wk ahead,2017/2018,3,10.3,0.999996
CU_EAKFC_SEIRS,HHS Region 2,3 wk ahead,2017/2018,4,10.1,0.800048
CU_EAKFC_SEIRS,HHS Region 2,3 wk ahead,2017/2018,5,7.3,0.4646
CU_EAKFC_SEIRS,HHS Region 2,3 wk ahead,2017/2018,6,4.9,0.170528
CU_EAKFC_SEIRS,HHS Region 2,3 wk ahead,2017/2018,7,4.5,0.04458
CU_EAKFC_SEIRS,HHS Region 2,3 wk ahead,2017/2018,8,3.6,0.24601
CU_EAKFC_SEIRS,HHS Region 2,3 wk ahead,2017/2018,9,3.1,0.628412
CU_EAKFC_SEIRS,HHS Region 2,3 wk ahead,2017/2018,10,3.1,0.654176
CU_EAKFC_SEIRS,HHS Region 2,3 wk ahead,2017/2018,11,2.8,0.900894
CU_EAKFC_SEIRS,HHS Region 2,3 wk ahead,2017/2018,12,2.5,0.601396
CU_EAKFC_SEIRS,HHS Region 2,3 wk ahead,2017/2018,13,2.2,0.503412
CU_EAKFC_SEIRS,HHS Region 2,3 wk ahead,2017/2018,14,2.1,0.387401
CU_EAKFC_SEIRS,HHS Region 2,3 wk ahead,2017/2018,15,2.9,0.98078
CU_EAKFC_SEIRS,HHS Region 2,3 wk ahead,2017/2018,16,1.9,0.629347
CU_EAKFC_SEIRS,HHS Region 2,3 wk ahead,2017/2018,17,1.9,0.400016
CU_EAKFC_SEIRS,HHS Region 2,3 wk ahead,2017/2018,18,2,0.138699
CU_EAKFC_SEIRS,HHS Region 3,3 wk ahead,2017/2018,43,1.5,0.929444
CU_EAKFC_SEIRS,HHS Region 3,3 wk ahead,2017/2018,44,1.5,0.804787
CU_EAKFC_SEIRS,HHS Region 3,3 wk ahead,2017/2018,45,1.5,0.600051
CU_EAKFC_SEIRS,HHS Region 3,3 wk ahead,2017/2018,46,1.5,0.17607
CU_EAKFC_SEIRS,HHS Region 3,3 wk ahead,2017/2018,47,1.7,0.08133
CU_EAKFC_SEIRS,HHS Region 3,3 wk ahead,2017/2018,48,2.2,0.125994
CU_EAKFC_SEIRS,HHS Region 3,3 wk ahead,2017/2018,49,3.4,0.736804
CU_EAKFC_SEIRS,HHS Region 3,3 wk ahead,2017/2018,50,3.3,0.410662
CU_EAKFC_SEIRS,HHS Region 3,3 wk ahead,2017/2018,51,3.6,0.223348
CU_EAKFC_SEIRS,HHS Region 3,3 wk ahead,2017/2018,52,4.7,0.125246
CU_EAKFC_SEIRS,HHS Region 3,3 wk ahead,2017/2018,1,5.9,0.969397
CU_EAKFC_SEIRS,HHS Region 3,3 wk ahead,2017/2018,2,7,0.987573
CU_EAKFC_SEIRS,HHS Region 3,3 wk ahead,2017/2018,3,7.4,0.925461
CU_EAKFC_SEIRS,HHS Region 3,3 wk ahead,2017/2018,4,7.2,0.307773
CU_EAKFC_SEIRS,HHS Region 3,3 wk ahead,2017/2018,5,5.4,0.155112
CU_EAKFC_SEIRS,HHS Region 3,3 wk ahead,2017/2018,6,3.7,0.039224
CU_EAKFC_SEIRS,HHS Region 3,3 wk ahead,2017/2018,7,2.8,0.018623
CU_EAKFC_SEIRS,HHS Region 3,3 wk ahead,2017/2018,8,2.6,0.303356
CU_EAKFC_SEIRS,HHS Region 3,3 wk ahead,2017/2018,9,2.4,0.545848
CU_EAKFC_SEIRS,HHS Region 3,3 wk ahead,2017/2018,10,2.4,0.792535
CU_EAKFC_SEIRS,HHS Region 3,3 wk ahead,2017/2018,11,1.9,0.816762
CU_EAKFC_SEIRS,HHS Region 3,3 wk ahead,2017/2018,12,1.6,0.075297
CU_EAKFC_SEIRS,HHS Region 3,3 wk ahead,2017/2018,13,1.4,0.147337
CU_EAKFC_SEIRS,HHS Region 3,3 wk ahead,2017/2018,14,1.2,0.182656
CU_EAKFC_SEIRS,HHS Region 3,3 wk ahead,2017/2018,15,1.2,0.275873
CU_EAKFC_SEIRS,HHS Region 3,3 wk ahead,2017/2018,16,0.8,0.017322
CU_EAKFC_SEIRS,HHS Region 3,3 wk ahead,2017/2018,17,0.8,0.029361
CU_EAKFC_SEIRS,HHS Region 3,3 wk ahead,2017/2018,18,0.8,0.04332
CU_EAKFC_SEIRS,HHS Region 4,3 wk ahead,2017/2018,43,2.1,0.872119
CU_EAKFC_SEIRS,HHS Region 4,3 wk ahead,2017/2018,44,2.4,0.668834
CU_EAKFC_SEIRS,HHS Region 4,3 wk ahead,2017/2018,45,2.1,0.365432
CU_EAKFC_SEIRS,HHS Region 4,3 wk ahead,2017/2018,46,2.4,0.188672
CU_EAKFC_SEIRS,HHS Region 4,3 wk ahead,2017/2018,47,3,0.865582
CU_EAKFC_SEIRS,HHS Region 4,3 wk ahead,2017/2018,48,4.5,0.964778
CU_EAKFC_SEIRS,HHS Region 4,3 wk ahead,2017/2018,49,5.2,0.822065
CU_EAKFC_SEIRS,HHS Region 4,3 wk ahead,2017/2018,50,5.3,0.648688
CU_EAKFC_SEIRS,HHS Region 4,3 wk ahead,2017/2018,51,6.6,0.217136
CU_EAKFC_SEIRS,HHS Region 4,3 wk ahead,2017/2018,52,8.3,0.971451
CU_EAKFC_SEIRS,HHS Region 4,3 wk ahead,2017/2018,1,9.1,0.993376
CU_EAKFC_SEIRS,HHS Region 4,3 wk ahead,2017/2018,2,9.2,0.996693
CU_EAKFC_SEIRS,HHS Region 4,3 wk ahead,2017/2018,3,8.9,0.997357
CU_EAKFC_SEIRS,HHS Region 4,3 wk ahead,2017/2018,4,6.9,0.274972
CU_EAKFC_SEIRS,HHS Region 4,3 wk ahead,2017/2018,5,4.7,0.088535
CU_EAKFC_SEIRS,HHS Region 4,3 wk ahead,2017/2018,6,3,0.017943
CU_EAKFC_SEIRS,HHS Region 4,3 wk ahead,2017/2018,7,2.6,0.00596
CU_EAKFC_SEIRS,HHS Region 4,3 wk ahead,2017/2018,8,2.3,0.262609
CU_EAKFC_SEIRS,HHS Region 4,3 wk ahead,2017/2018,9,1.9,0.437461
CU_EAKFC_SEIRS,HHS Region 4,3 wk ahead,2017/2018,10,2,0.768035
CU_EAKFC_SEIRS,HHS Region 4,3 wk ahead,2017/2018,11,1.7,0.2567
CU_EAKFC_SEIRS,HHS Region 4,3 wk ahead,2017/2018,12,1.4,0.034466
CU_EAKFC_SEIRS,HHS Region 4,3 wk ahead,2017/2018,13,1.2,0.00464
CU_EAKFC_SEIRS,HHS Region 4,3 wk ahead,2017/2018,14,1.1,0.00334
CU_EAKFC_SEIRS,HHS Region 4,3 wk ahead,2017/2018,15,1.1,0.061981
CU_EAKFC_SEIRS,HHS Region 4,3 wk ahead,2017/2018,16,0.9,0
CU_EAKFC_SEIRS,HHS Region 4,3 wk ahead,2017/2018,17,0.9,0
CU_EAKFC_SEIRS,HHS Region 4,3 wk ahead,2017/2018,18,0.9,0
CU_EAKFC_SEIRS,HHS Region 5,3 wk ahead,2017/2018,43,1.1,0.108655
CU_EAKFC_SEIRS,HHS Region 5,3 wk ahead,2017/2018,44,1.4,0.16537
CU_EAKFC_SEIRS,HHS Region 5,3 wk ahead,2017/2018,45,1.5,0.199255
CU_EAKFC_SEIRS,HHS Region 5,3 wk ahead,2017/2018,46,1.8,0.818099
CU_EAKFC_SEIRS,HHS Region 5,3 wk ahead,2017/2018,47,2.1,0.655391
CU_EAKFC_SEIRS,HHS Region 5,3 wk ahead,2017/2018,48,3.1,0.842154
CU_EAKFC_SEIRS,HHS Region 5,3 wk ahead,2017/2018,49,4.7,0.982776
CU_EAKFC_SEIRS,HHS Region 5,3 wk ahead,2017/2018,50,4.3,0.693348
CU_EAKFC_SEIRS,HHS Region 5,3 wk ahead,2017/2018,51,4.6,0.205322
CU_EAKFC_SEIRS,HHS Region 5,3 wk ahead,2017/2018,52,5,0.234532
CU_EAKFC_SEIRS,HHS Region 5,3 wk ahead,2017/2018,1,5.2,0.976736
CU_EAKFC_SEIRS,HHS Region 5,3 wk ahead,2017/2018,2,5.6,0.749379
CU_EAKFC_SEIRS,HHS Region 5,3 wk ahead,2017/2018,3,5.7,0.796028
CU_EAKFC_SEIRS,HHS Region 5,3 wk ahead,2017/2018,4,4.6,0.275321
CU_EAKFC_SEIRS,HHS Region 5,3 wk ahead,2017/2018,5,3.7,0.03231
CU_EAKFC_SEIRS,HHS Region 5,3 wk ahead,2017/2018,6,2.9,0.035935
CU_EAKFC_SEIRS,HHS Region 5,3 wk ahead,2017/2018,7,2.5,0.300689
CU_EAKFC_SEIRS,HHS Region 5,3 wk ahead,2017/2018,8,2.2,0.362069
CU_EAKFC_SEIRS,HHS Region 5,3 wk ahead,2017/2018,9,2.1,0.565399
CU_EAKFC_SEIRS,HHS Region 5,3 wk ahead,2017/2018,10,2.1,0.834376
CU_EAKFC_SEIRS,HHS Region 5,3 wk ahead,2017/2018,11,1.7,0.794166
CU_EAKFC_SEIRS,HHS Region 5,3 wk ahead,2017/2018,12,1.6,0.59606
CU_EAKFC_SEIRS,HHS Region 5,3 wk ahead,2017/2018,13,1.4,0.34339
CU_EAKFC_SEIRS,HHS Region 5,3 wk ahead,2017/2018,14,1.3,0.476028
CU_EAKFC_SEIRS,HHS Region 5,3 wk ahead,2017/2018,15,1.1,0.181377
CU_EAKFC_SEIRS,HHS Region 5,3 wk ahead,2017/2018,16,0.9,0.10334
CU_EAKFC_SEIRS,HHS Region 5,3 wk ahead,2017/2018,17,0.8,0.034642
CU_EAKFC_SEIRS,HHS Region 5,3 wk ahead,2017/2018,18,0.9,0.606676
CU_EAKFC_SEIRS,HHS Region 6,3 wk ahead,2017/2018,43,3.8,0.780846
CU_EAKFC_SEIRS,HHS Region 6,3 wk ahead,2017/2018,44,4,0.212656
CU_EAKFC_SEIRS,HHS Region 6,3 wk ahead,2017/2018,45,4.5,0.241945
CU_EAKFC_SEIRS,HHS Region 6,3 wk ahead,2017/2018,46,5,0.046502
CU_EAKFC_SEIRS,HHS Region 6,3 wk ahead,2017/2018,47,7.9,0.962093
CU_EAKFC_SEIRS,HHS Region 6,3 wk ahead,2017/2018,48,11.5,0.994694
CU_EAKFC_SEIRS,HHS Region 6,3 wk ahead,2017/2018,49,10.3,0.976078
CU_EAKFC_SEIRS,HHS Region 6,3 wk ahead,2017/2018,50,10.9,0.97947
CU_EAKFC_SEIRS,HHS Region 6,3 wk ahead,2017/2018,51,11.4,0.996694
CU_EAKFC_SEIRS,HHS Region 6,3 wk ahead,2017/2018,52,11.6,0.996015
CU_EAKFC_SEIRS,HHS Region 6,3 wk ahead,2017/2018,1,12.6,0.999998
CU_EAKFC_SEIRS,HHS Region 6,3 wk ahead,2017/2018,2,12.4,0.999997
CU_EAKFC_SEIRS,HHS Region 6,3 wk ahead,2017/2018,3,11.3,1.000001
CU_EAKFC_SEIRS,HHS Region 6,3 wk ahead,2017/2018,4,9.5,0.924808
CU_EAKFC_SEIRS,HHS Region 6,3 wk ahead,2017/2018,5,7.2,0.57411
CU_EAKFC_SEIRS,HHS Region 6,3 wk ahead,2017/2018,6,5.3,0.075198
CU_EAKFC_SEIRS,HHS Region 6,3 wk ahead,2017/2018,7,4.2,0.030512
CU_EAKFC_SEIRS,HHS Region 6,3 wk ahead,2017/2018,8,3.3,0.033253
CU_EAKFC_SEIRS,HHS Region 6,3 wk ahead,2017/2018,9,2.7,0.013982
CU_EAKFC_SEIRS,HHS Region 6,3 wk ahead,2017/2018,10,2.9,0.635933
CU_EAKFC_SEIRS,HHS Region 6,3 wk ahead,2017/2018,11,2.4,0.395412
CU_EAKFC_SEIRS,HHS Region 6,3 wk ahead,2017/2018,12,2,0.096015
CU_EAKFC_SEIRS,HHS Region 6,3 wk ahead,2017/2018,13,2,0.23337
CU_EAKFC_SEIRS,HHS Region 6,3 wk ahead,2017/2018,14,1.9,0.099987
CU_EAKFC_SEIRS,HHS Region 6,3 wk ahead,2017/2018,15,1.9,0.360021
CU_EAKFC_SEIRS,HHS Region 6,3 wk ahead,2017/2018,16,1.8,0.320026
CU_EAKFC_SEIRS,HHS Region 6,3 wk ahead,2017/2018,17,1.5,0
CU_EAKFC_SEIRS,HHS Region 6,3 wk ahead,2017/2018,18,1.6,0
CU_EAKFC_SEIRS,HHS Region 7,3 wk ahead,2017/2018,43,1.3,0.50065
CU_EAKFC_SEIRS,HHS Region 7,3 wk ahead,2017/2018,44,1.6,0.211312
CU_EAKFC_SEIRS,HHS Region 7,3 wk ahead,2017/2018,45,1.4,0.043949
CU_EAKFC_SEIRS,HHS Region 7,3 wk ahead,2017/2018,46,2,0.046609
CU_EAKFC_SEIRS,HHS Region 7,3 wk ahead,2017/2018,47,2.7,0.440038
CU_EAKFC_SEIRS,HHS Region 7,3 wk ahead,2017/2018,48,4.2,0.652743
CU_EAKFC_SEIRS,HHS Region 7,3 wk ahead,2017/2018,49,7.2,0.968155
CU_EAKFC_SEIRS,HHS Region 7,3 wk ahead,2017/2018,50,7.5,0.947427
CU_EAKFC_SEIRS,HHS Region 7,3 wk ahead,2017/2018,51,6.6,0.409314
CU_EAKFC_SEIRS,HHS Region 7,3 wk ahead,2017/2018,52,8.2,0.915166
CU_EAKFC_SEIRS,HHS Region 7,3 wk ahead,2017/2018,1,8.8,0.990736
CU_EAKFC_SEIRS,HHS Region 7,3 wk ahead,2017/2018,2,8.7,0.996037
CU_EAKFC_SEIRS,HHS Region 7,3 wk ahead,2017/2018,3,8.6,0.991393
CU_EAKFC_SEIRS,HHS Region 7,3 wk ahead,2017/2018,4,7.7,0.850901
CU_EAKFC_SEIRS,HHS Region 7,3 wk ahead,2017/2018,5,5.5,0.615161
CU_EAKFC_SEIRS,HHS Region 7,3 wk ahead,2017/2018,6,3.9,0.135938
CU_EAKFC_SEIRS,HHS Region 7,3 wk ahead,2017/2018,7,3.5,0.152245
CU_EAKFC_SEIRS,HHS Region 7,3 wk ahead,2017/2018,8,2.4,0.308094
CU_EAKFC_SEIRS,HHS Region 7,3 wk ahead,2017/2018,9,2.6,0.740992
CU_EAKFC_SEIRS,HHS Region 7,3 wk ahead,2017/2018,10,1.9,0.10081
CU_EAKFC_SEIRS,HHS Region 7,3 wk ahead,2017/2018,11,1.6,0.521384
CU_EAKFC_SEIRS,HHS Region 7,3 wk ahead,2017/2018,12,1.2,0.156048
CU_EAKFC_SEIRS,HHS Region 7,3 wk ahead,2017/2018,13,0.8,0.018681
CU_EAKFC_SEIRS,HHS Region 7,3 wk ahead,2017/2018,14,0.9,0.158337
CU_EAKFC_SEIRS,HHS Region 7,3 wk ahead,2017/2018,15,0.4,0
CU_EAKFC_SEIRS,HHS Region 7,3 wk ahead,2017/2018,16,0.4,0
CU_EAKFC_SEIRS,HHS Region 7,3 wk ahead,2017/2018,17,0.5,0.027341
CU_EAKFC_SEIRS,HHS Region 7,3 wk ahead,2017/2018,18,0.5,0.63202
CU_EAKFC_SEIRS,HHS Region 8,3 wk ahead,2017/2018,43,0.7,0.326693
CU_EAKFC_SEIRS,HHS Region 8,3 wk ahead,2017/2018,44,0.8,0.290662
CU_EAKFC_SEIRS,HHS Region 8,3 wk ahead,2017/2018,45,0.8,0.150695
CU_EAKFC_SEIRS,HHS Region 8,3 wk ahead,2017/2018,46,1,0.323406
CU_EAKFC_SEIRS,HHS Region 8,3 wk ahead,2017/2018,47,1.2,0.16
CU_EAKFC_SEIRS,HHS Region 8,3 wk ahead,2017/2018,48,1.8,0.785403
CU_EAKFC_SEIRS,HHS Region 8,3 wk ahead,2017/2018,49,2.3,0.981337
CU_EAKFC_SEIRS,HHS Region 8,3 wk ahead,2017/2018,50,2.5,0.913436
CU_EAKFC_SEIRS,HHS Region 8,3 wk ahead,2017/2018,51,2.5,0.087296
CU_EAKFC_SEIRS,HHS Region 8,3 wk ahead,2017/2018,52,2.7,0.071215
CU_EAKFC_SEIRS,HHS Region 8,3 wk ahead,2017/2018,1,2.7,0.110678
CU_EAKFC_SEIRS,HHS Region 8,3 wk ahead,2017/2018,2,3.2,0.44063
CU_EAKFC_SEIRS,HHS Region 8,3 wk ahead,2017/2018,3,3.1,0.117297
CU_EAKFC_SEIRS,HHS Region 8,3 wk ahead,2017/2018,4,2.9,0.225968
CU_EAKFC_SEIRS,HHS Region 8,3 wk ahead,2017/2018,5,2.8,0.086551
CU_EAKFC_SEIRS,HHS Region 8,3 wk ahead,2017/2018,6,2.1,0.04523
CU_EAKFC_SEIRS,HHS Region 8,3 wk ahead,2017/2018,7,1.8,0.039059
CU_EAKFC_SEIRS,HHS Region 8,3 wk ahead,2017/2018,8,1.5,0.107998
CU_EAKFC_SEIRS,HHS Region 8,3 wk ahead,2017/2018,9,1.2,0.062703
CU_EAKFC_SEIRS,HHS Region 8,3 wk ahead,2017/2018,10,1,0.030688
CU_EAKFC_SEIRS,HHS Region 8,3 wk ahead,2017/2018,11,1,0.063995
CU_EAKFC_SEIRS,HHS Region 8,3 wk ahead,2017/2018,12,0.7,0.018003
CU_EAKFC_SEIRS,HHS Region 8,3 wk ahead,2017/2018,13,0.6,0.015341
CU_EAKFC_SEIRS,HHS Region 8,3 wk ahead,2017/2018,14,0.7,0.189313
CU_EAKFC_SEIRS,HHS Region 8,3 wk ahead,2017/2018,15,0.5,0.010002
CU_EAKFC_SEIRS,HHS Region 8,3 wk ahead,2017/2018,16,0.4,0
CU_EAKFC_SEIRS,HHS Region 8,3 wk ahead,2017/2018,17,0.4,0
CU_EAKFC_SEIRS,HHS Region 8,3 wk ahead,2017/2018,18,0.4,0
CU_EAKFC_SEIRS,HHS Region 9,3 wk ahead,2017/2018,43,1.9,0.704717
CU_EAKFC_SEIRS,HHS Region 9,3 wk ahead,2017/2018,44,2.1,0.23266
CU_EAKFC_SEIRS,HHS Region 9,3 wk ahead,2017/2018,45,2.1,0.217337
CU_EAKFC_SEIRS,HHS Region 9,3 wk ahead,2017/2018,46,2.5,0.970039
CU_EAKFC_SEIRS,HHS Region 9,3 wk ahead,2017/2018,47,3.5,0.977418
CU_EAKFC_SEIRS,HHS Region 9,3 wk ahead,2017/2018,48,4.7,0.996698
CU_EAKFC_SEIRS,HHS Region 9,3 wk ahead,2017/2018,49,6.9,0.994717
CU_EAKFC_SEIRS,HHS Region 9,3 wk ahead,2017/2018,50,6.4,0.835997
CU_EAKFC_SEIRS,HHS Region 9,3 wk ahead,2017/2018,51,4.7,0.050442
CU_EAKFC_SEIRS,HHS Region 9,3 wk ahead,2017/2018,52,4.1,0.080473
CU_EAKFC_SEIRS,HHS Region 9,3 wk ahead,2017/2018,1,4,0.382085
CU_EAKFC_SEIRS,HHS Region 9,3 wk ahead,2017/2018,2,4.2,0.772823
CU_EAKFC_SEIRS,HHS Region 9,3 wk ahead,2017/2018,3,3.9,0.8941
CU_EAKFC_SEIRS,HHS Region 9,3 wk ahead,2017/2018,4,3.8,0.839441
CU_EAKFC_SEIRS,HHS Region 9,3 wk ahead,2017/2018,5,3.6,0.261306
CU_EAKFC_SEIRS,HHS Region 9,3 wk ahead,2017/2018,6,3.6,0.60003
CU_EAKFC_SEIRS,HHS Region 9,3 wk ahead,2017/2018,7,3.4,0.331608
CU_EAKFC_SEIRS,HHS Region 9,3 wk ahead,2017/2018,8,3.2,0.356001
CU_EAKFC_SEIRS,HHS Region 9,3 wk ahead,2017/2018,9,2.9,0.168316
CU_EAKFC_SEIRS,HHS Region 9,3 wk ahead,2017/2018,10,2.7,0.284698
CU_EAKFC_SEIRS,HHS Region 9,3 wk ahead,2017/2018,11,2.4,0.585435
CU_EAKFC_SEIRS,HHS Region 9,3 wk ahead,2017/2018,12,1.9,0.048651
CU_EAKFC_SEIRS,HHS Region 9,3 wk ahead,2017/2018,13,1.9,0.212604
CU_EAKFC_SEIRS,HHS Region 9,3 wk ahead,2017/2018,14,2,0.774086
CU_EAKFC_SEIRS,HHS Region 9,3 wk ahead,2017/2018,15,1.9,0.84472
CU_EAKFC_SEIRS,HHS Region 9,3 wk ahead,2017/2018,16,1.8,0.694169
CU_EAKFC_SEIRS,HHS Region 9,3 wk ahead,2017/2018,17,1.6,0.045343
CU_EAKFC_SEIRS,HHS Region 9,3 wk ahead,2017/2018,18,1.7,0.901433
CU_EAKFC_SEIRS,HHS Region 10,3 wk ahead,2017/2018,43,0.8,0.558725
CU_EAKFC_SEIRS,HHS Region 10,3 wk ahead,2017/2018,44,1.2,0.532681
CU_EAKFC_SEIRS,HHS Region 10,3 wk ahead,2017/2018,45,1.1,0.421417
CU_EAKFC_SEIRS,HHS Region 10,3 wk ahead,2017/2018,46,1,0.480057
CU_EAKFC_SEIRS,HHS Region 10,3 wk ahead,2017/2018,47,1.2,0.482717
CU_EAKFC_SEIRS,HHS Region 10,3 wk ahead,2017/2018,48,2.1,0.706072
CU_EAKFC_SEIRS,HHS Region 10,3 wk ahead,2017/2018,49,4.2,0.991417
CU_EAKFC_SEIRS,HHS Region 10,3 wk ahead,2017/2018,50,4.7,0.99206
CU_EAKFC_SEIRS,HHS Region 10,3 wk ahead,2017/2018,51,4.1,0.71006
CU_EAKFC_SEIRS,HHS Region 10,3 wk ahead,2017/2018,52,3.8,0.355906
CU_EAKFC_SEIRS,HHS Region 10,3 wk ahead,2017/2018,1,3.9,0.342022
CU_EAKFC_SEIRS,HHS Region 10,3 wk ahead,2017/2018,2,3.6,0.62341
CU_EAKFC_SEIRS,HHS Region 10,3 wk ahead,2017/2018,3,2.9,0.313897
CU_EAKFC_SEIRS,HHS Region 10,3 wk ahead,2017/2018,4,2.6,0.437377
CU_EAKFC_SEIRS,HHS Region 10,3 wk ahead,2017/2018,5,2.7,0.552186
CU_EAKFC_SEIRS,HHS Region 10,3 wk ahead,2017/2018,6,2.3,0.58345
CU_EAKFC_SEIRS,HHS Region 10,3 wk ahead,2017/2018,7,1.9,0.373437
CU_EAKFC_SEIRS,HHS Region 10,3 wk ahead,2017/2018,8,2.4,0.400706
CU_EAKFC_SEIRS,HHS Region 10,3 wk ahead,2017/2018,9,2.1,0.407529
CU_EAKFC_SEIRS,HHS Region 10,3 wk ahead,2017/2018,10,1.8,0.210821
CU_EAKFC_SEIRS,HHS Region 10,3 wk ahead,2017/2018,11,1.6,0.216657
CU_EAKFC_SEIRS,HHS Region 10,3 wk ahead,2017/2018,12,1.1,0.0367
CU_EAKFC_SEIRS,HHS Region 10,3 wk ahead,2017/2018,13,1,0.04268
CU_EAKFC_SEIRS,HHS Region 10,3 wk ahead,2017/2018,14,0.7,0.017303
CU_EAKFC_SEIRS,HHS Region 10,3 wk ahead,2017/2018,15,0.7,0.110678
CU_EAKFC_SEIRS,HHS Region 10,3 wk ahead,2017/2018,16,0.6,0.110011
CU_EAKFC_SEIRS,HHS Region 10,3 wk ahead,2017/2018,17,0.5,0.155321
CU_EAKFC_SEIRS,HHS Region 10,3 wk ahead,2017/2018,18,0.4,0.014661
