model_name,location,target,season,calendar_week,valid.bin_lag,cdf
Delphi_EmpiricalFutures,US National,3 wk ahead,2017/2018,43,2,0.55491228
Delphi_EmpiricalFutures,US National,3 wk ahead,2017/2018,44,2.2,0.501682236
Delphi_EmpiricalFutures,US National,3 wk ahead,2017/2018,45,2.2,0.525633003
Delphi_EmpiricalFutures,US National,3 wk ahead,2017/2018,46,2.5,0.589945697
Delphi_EmpiricalFutures,US National,3 wk ahead,2017/2018,47,3.3,0.657302092
Delphi_EmpiricalFutures,US National,3 wk ahead,2017/2018,48,4.6,0.706285142
Delphi_EmpiricalFutures,US National,3 wk ahead,2017/2018,49,5.6,0.706841635
Delphi_EmpiricalFutures,US National,3 wk ahead,2017/2018,50,5.7,0.806071019
Delphi_EmpiricalFutures,US National,3 wk ahead,2017/2018,51,5.8,0.865273501
Delphi_EmpiricalFutures,US National,3 wk ahead,2017/2018,52,6.4,0.879198185
Delphi_EmpiricalFutures,US National,3 wk ahead,2017/2018,1,7.1,0.894753016
Delphi_EmpiricalFutures,US National,3 wk ahead,2017/2018,2,7.4,0.898864311
Delphi_EmpiricalFutures,US National,3 wk ahead,2017/2018,3,7.3,0.890952451
Delphi_EmpiricalFutures,US National,3 wk ahead,2017/2018,4,6.4,0.844550121
Delphi_EmpiricalFutures,US National,3 wk ahead,2017/2018,5,4.9,0.791922925
Delphi_EmpiricalFutures,US National,3 wk ahead,2017/2018,6,3.6,0.684448238
Delphi_EmpiricalFutures,US National,3 wk ahead,2017/2018,7,3.1,0.578131088
Delphi_EmpiricalFutures,US National,3 wk ahead,2017/2018,8,2.7,0.563608934
Delphi_EmpiricalFutures,US National,3 wk ahead,2017/2018,9,2.4,0.565911426
Delphi_EmpiricalFutures,US National,3 wk ahead,2017/2018,10,2.3,0.683399669
Delphi_EmpiricalFutures,US National,3 wk ahead,2017/2018,11,2,0.689621486
Delphi_EmpiricalFutures,US National,3 wk ahead,2017/2018,12,1.7,0.556044304
Delphi_EmpiricalFutures,US National,3 wk ahead,2017/2018,13,1.5,0.544805845
Delphi_EmpiricalFutures,US National,3 wk ahead,2017/2018,14,1.4,0.551319395
Delphi_EmpiricalFutures,US National,3 wk ahead,2017/2018,15,1.4,0.45783361
Delphi_EmpiricalFutures,US National,3 wk ahead,2017/2018,16,1.2,0.42238602
Delphi_EmpiricalFutures,US National,3 wk ahead,2017/2018,17,1.1,0.409192227
Delphi_EmpiricalFutures,US National,3 wk ahead,2017/2018,18,1.1,0.424665449
Delphi_EmpiricalFutures,HHS Region 1,3 wk ahead,2017/2018,43,1.1,0.42107915
Delphi_EmpiricalFutures,HHS Region 1,3 wk ahead,2017/2018,44,1.5,0.5429258
Delphi_EmpiricalFutures,HHS Region 1,3 wk ahead,2017/2018,45,1.4,0.59421766
Delphi_EmpiricalFutures,HHS Region 1,3 wk ahead,2017/2018,46,1.6,0.60999317
Delphi_EmpiricalFutures,HHS Region 1,3 wk ahead,2017/2018,47,1.7,0.54491275
Delphi_EmpiricalFutures,HHS Region 1,3 wk ahead,2017/2018,48,2.2,0.6040463
Delphi_EmpiricalFutures,HHS Region 1,3 wk ahead,2017/2018,49,2.7,0.59646739
Delphi_EmpiricalFutures,HHS Region 1,3 wk ahead,2017/2018,50,2.8,0.670219
Delphi_EmpiricalFutures,HHS Region 1,3 wk ahead,2017/2018,51,2.8,0.68901071
Delphi_EmpiricalFutures,HHS Region 1,3 wk ahead,2017/2018,52,3.6,0.801246142
Delphi_EmpiricalFutures,HHS Region 1,3 wk ahead,2017/2018,1,4.2,0.811157658
Delphi_EmpiricalFutures,HHS Region 1,3 wk ahead,2017/2018,2,5.1,0.853302471
Delphi_EmpiricalFutures,HHS Region 1,3 wk ahead,2017/2018,3,5.7,0.865682467
Delphi_EmpiricalFutures,HHS Region 1,3 wk ahead,2017/2018,4,5.2,0.84174743
Delphi_EmpiricalFutures,HHS Region 1,3 wk ahead,2017/2018,5,4.3,0.85761218
Delphi_EmpiricalFutures,HHS Region 1,3 wk ahead,2017/2018,6,3.3,0.825632905
Delphi_EmpiricalFutures,HHS Region 1,3 wk ahead,2017/2018,7,2.5,0.735253417
Delphi_EmpiricalFutures,HHS Region 1,3 wk ahead,2017/2018,8,2.3,0.737785771
Delphi_EmpiricalFutures,HHS Region 1,3 wk ahead,2017/2018,9,2,0.72436078
Delphi_EmpiricalFutures,HHS Region 1,3 wk ahead,2017/2018,10,2.1,0.77251438
Delphi_EmpiricalFutures,HHS Region 1,3 wk ahead,2017/2018,11,1.9,0.73441919
Delphi_EmpiricalFutures,HHS Region 1,3 wk ahead,2017/2018,12,1.8,0.65679213
Delphi_EmpiricalFutures,HHS Region 1,3 wk ahead,2017/2018,13,1.6,0.66243104
Delphi_EmpiricalFutures,HHS Region 1,3 wk ahead,2017/2018,14,1.4,0.65390043
Delphi_EmpiricalFutures,HHS Region 1,3 wk ahead,2017/2018,15,1.2,0.60668918
Delphi_EmpiricalFutures,HHS Region 1,3 wk ahead,2017/2018,16,0.9,0.52577119
Delphi_EmpiricalFutures,HHS Region 1,3 wk ahead,2017/2018,17,0.8,0.51003857
Delphi_EmpiricalFutures,HHS Region 1,3 wk ahead,2017/2018,18,0.7,0.59024571
Delphi_EmpiricalFutures,HHS Region 2,3 wk ahead,2017/2018,43,2.7,0.704046262
Delphi_EmpiricalFutures,HHS Region 2,3 wk ahead,2017/2018,44,2.7,0.632440753
Delphi_EmpiricalFutures,HHS Region 2,3 wk ahead,2017/2018,45,2.9,0.684275757
Delphi_EmpiricalFutures,HHS Region 2,3 wk ahead,2017/2018,46,3.1,0.717488342
Delphi_EmpiricalFutures,HHS Region 2,3 wk ahead,2017/2018,47,3.5,0.705525996
Delphi_EmpiricalFutures,HHS Region 2,3 wk ahead,2017/2018,48,4.2,0.647805748
Delphi_EmpiricalFutures,HHS Region 2,3 wk ahead,2017/2018,49,4.4,0.562396455
Delphi_EmpiricalFutures,HHS Region 2,3 wk ahead,2017/2018,50,4.8,0.741069303
Delphi_EmpiricalFutures,HHS Region 2,3 wk ahead,2017/2018,51,5.8,0.832273131
Delphi_EmpiricalFutures,HHS Region 2,3 wk ahead,2017/2018,52,6.7,0.853429482
Delphi_EmpiricalFutures,HHS Region 2,3 wk ahead,2017/2018,1,8.3,0.910809435
Delphi_EmpiricalFutures,HHS Region 2,3 wk ahead,2017/2018,2,9.7,0.939701075
Delphi_EmpiricalFutures,HHS Region 2,3 wk ahead,2017/2018,3,10.3,0.950956777
Delphi_EmpiricalFutures,HHS Region 2,3 wk ahead,2017/2018,4,10.1,0.947638591
Delphi_EmpiricalFutures,HHS Region 2,3 wk ahead,2017/2018,5,7.3,0.921866284
Delphi_EmpiricalFutures,HHS Region 2,3 wk ahead,2017/2018,6,4.9,0.870774667
Delphi_EmpiricalFutures,HHS Region 2,3 wk ahead,2017/2018,7,4.5,0.860301751
Delphi_EmpiricalFutures,HHS Region 2,3 wk ahead,2017/2018,8,3.6,0.721966617
Delphi_EmpiricalFutures,HHS Region 2,3 wk ahead,2017/2018,9,3.1,0.682710792
Delphi_EmpiricalFutures,HHS Region 2,3 wk ahead,2017/2018,10,3.1,0.715464149
Delphi_EmpiricalFutures,HHS Region 2,3 wk ahead,2017/2018,11,2.8,0.685146973
Delphi_EmpiricalFutures,HHS Region 2,3 wk ahead,2017/2018,12,2.5,0.613224898
Delphi_EmpiricalFutures,HHS Region 2,3 wk ahead,2017/2018,13,2.2,0.637270588
Delphi_EmpiricalFutures,HHS Region 2,3 wk ahead,2017/2018,14,2.1,0.6572934
Delphi_EmpiricalFutures,HHS Region 2,3 wk ahead,2017/2018,15,2.9,0.75528387
Delphi_EmpiricalFutures,HHS Region 2,3 wk ahead,2017/2018,16,1.9,0.602088859
Delphi_EmpiricalFutures,HHS Region 2,3 wk ahead,2017/2018,17,1.9,0.55826431
Delphi_EmpiricalFutures,HHS Region 2,3 wk ahead,2017/2018,18,2,0.56925062
Delphi_EmpiricalFutures,HHS Region 3,3 wk ahead,2017/2018,43,1.5,0.333644316
Delphi_EmpiricalFutures,HHS Region 3,3 wk ahead,2017/2018,44,1.5,0.264293494
Delphi_EmpiricalFutures,HHS Region 3,3 wk ahead,2017/2018,45,1.5,0.279351923
Delphi_EmpiricalFutures,HHS Region 3,3 wk ahead,2017/2018,46,1.5,0.247876327
Delphi_EmpiricalFutures,HHS Region 3,3 wk ahead,2017/2018,47,1.7,0.263910808
Delphi_EmpiricalFutures,HHS Region 3,3 wk ahead,2017/2018,48,2.2,0.306709904
Delphi_EmpiricalFutures,HHS Region 3,3 wk ahead,2017/2018,49,3.4,0.409473084
Delphi_EmpiricalFutures,HHS Region 3,3 wk ahead,2017/2018,50,3.3,0.449409824
Delphi_EmpiricalFutures,HHS Region 3,3 wk ahead,2017/2018,51,3.6,0.575800797
Delphi_EmpiricalFutures,HHS Region 3,3 wk ahead,2017/2018,52,4.7,0.768082445
Delphi_EmpiricalFutures,HHS Region 3,3 wk ahead,2017/2018,1,5.9,0.846461765
Delphi_EmpiricalFutures,HHS Region 3,3 wk ahead,2017/2018,2,7,0.876670134
Delphi_EmpiricalFutures,HHS Region 3,3 wk ahead,2017/2018,3,7.4,0.888540274
Delphi_EmpiricalFutures,HHS Region 3,3 wk ahead,2017/2018,4,7.2,0.838333393
Delphi_EmpiricalFutures,HHS Region 3,3 wk ahead,2017/2018,5,5.4,0.796180279
Delphi_EmpiricalFutures,HHS Region 3,3 wk ahead,2017/2018,6,3.7,0.639488448
Delphi_EmpiricalFutures,HHS Region 3,3 wk ahead,2017/2018,7,2.8,0.427216175
Delphi_EmpiricalFutures,HHS Region 3,3 wk ahead,2017/2018,8,2.6,0.4551248
Delphi_EmpiricalFutures,HHS Region 3,3 wk ahead,2017/2018,9,2.4,0.464351451
Delphi_EmpiricalFutures,HHS Region 3,3 wk ahead,2017/2018,10,2.4,0.536427176
Delphi_EmpiricalFutures,HHS Region 3,3 wk ahead,2017/2018,11,1.9,0.486206848
Delphi_EmpiricalFutures,HHS Region 3,3 wk ahead,2017/2018,12,1.6,0.396721552
Delphi_EmpiricalFutures,HHS Region 3,3 wk ahead,2017/2018,13,1.4,0.382231532
Delphi_EmpiricalFutures,HHS Region 3,3 wk ahead,2017/2018,14,1.2,0.378438825
Delphi_EmpiricalFutures,HHS Region 3,3 wk ahead,2017/2018,15,1.2,0.353378919
Delphi_EmpiricalFutures,HHS Region 3,3 wk ahead,2017/2018,16,0.8,0.173934631
Delphi_EmpiricalFutures,HHS Region 3,3 wk ahead,2017/2018,17,0.8,0.153057351
Delphi_EmpiricalFutures,HHS Region 3,3 wk ahead,2017/2018,18,0.8,0.200228354
Delphi_EmpiricalFutures,HHS Region 4,3 wk ahead,2017/2018,43,2.1,0.613585663
Delphi_EmpiricalFutures,HHS Region 4,3 wk ahead,2017/2018,44,2.4,0.619238572
Delphi_EmpiricalFutures,HHS Region 4,3 wk ahead,2017/2018,45,2.1,0.483487952
Delphi_EmpiricalFutures,HHS Region 4,3 wk ahead,2017/2018,46,2.4,0.489700692
Delphi_EmpiricalFutures,HHS Region 4,3 wk ahead,2017/2018,47,3,0.504155708
Delphi_EmpiricalFutures,HHS Region 4,3 wk ahead,2017/2018,48,4.5,0.619156837
Delphi_EmpiricalFutures,HHS Region 4,3 wk ahead,2017/2018,49,5.2,0.642451636
Delphi_EmpiricalFutures,HHS Region 4,3 wk ahead,2017/2018,50,5.3,0.778548537
Delphi_EmpiricalFutures,HHS Region 4,3 wk ahead,2017/2018,51,6.6,0.884153217
Delphi_EmpiricalFutures,HHS Region 4,3 wk ahead,2017/2018,52,8.3,0.915702562
Delphi_EmpiricalFutures,HHS Region 4,3 wk ahead,2017/2018,1,9.1,0.930717009
Delphi_EmpiricalFutures,HHS Region 4,3 wk ahead,2017/2018,2,9.2,0.931622474
Delphi_EmpiricalFutures,HHS Region 4,3 wk ahead,2017/2018,3,8.9,0.92424012
Delphi_EmpiricalFutures,HHS Region 4,3 wk ahead,2017/2018,4,6.9,0.862402245
Delphi_EmpiricalFutures,HHS Region 4,3 wk ahead,2017/2018,5,4.7,0.744185286
Delphi_EmpiricalFutures,HHS Region 4,3 wk ahead,2017/2018,6,3,0.534707486
Delphi_EmpiricalFutures,HHS Region 4,3 wk ahead,2017/2018,7,2.6,0.460831463
Delphi_EmpiricalFutures,HHS Region 4,3 wk ahead,2017/2018,8,2.3,0.50612763
Delphi_EmpiricalFutures,HHS Region 4,3 wk ahead,2017/2018,9,1.9,0.493089098
Delphi_EmpiricalFutures,HHS Region 4,3 wk ahead,2017/2018,10,2,0.623926052
Delphi_EmpiricalFutures,HHS Region 4,3 wk ahead,2017/2018,11,1.7,0.648492539
Delphi_EmpiricalFutures,HHS Region 4,3 wk ahead,2017/2018,12,1.4,0.51617329
Delphi_EmpiricalFutures,HHS Region 4,3 wk ahead,2017/2018,13,1.2,0.48313685
Delphi_EmpiricalFutures,HHS Region 4,3 wk ahead,2017/2018,14,1.1,0.4703297
Delphi_EmpiricalFutures,HHS Region 4,3 wk ahead,2017/2018,15,1.1,0.44872132
Delphi_EmpiricalFutures,HHS Region 4,3 wk ahead,2017/2018,16,0.9,0.36408562
Delphi_EmpiricalFutures,HHS Region 4,3 wk ahead,2017/2018,17,0.9,0.41114019
Delphi_EmpiricalFutures,HHS Region 4,3 wk ahead,2017/2018,18,0.9,0.44428353
Delphi_EmpiricalFutures,HHS Region 5,3 wk ahead,2017/2018,43,1.1,0.33490936
Delphi_EmpiricalFutures,HHS Region 5,3 wk ahead,2017/2018,44,1.4,0.396534677
Delphi_EmpiricalFutures,HHS Region 5,3 wk ahead,2017/2018,45,1.5,0.4181304
Delphi_EmpiricalFutures,HHS Region 5,3 wk ahead,2017/2018,46,1.8,0.486967996
Delphi_EmpiricalFutures,HHS Region 5,3 wk ahead,2017/2018,47,2.1,0.46904269
Delphi_EmpiricalFutures,HHS Region 5,3 wk ahead,2017/2018,48,3.1,0.55474354
Delphi_EmpiricalFutures,HHS Region 5,3 wk ahead,2017/2018,49,4.7,0.627085795
Delphi_EmpiricalFutures,HHS Region 5,3 wk ahead,2017/2018,50,4.3,0.684318666
Delphi_EmpiricalFutures,HHS Region 5,3 wk ahead,2017/2018,51,4.6,0.83583436
Delphi_EmpiricalFutures,HHS Region 5,3 wk ahead,2017/2018,52,5,0.855267921
Delphi_EmpiricalFutures,HHS Region 5,3 wk ahead,2017/2018,1,5.2,0.858710086
Delphi_EmpiricalFutures,HHS Region 5,3 wk ahead,2017/2018,2,5.6,0.833268241
Delphi_EmpiricalFutures,HHS Region 5,3 wk ahead,2017/2018,3,5.7,0.80579474
Delphi_EmpiricalFutures,HHS Region 5,3 wk ahead,2017/2018,4,4.6,0.689056279
Delphi_EmpiricalFutures,HHS Region 5,3 wk ahead,2017/2018,5,3.7,0.644365464
Delphi_EmpiricalFutures,HHS Region 5,3 wk ahead,2017/2018,6,2.9,0.535243905
Delphi_EmpiricalFutures,HHS Region 5,3 wk ahead,2017/2018,7,2.5,0.446611464
Delphi_EmpiricalFutures,HHS Region 5,3 wk ahead,2017/2018,8,2.2,0.398927132
Delphi_EmpiricalFutures,HHS Region 5,3 wk ahead,2017/2018,9,2.1,0.482533792
Delphi_EmpiricalFutures,HHS Region 5,3 wk ahead,2017/2018,10,2.1,0.625389144
Delphi_EmpiricalFutures,HHS Region 5,3 wk ahead,2017/2018,11,1.7,0.644984784
Delphi_EmpiricalFutures,HHS Region 5,3 wk ahead,2017/2018,12,1.6,0.655849084
Delphi_EmpiricalFutures,HHS Region 5,3 wk ahead,2017/2018,13,1.4,0.639496676
Delphi_EmpiricalFutures,HHS Region 5,3 wk ahead,2017/2018,14,1.3,0.659583832
Delphi_EmpiricalFutures,HHS Region 5,3 wk ahead,2017/2018,15,1.1,0.50181019
Delphi_EmpiricalFutures,HHS Region 5,3 wk ahead,2017/2018,16,0.9,0.4094286
Delphi_EmpiricalFutures,HHS Region 5,3 wk ahead,2017/2018,17,0.8,0.39521039
Delphi_EmpiricalFutures,HHS Region 5,3 wk ahead,2017/2018,18,0.9,0.49434164
Delphi_EmpiricalFutures,HHS Region 6,3 wk ahead,2017/2018,43,3.8,0.58007963
Delphi_EmpiricalFutures,HHS Region 6,3 wk ahead,2017/2018,44,4,0.594162546
Delphi_EmpiricalFutures,HHS Region 6,3 wk ahead,2017/2018,45,4.5,0.689094784
Delphi_EmpiricalFutures,HHS Region 6,3 wk ahead,2017/2018,46,5,0.708563314
Delphi_EmpiricalFutures,HHS Region 6,3 wk ahead,2017/2018,47,7.9,0.830651339
Delphi_EmpiricalFutures,HHS Region 6,3 wk ahead,2017/2018,48,11.5,0.945885377
Delphi_EmpiricalFutures,HHS Region 6,3 wk ahead,2017/2018,49,10.3,0.894453778
Delphi_EmpiricalFutures,HHS Region 6,3 wk ahead,2017/2018,50,10.9,0.939727557
Delphi_EmpiricalFutures,HHS Region 6,3 wk ahead,2017/2018,51,11.4,0.968478353
Delphi_EmpiricalFutures,HHS Region 6,3 wk ahead,2017/2018,52,11.6,0.969317206
Delphi_EmpiricalFutures,HHS Region 6,3 wk ahead,2017/2018,1,12.6,0.985951375
Delphi_EmpiricalFutures,HHS Region 6,3 wk ahead,2017/2018,2,12.4,0.978971448
Delphi_EmpiricalFutures,HHS Region 6,3 wk ahead,2017/2018,3,11.3,0.937339674
Delphi_EmpiricalFutures,HHS Region 6,3 wk ahead,2017/2018,4,9.5,0.851346767
Delphi_EmpiricalFutures,HHS Region 6,3 wk ahead,2017/2018,5,7.2,0.750879415
Delphi_EmpiricalFutures,HHS Region 6,3 wk ahead,2017/2018,6,5.3,0.623439464
Delphi_EmpiricalFutures,HHS Region 6,3 wk ahead,2017/2018,7,4.2,0.520350741
Delphi_EmpiricalFutures,HHS Region 6,3 wk ahead,2017/2018,8,3.3,0.426754063
Delphi_EmpiricalFutures,HHS Region 6,3 wk ahead,2017/2018,9,2.7,0.351092208
Delphi_EmpiricalFutures,HHS Region 6,3 wk ahead,2017/2018,10,2.9,0.587727894
Delphi_EmpiricalFutures,HHS Region 6,3 wk ahead,2017/2018,11,2.4,0.456089496
Delphi_EmpiricalFutures,HHS Region 6,3 wk ahead,2017/2018,12,2,0.365765629
Delphi_EmpiricalFutures,HHS Region 6,3 wk ahead,2017/2018,13,2,0.427622546
Delphi_EmpiricalFutures,HHS Region 6,3 wk ahead,2017/2018,14,1.9,0.469561852
Delphi_EmpiricalFutures,HHS Region 6,3 wk ahead,2017/2018,15,1.9,0.446858268
Delphi_EmpiricalFutures,HHS Region 6,3 wk ahead,2017/2018,16,1.8,0.429624978
Delphi_EmpiricalFutures,HHS Region 6,3 wk ahead,2017/2018,17,1.5,0.325578907
Delphi_EmpiricalFutures,HHS Region 6,3 wk ahead,2017/2018,18,1.6,0.401160594
Delphi_EmpiricalFutures,HHS Region 7,3 wk ahead,2017/2018,43,1.3,0.44499349
Delphi_EmpiricalFutures,HHS Region 7,3 wk ahead,2017/2018,44,1.6,0.52331592
Delphi_EmpiricalFutures,HHS Region 7,3 wk ahead,2017/2018,45,1.4,0.39273804
Delphi_EmpiricalFutures,HHS Region 7,3 wk ahead,2017/2018,46,2,0.54837991
Delphi_EmpiricalFutures,HHS Region 7,3 wk ahead,2017/2018,47,2.7,0.59520369
Delphi_EmpiricalFutures,HHS Region 7,3 wk ahead,2017/2018,48,4.2,0.667029013
Delphi_EmpiricalFutures,HHS Region 7,3 wk ahead,2017/2018,49,7.2,0.791143734
Delphi_EmpiricalFutures,HHS Region 7,3 wk ahead,2017/2018,50,7.5,0.870149564
Delphi_EmpiricalFutures,HHS Region 7,3 wk ahead,2017/2018,51,6.6,0.866230554
Delphi_EmpiricalFutures,HHS Region 7,3 wk ahead,2017/2018,52,8.2,0.911260015
Delphi_EmpiricalFutures,HHS Region 7,3 wk ahead,2017/2018,1,8.8,0.92182811
Delphi_EmpiricalFutures,HHS Region 7,3 wk ahead,2017/2018,2,8.7,0.920216024
Delphi_EmpiricalFutures,HHS Region 7,3 wk ahead,2017/2018,3,8.6,0.914831515
Delphi_EmpiricalFutures,HHS Region 7,3 wk ahead,2017/2018,4,7.7,0.893069729
Delphi_EmpiricalFutures,HHS Region 7,3 wk ahead,2017/2018,5,5.5,0.8251163
Delphi_EmpiricalFutures,HHS Region 7,3 wk ahead,2017/2018,6,3.9,0.771071816
Delphi_EmpiricalFutures,HHS Region 7,3 wk ahead,2017/2018,7,3.5,0.738886705
Delphi_EmpiricalFutures,HHS Region 7,3 wk ahead,2017/2018,8,2.4,0.650974755
Delphi_EmpiricalFutures,HHS Region 7,3 wk ahead,2017/2018,9,2.6,0.825282169
Delphi_EmpiricalFutures,HHS Region 7,3 wk ahead,2017/2018,10,1.9,0.686354065
Delphi_EmpiricalFutures,HHS Region 7,3 wk ahead,2017/2018,11,1.6,0.70955971
Delphi_EmpiricalFutures,HHS Region 7,3 wk ahead,2017/2018,12,1.2,0.6018587
Delphi_EmpiricalFutures,HHS Region 7,3 wk ahead,2017/2018,13,0.8,0.44958787
Delphi_EmpiricalFutures,HHS Region 7,3 wk ahead,2017/2018,14,0.9,0.56352058
Delphi_EmpiricalFutures,HHS Region 7,3 wk ahead,2017/2018,15,0.4,0.23378011
Delphi_EmpiricalFutures,HHS Region 7,3 wk ahead,2017/2018,16,0.4,0.22546782
Delphi_EmpiricalFutures,HHS Region 7,3 wk ahead,2017/2018,17,0.5,0.38192101
Delphi_EmpiricalFutures,HHS Region 7,3 wk ahead,2017/2018,18,0.5,0.38796643
Delphi_EmpiricalFutures,HHS Region 8,3 wk ahead,2017/2018,43,0.7,0.2353997
Delphi_EmpiricalFutures,HHS Region 8,3 wk ahead,2017/2018,44,0.8,0.26128031
Delphi_EmpiricalFutures,HHS Region 8,3 wk ahead,2017/2018,45,0.8,0.26709887
Delphi_EmpiricalFutures,HHS Region 8,3 wk ahead,2017/2018,46,1,0.3138292
Delphi_EmpiricalFutures,HHS Region 8,3 wk ahead,2017/2018,47,1.2,0.33577016
Delphi_EmpiricalFutures,HHS Region 8,3 wk ahead,2017/2018,48,1.8,0.4248216
Delphi_EmpiricalFutures,HHS Region 8,3 wk ahead,2017/2018,49,2.3,0.44737089
Delphi_EmpiricalFutures,HHS Region 8,3 wk ahead,2017/2018,50,2.5,0.52536755
Delphi_EmpiricalFutures,HHS Region 8,3 wk ahead,2017/2018,51,2.5,0.56029739
Delphi_EmpiricalFutures,HHS Region 8,3 wk ahead,2017/2018,52,2.7,0.62004648
Delphi_EmpiricalFutures,HHS Region 8,3 wk ahead,2017/2018,1,2.7,0.62172989
Delphi_EmpiricalFutures,HHS Region 8,3 wk ahead,2017/2018,2,3.2,0.714452569
Delphi_EmpiricalFutures,HHS Region 8,3 wk ahead,2017/2018,3,3.1,0.7100659
Delphi_EmpiricalFutures,HHS Region 8,3 wk ahead,2017/2018,4,2.9,0.665763827
Delphi_EmpiricalFutures,HHS Region 8,3 wk ahead,2017/2018,5,2.8,0.723446124
Delphi_EmpiricalFutures,HHS Region 8,3 wk ahead,2017/2018,6,2.1,0.610426679
Delphi_EmpiricalFutures,HHS Region 8,3 wk ahead,2017/2018,7,1.8,0.564488123
Delphi_EmpiricalFutures,HHS Region 8,3 wk ahead,2017/2018,8,1.5,0.427006486
Delphi_EmpiricalFutures,HHS Region 8,3 wk ahead,2017/2018,9,1.2,0.366437053
Delphi_EmpiricalFutures,HHS Region 8,3 wk ahead,2017/2018,10,1,0.347115757
Delphi_EmpiricalFutures,HHS Region 8,3 wk ahead,2017/2018,11,1,0.463516568
Delphi_EmpiricalFutures,HHS Region 8,3 wk ahead,2017/2018,12,0.7,0.31195811
Delphi_EmpiricalFutures,HHS Region 8,3 wk ahead,2017/2018,13,0.6,0.31028151
Delphi_EmpiricalFutures,HHS Region 8,3 wk ahead,2017/2018,14,0.7,0.40959612
Delphi_EmpiricalFutures,HHS Region 8,3 wk ahead,2017/2018,15,0.5,0.27822336
Delphi_EmpiricalFutures,HHS Region 8,3 wk ahead,2017/2018,16,0.4,0.25204951
Delphi_EmpiricalFutures,HHS Region 8,3 wk ahead,2017/2018,17,0.4,0.28124458
Delphi_EmpiricalFutures,HHS Region 8,3 wk ahead,2017/2018,18,0.4,0.3119529
Delphi_EmpiricalFutures,HHS Region 9,3 wk ahead,2017/2018,43,1.9,0.41699144
Delphi_EmpiricalFutures,HHS Region 9,3 wk ahead,2017/2018,44,2.1,0.381458859
Delphi_EmpiricalFutures,HHS Region 9,3 wk ahead,2017/2018,45,2.1,0.409565138
Delphi_EmpiricalFutures,HHS Region 9,3 wk ahead,2017/2018,46,2.5,0.488084662
Delphi_EmpiricalFutures,HHS Region 9,3 wk ahead,2017/2018,47,3.5,0.578109413
Delphi_EmpiricalFutures,HHS Region 9,3 wk ahead,2017/2018,48,4.7,0.66116847
Delphi_EmpiricalFutures,HHS Region 9,3 wk ahead,2017/2018,49,6.9,0.836343894
Delphi_EmpiricalFutures,HHS Region 9,3 wk ahead,2017/2018,50,6.4,0.856630787
Delphi_EmpiricalFutures,HHS Region 9,3 wk ahead,2017/2018,51,4.7,0.811949787
Delphi_EmpiricalFutures,HHS Region 9,3 wk ahead,2017/2018,52,4.1,0.654692136
Delphi_EmpiricalFutures,HHS Region 9,3 wk ahead,2017/2018,1,4,0.536152431
Delphi_EmpiricalFutures,HHS Region 9,3 wk ahead,2017/2018,2,4.2,0.575309868
Delphi_EmpiricalFutures,HHS Region 9,3 wk ahead,2017/2018,3,3.9,0.49274534
Delphi_EmpiricalFutures,HHS Region 9,3 wk ahead,2017/2018,4,3.8,0.501163574
Delphi_EmpiricalFutures,HHS Region 9,3 wk ahead,2017/2018,5,3.6,0.529942416
Delphi_EmpiricalFutures,HHS Region 9,3 wk ahead,2017/2018,6,3.6,0.684219435
Delphi_EmpiricalFutures,HHS Region 9,3 wk ahead,2017/2018,7,3.4,0.654403561
Delphi_EmpiricalFutures,HHS Region 9,3 wk ahead,2017/2018,8,3.2,0.676300486
Delphi_EmpiricalFutures,HHS Region 9,3 wk ahead,2017/2018,9,2.9,0.6649923974
Delphi_EmpiricalFutures,HHS Region 9,3 wk ahead,2017/2018,10,2.7,0.595248569
Delphi_EmpiricalFutures,HHS Region 9,3 wk ahead,2017/2018,11,2.4,0.636792233
Delphi_EmpiricalFutures,HHS Region 9,3 wk ahead,2017/2018,12,1.9,0.432076784
Delphi_EmpiricalFutures,HHS Region 9,3 wk ahead,2017/2018,13,1.9,0.59065362
Delphi_EmpiricalFutures,HHS Region 9,3 wk ahead,2017/2018,14,2,0.600033074
Delphi_EmpiricalFutures,HHS Region 9,3 wk ahead,2017/2018,15,1.9,0.484775667
Delphi_EmpiricalFutures,HHS Region 9,3 wk ahead,2017/2018,16,1.8,0.45870021
Delphi_EmpiricalFutures,HHS Region 9,3 wk ahead,2017/2018,17,1.6,0.423327091
Delphi_EmpiricalFutures,HHS Region 9,3 wk ahead,2017/2018,18,1.7,0.479601094
Delphi_EmpiricalFutures,HHS Region 10,3 wk ahead,2017/2018,43,0.8,0.23663687
Delphi_EmpiricalFutures,HHS Region 10,3 wk ahead,2017/2018,44,1.2,0.31027201
Delphi_EmpiricalFutures,HHS Region 10,3 wk ahead,2017/2018,45,1.1,0.33458831
Delphi_EmpiricalFutures,HHS Region 10,3 wk ahead,2017/2018,46,1,0.27487499
Delphi_EmpiricalFutures,HHS Region 10,3 wk ahead,2017/2018,47,1.2,0.30615224
Delphi_EmpiricalFutures,HHS Region 10,3 wk ahead,2017/2018,48,2.1,0.527926029
Delphi_EmpiricalFutures,HHS Region 10,3 wk ahead,2017/2018,49,4.2,0.781957506
Delphi_EmpiricalFutures,HHS Region 10,3 wk ahead,2017/2018,50,4.7,0.830170264
Delphi_EmpiricalFutures,HHS Region 10,3 wk ahead,2017/2018,51,4.1,0.821790442
Delphi_EmpiricalFutures,HHS Region 10,3 wk ahead,2017/2018,52,3.8,0.716449507
Delphi_EmpiricalFutures,HHS Region 10,3 wk ahead,2017/2018,1,3.9,0.715453133
Delphi_EmpiricalFutures,HHS Region 10,3 wk ahead,2017/2018,2,3.6,0.723489593
Delphi_EmpiricalFutures,HHS Region 10,3 wk ahead,2017/2018,3,2.9,0.517177759
Delphi_EmpiricalFutures,HHS Region 10,3 wk ahead,2017/2018,4,2.6,0.414836903
Delphi_EmpiricalFutures,HHS Region 10,3 wk ahead,2017/2018,5,2.7,0.506680779
Delphi_EmpiricalFutures,HHS Region 10,3 wk ahead,2017/2018,6,2.3,0.45560621
Delphi_EmpiricalFutures,HHS Region 10,3 wk ahead,2017/2018,7,1.9,0.41092751
Delphi_EmpiricalFutures,HHS Region 10,3 wk ahead,2017/2018,8,2.4,0.54911172
Delphi_EmpiricalFutures,HHS Region 10,3 wk ahead,2017/2018,9,2.1,0.51859041
Delphi_EmpiricalFutures,HHS Region 10,3 wk ahead,2017/2018,10,1.8,0.47233015
Delphi_EmpiricalFutures,HHS Region 10,3 wk ahead,2017/2018,11,1.6,0.57164567
Delphi_EmpiricalFutures,HHS Region 10,3 wk ahead,2017/2018,12,1.1,0.42896586
Delphi_EmpiricalFutures,HHS Region 10,3 wk ahead,2017/2018,13,1,0.34828149
Delphi_EmpiricalFutures,HHS Region 10,3 wk ahead,2017/2018,14,0.7,0.27395521
Delphi_EmpiricalFutures,HHS Region 10,3 wk ahead,2017/2018,15,0.7,0.23247684
Delphi_EmpiricalFutures,HHS Region 10,3 wk ahead,2017/2018,16,0.6,0.20349645
Delphi_EmpiricalFutures,HHS Region 10,3 wk ahead,2017/2018,17,0.5,0.22084149
Delphi_EmpiricalFutures,HHS Region 10,3 wk ahead,2017/2018,18,0.4,0.1614358
