model_name,location,target,season,calendar_week,valid.bin_lag,cdf
Delphi_ExtendedDeltaDensity,US National,1 wk ahead,2016/2017,43,1.4,0.39151466075
Delphi_ExtendedDeltaDensity,US National,1 wk ahead,2016/2017,44,1.5,0.52164149997
Delphi_ExtendedDeltaDensity,US National,1 wk ahead,2016/2017,45,1.5,0.13523375745
Delphi_ExtendedDeltaDensity,US National,1 wk ahead,2016/2017,46,1.8,0.4729006217
Delphi_ExtendedDeltaDensity,US National,1 wk ahead,2016/2017,47,1.7,0.10647052462
Delphi_ExtendedDeltaDensity,US National,1 wk ahead,2016/2017,48,1.8,0.16386469511
Delphi_ExtendedDeltaDensity,US National,1 wk ahead,2016/2017,49,2.1,0.17798349184
Delphi_ExtendedDeltaDensity,US National,1 wk ahead,2016/2017,50,2.6,0.28626002623
Delphi_ExtendedDeltaDensity,US National,1 wk ahead,2016/2017,51,3.3,0.50990830341
Delphi_ExtendedDeltaDensity,US National,1 wk ahead,2016/2017,52,3,0.99771473248
Delphi_ExtendedDeltaDensity,US National,1 wk ahead,2016/2017,1,3,0.55216942267
Delphi_ExtendedDeltaDensity,US National,1 wk ahead,2016/2017,2,3.4,0.49737881312
Delphi_ExtendedDeltaDensity,US National,1 wk ahead,2016/2017,3,3.7,0.82574483332
Delphi_ExtendedDeltaDensity,US National,1 wk ahead,2016/2017,4,4.3,0.92097362449
Delphi_ExtendedDeltaDensity,US National,1 wk ahead,2016/2017,5,5,0.77799776313
Delphi_ExtendedDeltaDensity,US National,1 wk ahead,2016/2017,6,4.8,0.17806100997
Delphi_ExtendedDeltaDensity,US National,1 wk ahead,2016/2017,7,4.5,0.82089551066
Delphi_ExtendedDeltaDensity,US National,1 wk ahead,2016/2017,8,3.5,0.00187514394
Delphi_ExtendedDeltaDensity,US National,1 wk ahead,2016/2017,9,3.4,0.99781151098
Delphi_ExtendedDeltaDensity,US National,1 wk ahead,2016/2017,10,3.1,0.54604313263
Delphi_ExtendedDeltaDensity,US National,1 wk ahead,2016/2017,11,3,0.67348745914
Delphi_ExtendedDeltaDensity,US National,1 wk ahead,2016/2017,12,2.7,0.39207066937
Delphi_ExtendedDeltaDensity,US National,1 wk ahead,2016/2017,13,2.3,0.05369064272
Delphi_ExtendedDeltaDensity,US National,1 wk ahead,2016/2017,14,1.9,0.0009572835
Delphi_ExtendedDeltaDensity,US National,1 wk ahead,2016/2017,15,1.7,0.25954814452
Delphi_ExtendedDeltaDensity,US National,1 wk ahead,2016/2017,16,1.5,0.21002127023
Delphi_ExtendedDeltaDensity,US National,1 wk ahead,2016/2017,17,1.3,0.58710197357
Delphi_ExtendedDeltaDensity,US National,1 wk ahead,2016/2017,18,1.2,0.08500153046
Delphi_ExtendedDeltaDensity,HHS Region 1,1 wk ahead,2016/2017,43,0.8,0.76142689245
Delphi_ExtendedDeltaDensity,HHS Region 1,1 wk ahead,2016/2017,44,0.8,0.66432541113
Delphi_ExtendedDeltaDensity,HHS Region 1,1 wk ahead,2016/2017,45,0.8,0.04430819656
Delphi_ExtendedDeltaDensity,HHS Region 1,1 wk ahead,2016/2017,46,0.9,0.24809383963
Delphi_ExtendedDeltaDensity,HHS Region 1,1 wk ahead,2016/2017,47,0.8,0.02942118747
Delphi_ExtendedDeltaDensity,HHS Region 1,1 wk ahead,2016/2017,48,0.8,0.15927158367
Delphi_ExtendedDeltaDensity,HHS Region 1,1 wk ahead,2016/2017,49,0.9,0.08436749734
Delphi_ExtendedDeltaDensity,HHS Region 1,1 wk ahead,2016/2017,50,1.1,0.07947206304
Delphi_ExtendedDeltaDensity,HHS Region 1,1 wk ahead,2016/2017,51,1.3,0.22540337291
Delphi_ExtendedDeltaDensity,HHS Region 1,1 wk ahead,2016/2017,52,1.5,0.267510552
Delphi_ExtendedDeltaDensity,HHS Region 1,1 wk ahead,2016/2017,1,1.4,0.00967036216
Delphi_ExtendedDeltaDensity,HHS Region 1,1 wk ahead,2016/2017,2,1.6,0.46146998043
Delphi_ExtendedDeltaDensity,HHS Region 1,1 wk ahead,2016/2017,3,2,0.61081085758
Delphi_ExtendedDeltaDensity,HHS Region 1,1 wk ahead,2016/2017,4,2.4,0.75585374192
Delphi_ExtendedDeltaDensity,HHS Region 1,1 wk ahead,2016/2017,5,3.1,0.55997059668
Delphi_ExtendedDeltaDensity,HHS Region 1,1 wk ahead,2016/2017,6,2.9,0.00067570503
Delphi_ExtendedDeltaDensity,HHS Region 1,1 wk ahead,2016/2017,7,2.9,0.57457002864
Delphi_ExtendedDeltaDensity,HHS Region 1,1 wk ahead,2016/2017,8,2.1,0.00049936152
Delphi_ExtendedDeltaDensity,HHS Region 1,1 wk ahead,2016/2017,9,2,0.53029110952
Delphi_ExtendedDeltaDensity,HHS Region 1,1 wk ahead,2016/2017,10,2,0.4731336294
Delphi_ExtendedDeltaDensity,HHS Region 1,1 wk ahead,2016/2017,11,1.8,0.45410922093
Delphi_ExtendedDeltaDensity,HHS Region 1,1 wk ahead,2016/2017,12,1.9,0.7132250434
Delphi_ExtendedDeltaDensity,HHS Region 1,1 wk ahead,2016/2017,13,2.1,0.80615412319
Delphi_ExtendedDeltaDensity,HHS Region 1,1 wk ahead,2016/2017,14,1.7,0.31594075713
Delphi_ExtendedDeltaDensity,HHS Region 1,1 wk ahead,2016/2017,15,1.4,0.20939152245
Delphi_ExtendedDeltaDensity,HHS Region 1,1 wk ahead,2016/2017,16,1,0.03071212021
Delphi_ExtendedDeltaDensity,HHS Region 1,1 wk ahead,2016/2017,17,0.8,0.59205007741
Delphi_ExtendedDeltaDensity,HHS Region 1,1 wk ahead,2016/2017,18,0.6,0.07515333813
Delphi_ExtendedDeltaDensity,HHS Region 2,1 wk ahead,2016/2017,43,2.1,0.48842265098
Delphi_ExtendedDeltaDensity,HHS Region 2,1 wk ahead,2016/2017,44,2.4,0.59803791925
Delphi_ExtendedDeltaDensity,HHS Region 2,1 wk ahead,2016/2017,45,2.4,0.46877420179
Delphi_ExtendedDeltaDensity,HHS Region 2,1 wk ahead,2016/2017,46,3.2,0.61581031688
Delphi_ExtendedDeltaDensity,HHS Region 2,1 wk ahead,2016/2017,47,3.1,0.31298141929
Delphi_ExtendedDeltaDensity,HHS Region 2,1 wk ahead,2016/2017,48,3.2,0.18224309961
Delphi_ExtendedDeltaDensity,HHS Region 2,1 wk ahead,2016/2017,49,3.3,0.14369238331
Delphi_ExtendedDeltaDensity,HHS Region 2,1 wk ahead,2016/2017,50,4.4,0.74734705076
Delphi_ExtendedDeltaDensity,HHS Region 2,1 wk ahead,2016/2017,51,5.9,0.87519960514
Delphi_ExtendedDeltaDensity,HHS Region 2,1 wk ahead,2016/2017,52,5.2,0.99822052623
Delphi_ExtendedDeltaDensity,HHS Region 2,1 wk ahead,2016/2017,1,5,0.421212179
Delphi_ExtendedDeltaDensity,HHS Region 2,1 wk ahead,2016/2017,2,5.6,0.37348420257
Delphi_ExtendedDeltaDensity,HHS Region 2,1 wk ahead,2016/2017,3,5.9,0.99201769415
Delphi_ExtendedDeltaDensity,HHS Region 2,1 wk ahead,2016/2017,4,6.4,0.62614555486
Delphi_ExtendedDeltaDensity,HHS Region 2,1 wk ahead,2016/2017,5,6.8,0.51143519626
Delphi_ExtendedDeltaDensity,HHS Region 2,1 wk ahead,2016/2017,6,5.6,0.03931109937
Delphi_ExtendedDeltaDensity,HHS Region 2,1 wk ahead,2016/2017,7,4.6,0.10836674778
Delphi_ExtendedDeltaDensity,HHS Region 2,1 wk ahead,2016/2017,8,3,0.00265340053
Delphi_ExtendedDeltaDensity,HHS Region 2,1 wk ahead,2016/2017,9,3,0.55686981249
Delphi_ExtendedDeltaDensity,HHS Region 2,1 wk ahead,2016/2017,10,3.2,0.78727490322
Delphi_ExtendedDeltaDensity,HHS Region 2,1 wk ahead,2016/2017,11,3,0.88922942144
Delphi_ExtendedDeltaDensity,HHS Region 2,1 wk ahead,2016/2017,12,3.6,0.96133124786
Delphi_ExtendedDeltaDensity,HHS Region 2,1 wk ahead,2016/2017,13,3.6,0.58084357286
Delphi_ExtendedDeltaDensity,HHS Region 2,1 wk ahead,2016/2017,14,3,0.35241140771
Delphi_ExtendedDeltaDensity,HHS Region 2,1 wk ahead,2016/2017,15,2.2,0.06278680884
Delphi_ExtendedDeltaDensity,HHS Region 2,1 wk ahead,2016/2017,16,2.3,0.74310788771
Delphi_ExtendedDeltaDensity,HHS Region 2,1 wk ahead,2016/2017,17,1.9,0.74320415287
Delphi_ExtendedDeltaDensity,HHS Region 2,1 wk ahead,2016/2017,18,1.9,0.41168558121
Delphi_ExtendedDeltaDensity,HHS Region 3,1 wk ahead,2016/2017,43,1.3,0.57963096178
Delphi_ExtendedDeltaDensity,HHS Region 3,1 wk ahead,2016/2017,44,1.3,0.67765685664
Delphi_ExtendedDeltaDensity,HHS Region 3,1 wk ahead,2016/2017,45,1.3,0.08136758255
Delphi_ExtendedDeltaDensity,HHS Region 3,1 wk ahead,2016/2017,46,1.6,0.38482971111
Delphi_ExtendedDeltaDensity,HHS Region 3,1 wk ahead,2016/2017,47,1.4,0.00215693695
Delphi_ExtendedDeltaDensity,HHS Region 3,1 wk ahead,2016/2017,48,1.5,0.00082587289
Delphi_ExtendedDeltaDensity,HHS Region 3,1 wk ahead,2016/2017,49,1.8,0.03191105972
Delphi_ExtendedDeltaDensity,HHS Region 3,1 wk ahead,2016/2017,50,2.1,0.02230852241
Delphi_ExtendedDeltaDensity,HHS Region 3,1 wk ahead,2016/2017,51,3,0.42515023355
Delphi_ExtendedDeltaDensity,HHS Region 3,1 wk ahead,2016/2017,52,2.6,0.0154330811
Delphi_ExtendedDeltaDensity,HHS Region 3,1 wk ahead,2016/2017,1,2.7,0.07809675367
Delphi_ExtendedDeltaDensity,HHS Region 3,1 wk ahead,2016/2017,2,3,0.00173866015
Delphi_ExtendedDeltaDensity,HHS Region 3,1 wk ahead,2016/2017,3,3.4,0.54770295552
Delphi_ExtendedDeltaDensity,HHS Region 3,1 wk ahead,2016/2017,4,3.6,0.2473322831
Delphi_ExtendedDeltaDensity,HHS Region 3,1 wk ahead,2016/2017,5,5,0.97321288895
Delphi_ExtendedDeltaDensity,HHS Region 3,1 wk ahead,2016/2017,6,5.1,0.48955878301
Delphi_ExtendedDeltaDensity,HHS Region 3,1 wk ahead,2016/2017,7,4.9,0.57762260221
Delphi_ExtendedDeltaDensity,HHS Region 3,1 wk ahead,2016/2017,8,3.1,0.00072285242
Delphi_ExtendedDeltaDensity,HHS Region 3,1 wk ahead,2016/2017,9,3.1,0.82174770774
Delphi_ExtendedDeltaDensity,HHS Region 3,1 wk ahead,2016/2017,10,3.3,0.97432882517
Delphi_ExtendedDeltaDensity,HHS Region 3,1 wk ahead,2016/2017,11,2.9,0.51821836904
Delphi_ExtendedDeltaDensity,HHS Region 3,1 wk ahead,2016/2017,12,3.1,0.60341487599
Delphi_ExtendedDeltaDensity,HHS Region 3,1 wk ahead,2016/2017,13,2.1,0.00060560882
Delphi_ExtendedDeltaDensity,HHS Region 3,1 wk ahead,2016/2017,14,1.6,0.00038710176
Delphi_ExtendedDeltaDensity,HHS Region 3,1 wk ahead,2016/2017,15,1.3,0.2243178963
Delphi_ExtendedDeltaDensity,HHS Region 3,1 wk ahead,2016/2017,16,1,0.04982554302
Delphi_ExtendedDeltaDensity,HHS Region 3,1 wk ahead,2016/2017,17,0.9,0.03707709138
Delphi_ExtendedDeltaDensity,HHS Region 3,1 wk ahead,2016/2017,18,0.8,0.01036011469
Delphi_ExtendedDeltaDensity,HHS Region 4,1 wk ahead,2016/2017,43,1.5,0.73296186399
Delphi_ExtendedDeltaDensity,HHS Region 4,1 wk ahead,2016/2017,44,1.6,0.67767980663
Delphi_ExtendedDeltaDensity,HHS Region 4,1 wk ahead,2016/2017,45,1.8,0.62244320958
Delphi_ExtendedDeltaDensity,HHS Region 4,1 wk ahead,2016/2017,46,2.1,0.6013961366
Delphi_ExtendedDeltaDensity,HHS Region 4,1 wk ahead,2016/2017,47,1.8,0.12684833926
Delphi_ExtendedDeltaDensity,HHS Region 4,1 wk ahead,2016/2017,48,1.7,0.15687028974
Delphi_ExtendedDeltaDensity,HHS Region 4,1 wk ahead,2016/2017,49,2.2,0.46794981044
Delphi_ExtendedDeltaDensity,HHS Region 4,1 wk ahead,2016/2017,50,2.8,0.35927944437
Delphi_ExtendedDeltaDensity,HHS Region 4,1 wk ahead,2016/2017,51,3.3,0.78395602192
Delphi_ExtendedDeltaDensity,HHS Region 4,1 wk ahead,2016/2017,52,2.8,0.10862621236
Delphi_ExtendedDeltaDensity,HHS Region 4,1 wk ahead,2016/2017,1,2.8,0.84957140222
Delphi_ExtendedDeltaDensity,HHS Region 4,1 wk ahead,2016/2017,2,3.6,0.99579746249
Delphi_ExtendedDeltaDensity,HHS Region 4,1 wk ahead,2016/2017,3,3.5,0.42791813028
Delphi_ExtendedDeltaDensity,HHS Region 4,1 wk ahead,2016/2017,4,4.4,0.99804041776
Delphi_ExtendedDeltaDensity,HHS Region 4,1 wk ahead,2016/2017,5,5,0.55030280821
Delphi_ExtendedDeltaDensity,HHS Region 4,1 wk ahead,2016/2017,6,5.4,0.85067137798
Delphi_ExtendedDeltaDensity,HHS Region 4,1 wk ahead,2016/2017,7,5.4,0.85561219665
Delphi_ExtendedDeltaDensity,HHS Region 4,1 wk ahead,2016/2017,8,4.5,0.15409103648
Delphi_ExtendedDeltaDensity,HHS Region 4,1 wk ahead,2016/2017,9,4.4,0.97076133634
Delphi_ExtendedDeltaDensity,HHS Region 4,1 wk ahead,2016/2017,10,3.8,0.28799872345
Delphi_ExtendedDeltaDensity,HHS Region 4,1 wk ahead,2016/2017,11,4.6,0.99808434763
Delphi_ExtendedDeltaDensity,HHS Region 4,1 wk ahead,2016/2017,12,3.6,0.06191723741
Delphi_ExtendedDeltaDensity,HHS Region 4,1 wk ahead,2016/2017,13,2.7,0.02441273531
Delphi_ExtendedDeltaDensity,HHS Region 4,1 wk ahead,2016/2017,14,2.1,0.01537152036
Delphi_ExtendedDeltaDensity,HHS Region 4,1 wk ahead,2016/2017,15,1.7,0.49554960617
Delphi_ExtendedDeltaDensity,HHS Region 4,1 wk ahead,2016/2017,16,1.4,0.221937177881
Delphi_ExtendedDeltaDensity,HHS Region 4,1 wk ahead,2016/2017,17,1.2,0.48366409043
Delphi_ExtendedDeltaDensity,HHS Region 4,1 wk ahead,2016/2017,18,1.3,0.98583910455
Delphi_ExtendedDeltaDensity,HHS Region 5,1 wk ahead,2016/2017,43,1.2,0.78293927851
Delphi_ExtendedDeltaDensity,HHS Region 5,1 wk ahead,2016/2017,44,1.1,0.4678229309
Delphi_ExtendedDeltaDensity,HHS Region 5,1 wk ahead,2016/2017,45,1.1,0.01597078584
Delphi_ExtendedDeltaDensity,HHS Region 5,1 wk ahead,2016/2017,46,1.2,0.21062846787
Delphi_ExtendedDeltaDensity,HHS Region 5,1 wk ahead,2016/2017,47,1.1,0.16620044873
Delphi_ExtendedDeltaDensity,HHS Region 5,1 wk ahead,2016/2017,48,1.4,0.68550552703
Delphi_ExtendedDeltaDensity,HHS Region 5,1 wk ahead,2016/2017,49,1.5,0.45150731026
Delphi_ExtendedDeltaDensity,HHS Region 5,1 wk ahead,2016/2017,50,1.7,0.26072087143
Delphi_ExtendedDeltaDensity,HHS Region 5,1 wk ahead,2016/2017,51,2.3,0.67356011023
Delphi_ExtendedDeltaDensity,HHS Region 5,1 wk ahead,2016/2017,52,2,0.000465542121
Delphi_ExtendedDeltaDensity,HHS Region 5,1 wk ahead,2016/2017,1,2,0.91244634844
Delphi_ExtendedDeltaDensity,HHS Region 5,1 wk ahead,2016/2017,2,2.3,0.44991564375
Delphi_ExtendedDeltaDensity,HHS Region 5,1 wk ahead,2016/2017,3,2.7,0.58788157734
Delphi_ExtendedDeltaDensity,HHS Region 5,1 wk ahead,2016/2017,4,3.1,0.83722635763
Delphi_ExtendedDeltaDensity,HHS Region 5,1 wk ahead,2016/2017,5,3.8,0.87135530538
Delphi_ExtendedDeltaDensity,HHS Region 5,1 wk ahead,2016/2017,6,4.2,0.60491851738
Delphi_ExtendedDeltaDensity,HHS Region 5,1 wk ahead,2016/2017,7,4.2,0.76489186974
Delphi_ExtendedDeltaDensity,HHS Region 5,1 wk ahead,2016/2017,8,2.9,0.00635499269
Delphi_ExtendedDeltaDensity,HHS Region 5,1 wk ahead,2016/2017,9,3.2,0.92019041051
Delphi_ExtendedDeltaDensity,HHS Region 5,1 wk ahead,2016/2017,10,2.9,0.91770203034
Delphi_ExtendedDeltaDensity,HHS Region 5,1 wk ahead,2016/2017,11,2.7,0.75284385051
Delphi_ExtendedDeltaDensity,HHS Region 5,1 wk ahead,2016/2017,12,2.3,0.29162844425
Delphi_ExtendedDeltaDensity,HHS Region 5,1 wk ahead,2016/2017,13,2,0.43905070613
Delphi_ExtendedDeltaDensity,HHS Region 5,1 wk ahead,2016/2017,14,1.5,0.18851341656
Delphi_ExtendedDeltaDensity,HHS Region 5,1 wk ahead,2016/2017,15,1.3,0.6524649635
Delphi_ExtendedDeltaDensity,HHS Region 5,1 wk ahead,2016/2017,16,1.2,0.96607247646
Delphi_ExtendedDeltaDensity,HHS Region 5,1 wk ahead,2016/2017,17,1,0.82404892524
Delphi_ExtendedDeltaDensity,HHS Region 5,1 wk ahead,2016/2017,18,1,0.50415567976
Delphi_ExtendedDeltaDensity,HHS Region 6,1 wk ahead,2016/2017,43,1.8,0.40611851899
Delphi_ExtendedDeltaDensity,HHS Region 6,1 wk ahead,2016/2017,44,2,0.18312410051
Delphi_ExtendedDeltaDensity,HHS Region 6,1 wk ahead,2016/2017,45,2.2,0.11623099347
Delphi_ExtendedDeltaDensity,HHS Region 6,1 wk ahead,2016/2017,46,2.4,0.16211483791
Delphi_ExtendedDeltaDensity,HHS Region 6,1 wk ahead,2016/2017,47,2.4,0.01668781657
Delphi_ExtendedDeltaDensity,HHS Region 6,1 wk ahead,2016/2017,48,2.8,0.30448389943
Delphi_ExtendedDeltaDensity,HHS Region 6,1 wk ahead,2016/2017,49,3.3,0.37404987352
Delphi_ExtendedDeltaDensity,HHS Region 6,1 wk ahead,2016/2017,50,3.8,0.33489766964
Delphi_ExtendedDeltaDensity,HHS Region 6,1 wk ahead,2016/2017,51,4.1,0.21669126663
Delphi_ExtendedDeltaDensity,HHS Region 6,1 wk ahead,2016/2017,52,4,0.63426760071
Delphi_ExtendedDeltaDensity,HHS Region 6,1 wk ahead,2016/2017,1,4.8,0.69287087871
Delphi_ExtendedDeltaDensity,HHS Region 6,1 wk ahead,2016/2017,2,5.2,0.49460940547
Delphi_ExtendedDeltaDensity,HHS Region 6,1 wk ahead,2016/2017,3,6,0.72003860054
Delphi_ExtendedDeltaDensity,HHS Region 6,1 wk ahead,2016/2017,4,8.1,0.9987066274
Delphi_ExtendedDeltaDensity,HHS Region 6,1 wk ahead,2016/2017,5,9.8,0.98399849587
Delphi_ExtendedDeltaDensity,HHS Region 6,1 wk ahead,2016/2017,6,8.8,0.17046619051
Delphi_ExtendedDeltaDensity,HHS Region 6,1 wk ahead,2016/2017,7,8.1,0.90446280697
Delphi_ExtendedDeltaDensity,HHS Region 6,1 wk ahead,2016/2017,8,6.8,0.32070922284
Delphi_ExtendedDeltaDensity,HHS Region 6,1 wk ahead,2016/2017,9,6.4,0.99592301933
Delphi_ExtendedDeltaDensity,HHS Region 6,1 wk ahead,2016/2017,10,5.3,0.2350346244
Delphi_ExtendedDeltaDensity,HHS Region 6,1 wk ahead,2016/2017,11,4.3,0.30131718558
Delphi_ExtendedDeltaDensity,HHS Region 6,1 wk ahead,2016/2017,12,3.6,0.23250395732
Delphi_ExtendedDeltaDensity,HHS Region 6,1 wk ahead,2016/2017,13,3.3,0.55954767241
Delphi_ExtendedDeltaDensity,HHS Region 6,1 wk ahead,2016/2017,14,2.9,0.46229010778
Delphi_ExtendedDeltaDensity,HHS Region 6,1 wk ahead,2016/2017,15,2.8,0.62058856814
Delphi_ExtendedDeltaDensity,HHS Region 6,1 wk ahead,2016/2017,16,2.4,0.10643270954
Delphi_ExtendedDeltaDensity,HHS Region 6,1 wk ahead,2016/2017,17,2.3,0.39523850436
Delphi_ExtendedDeltaDensity,HHS Region 6,1 wk ahead,2016/2017,18,1.6,0.00055790657
Delphi_ExtendedDeltaDensity,HHS Region 7,1 wk ahead,2016/2017,43,0.7,0.13604301386
Delphi_ExtendedDeltaDensity,HHS Region 7,1 wk ahead,2016/2017,44,0.8,0.30980332702
Delphi_ExtendedDeltaDensity,HHS Region 7,1 wk ahead,2016/2017,45,0.9,0.35745859909
Delphi_ExtendedDeltaDensity,HHS Region 7,1 wk ahead,2016/2017,46,1.3,0.81078177717
Delphi_ExtendedDeltaDensity,HHS Region 7,1 wk ahead,2016/2017,47,1.3,0.59044195139
Delphi_ExtendedDeltaDensity,HHS Region 7,1 wk ahead,2016/2017,48,1.2,0.04471934295
Delphi_ExtendedDeltaDensity,HHS Region 7,1 wk ahead,2016/2017,49,1.2,0.37406042298
Delphi_ExtendedDeltaDensity,HHS Region 7,1 wk ahead,2016/2017,50,1.7,0.45176900836
Delphi_ExtendedDeltaDensity,HHS Region 7,1 wk ahead,2016/2017,51,2.6,0.45283979565
Delphi_ExtendedDeltaDensity,HHS Region 7,1 wk ahead,2016/2017,52,2.8,0.00149305757
Delphi_ExtendedDeltaDensity,HHS Region 7,1 wk ahead,2016/2017,1,2.7,0.36256601791
Delphi_ExtendedDeltaDensity,HHS Region 7,1 wk ahead,2016/2017,2,3.4,0.81518784657
Delphi_ExtendedDeltaDensity,HHS Region 7,1 wk ahead,2016/2017,3,4.5,0.89906599346
Delphi_ExtendedDeltaDensity,HHS Region 7,1 wk ahead,2016/2017,4,5.4,0.92313115365
Delphi_ExtendedDeltaDensity,HHS Region 7,1 wk ahead,2016/2017,5,6.3,0.59542305301
Delphi_ExtendedDeltaDensity,HHS Region 7,1 wk ahead,2016/2017,6,4.8,0.00784269316
Delphi_ExtendedDeltaDensity,HHS Region 7,1 wk ahead,2016/2017,7,3.9,0.27541560154
Delphi_ExtendedDeltaDensity,HHS Region 7,1 wk ahead,2016/2017,8,2.7,0.0006722217
Delphi_ExtendedDeltaDensity,HHS Region 7,1 wk ahead,2016/2017,9,2.7,0.99627291947
Delphi_ExtendedDeltaDensity,HHS Region 7,1 wk ahead,2016/2017,10,2.3,0.50254425451
Delphi_ExtendedDeltaDensity,HHS Region 7,1 wk ahead,2016/2017,11,1.9,0.62093069251
Delphi_ExtendedDeltaDensity,HHS Region 7,1 wk ahead,2016/2017,12,1.6,0.30448315719
Delphi_ExtendedDeltaDensity,HHS Region 7,1 wk ahead,2016/2017,13,1.3,0.20352916547
Delphi_ExtendedDeltaDensity,HHS Region 7,1 wk ahead,2016/2017,14,0.9,0.00789424105
Delphi_ExtendedDeltaDensity,HHS Region 7,1 wk ahead,2016/2017,15,0.8,0.18101888406
Delphi_ExtendedDeltaDensity,HHS Region 7,1 wk ahead,2016/2017,16,0.7,0.53844397384
Delphi_ExtendedDeltaDensity,HHS Region 7,1 wk ahead,2016/2017,17,0.7,0.68756527916
Delphi_ExtendedDeltaDensity,HHS Region 7,1 wk ahead,2016/2017,18,0.4,0.204569285
Delphi_ExtendedDeltaDensity,HHS Region 8,1 wk ahead,2016/2017,43,0.4,0.00011386829
Delphi_ExtendedDeltaDensity,HHS Region 8,1 wk ahead,2016/2017,44,0.6,0.38124877481
Delphi_ExtendedDeltaDensity,HHS Region 8,1 wk ahead,2016/2017,45,0.8,0.7604575942
Delphi_ExtendedDeltaDensity,HHS Region 8,1 wk ahead,2016/2017,46,0.7,0.00768365281
Delphi_ExtendedDeltaDensity,HHS Region 8,1 wk ahead,2016/2017,47,1.2,0.91639955495
Delphi_ExtendedDeltaDensity,HHS Region 8,1 wk ahead,2016/2017,48,1,0.06273045396
Delphi_ExtendedDeltaDensity,HHS Region 8,1 wk ahead,2016/2017,49,1.2,0.8281420673
Delphi_ExtendedDeltaDensity,HHS Region 8,1 wk ahead,2016/2017,50,2,0.84541392573
Delphi_ExtendedDeltaDensity,HHS Region 8,1 wk ahead,2016/2017,51,1.4,0.00033790318
Delphi_ExtendedDeltaDensity,HHS Region 8,1 wk ahead,2016/2017,52,2.2,0.00053652363
Delphi_ExtendedDeltaDensity,HHS Region 8,1 wk ahead,2016/2017,1,1.8,0.29388296805
Delphi_ExtendedDeltaDensity,HHS Region 8,1 wk ahead,2016/2017,2,2.2,0.75186183778
Delphi_ExtendedDeltaDensity,HHS Region 8,1 wk ahead,2016/2017,3,2,0.07942303173
Delphi_ExtendedDeltaDensity,HHS Region 8,1 wk ahead,2016/2017,4,2.2,0.13755704741
Delphi_ExtendedDeltaDensity,HHS Region 8,1 wk ahead,2016/2017,5,2.2,0.00055191821
Delphi_ExtendedDeltaDensity,HHS Region 8,1 wk ahead,2016/2017,6,2.6,0.84941827709
Delphi_ExtendedDeltaDensity,HHS Region 8,1 wk ahead,2016/2017,7,1.5,0.00035930316
Delphi_ExtendedDeltaDensity,HHS Region 8,1 wk ahead,2016/2017,8,1.4,0.00034208596
Delphi_ExtendedDeltaDensity,HHS Region 8,1 wk ahead,2016/2017,9,1.3,0.86677742727
Delphi_ExtendedDeltaDensity,HHS Region 8,1 wk ahead,2016/2017,10,1,0.11662750316
Delphi_ExtendedDeltaDensity,HHS Region 8,1 wk ahead,2016/2017,11,1.2,0.72234311604
Delphi_ExtendedDeltaDensity,HHS Region 8,1 wk ahead,2016/2017,12,1,0.06364446212
Delphi_ExtendedDeltaDensity,HHS Region 8,1 wk ahead,2016/2017,13,1,0.46152922287
Delphi_ExtendedDeltaDensity,HHS Region 8,1 wk ahead,2016/2017,14,0.8,0.02509122701
Delphi_ExtendedDeltaDensity,HHS Region 8,1 wk ahead,2016/2017,15,0.8,0.45368878185
Delphi_ExtendedDeltaDensity,HHS Region 8,1 wk ahead,2016/2017,16,0.9,0.97073051487
Delphi_ExtendedDeltaDensity,HHS Region 8,1 wk ahead,2016/2017,17,0.9,0.9635988558
Delphi_ExtendedDeltaDensity,HHS Region 8,1 wk ahead,2016/2017,18,0.5,0.0001363563
Delphi_ExtendedDeltaDensity,HHS Region 9,1 wk ahead,2016/2017,43,1.4,0.30266902685
Delphi_ExtendedDeltaDensity,HHS Region 9,1 wk ahead,2016/2017,44,1.5,0.36560156038
Delphi_ExtendedDeltaDensity,HHS Region 9,1 wk ahead,2016/2017,45,1.6,0.42850331792
Delphi_ExtendedDeltaDensity,HHS Region 9,1 wk ahead,2016/2017,46,1.9,0.95643678155
Delphi_ExtendedDeltaDensity,HHS Region 9,1 wk ahead,2016/2017,47,1.8,0.50298212376
Delphi_ExtendedDeltaDensity,HHS Region 9,1 wk ahead,2016/2017,48,1.9,0.37376047471
Delphi_ExtendedDeltaDensity,HHS Region 9,1 wk ahead,2016/2017,49,2.2,0.09113661155
Delphi_ExtendedDeltaDensity,HHS Region 9,1 wk ahead,2016/2017,50,2.7,0.15022404181
Delphi_ExtendedDeltaDensity,HHS Region 9,1 wk ahead,2016/2017,51,3.2,0.04879655337
Delphi_ExtendedDeltaDensity,HHS Region 9,1 wk ahead,2016/2017,52,3,0.99771820798
Delphi_ExtendedDeltaDensity,HHS Region 9,1 wk ahead,2016/2017,1,2.7,0.00111065178
Delphi_ExtendedDeltaDensity,HHS Region 9,1 wk ahead,2016/2017,2,2.6,0.00061379279
Delphi_ExtendedDeltaDensity,HHS Region 9,1 wk ahead,2016/2017,3,2.9,0.07458955876
Delphi_ExtendedDeltaDensity,HHS Region 9,1 wk ahead,2016/2017,4,3,0.08061649909
Delphi_ExtendedDeltaDensity,HHS Region 9,1 wk ahead,2016/2017,5,2.6,0.00901038614
Delphi_ExtendedDeltaDensity,HHS Region 9,1 wk ahead,2016/2017,6,2.4,0.01620615766
Delphi_ExtendedDeltaDensity,HHS Region 9,1 wk ahead,2016/2017,7,2.4,0.22532415605
Delphi_ExtendedDeltaDensity,HHS Region 9,1 wk ahead,2016/2017,8,2.2,0.13357883705
Delphi_ExtendedDeltaDensity,HHS Region 9,1 wk ahead,2016/2017,9,2.2,0.30674611274
Delphi_ExtendedDeltaDensity,HHS Region 9,1 wk ahead,2016/2017,10,2.2,0.25306118731
Delphi_ExtendedDeltaDensity,HHS Region 9,1 wk ahead,2016/2017,11,2,0.14351675253
Delphi_ExtendedDeltaDensity,HHS Region 9,1 wk ahead,2016/2017,12,2,0.42401937162
Delphi_ExtendedDeltaDensity,HHS Region 9,1 wk ahead,2016/2017,13,1.8,0.57601162316
Delphi_ExtendedDeltaDensity,HHS Region 9,1 wk ahead,2016/2017,14,1.6,0.10797212021
Delphi_ExtendedDeltaDensity,HHS Region 9,1 wk ahead,2016/2017,15,1.6,0.29688460401
Delphi_ExtendedDeltaDensity,HHS Region 9,1 wk ahead,2016/2017,16,1.7,0.3352698959
Delphi_ExtendedDeltaDensity,HHS Region 9,1 wk ahead,2016/2017,17,1.6,0.46706507899
Delphi_ExtendedDeltaDensity,HHS Region 9,1 wk ahead,2016/2017,18,1.5,0.33788396857
Delphi_ExtendedDeltaDensity,HHS Region 10,1 wk ahead,2016/2017,43,0.5,0.41307894725
Delphi_ExtendedDeltaDensity,HHS Region 10,1 wk ahead,2016/2017,44,0.6,0.57500691861
Delphi_ExtendedDeltaDensity,HHS Region 10,1 wk ahead,2016/2017,45,0.5,0.21075125067
Delphi_ExtendedDeltaDensity,HHS Region 10,1 wk ahead,2016/2017,46,0.7,0.42063541176
Delphi_ExtendedDeltaDensity,HHS Region 10,1 wk ahead,2016/2017,47,0.7,0.24686982624
Delphi_ExtendedDeltaDensity,HHS Region 10,1 wk ahead,2016/2017,48,0.6,0.04220416162
Delphi_ExtendedDeltaDensity,HHS Region 10,1 wk ahead,2016/2017,49,1.4,0.99515092931
Delphi_ExtendedDeltaDensity,HHS Region 10,1 wk ahead,2016/2017,50,2,0.69957751339
Delphi_ExtendedDeltaDensity,HHS Region 10,1 wk ahead,2016/2017,51,3.6,0.99715031896
Delphi_ExtendedDeltaDensity,HHS Region 10,1 wk ahead,2016/2017,52,2.9,0.197867715259
Delphi_ExtendedDeltaDensity,HHS Region 10,1 wk ahead,2016/2017,1,2.1,0.0167717498
Delphi_ExtendedDeltaDensity,HHS Region 10,1 wk ahead,2016/2017,2,3.2,0.99776683441
Delphi_ExtendedDeltaDensity,HHS Region 10,1 wk ahead,2016/2017,3,2.4,0.33416170749
Delphi_ExtendedDeltaDensity,HHS Region 10,1 wk ahead,2016/2017,4,2.2,0.55243185578
Delphi_ExtendedDeltaDensity,HHS Region 10,1 wk ahead,2016/2017,5,1.9,0.15651111356
Delphi_ExtendedDeltaDensity,HHS Region 10,1 wk ahead,2016/2017,6,1.7,0.32568710371
Delphi_ExtendedDeltaDensity,HHS Region 10,1 wk ahead,2016/2017,7,1.4,0.1621941281
Delphi_ExtendedDeltaDensity,HHS Region 10,1 wk ahead,2016/2017,8,1.4,0.72921183366
Delphi_ExtendedDeltaDensity,HHS Region 10,1 wk ahead,2016/2017,9,0.9,0.42897378703
Delphi_ExtendedDeltaDensity,HHS Region 10,1 wk ahead,2016/2017,10,1.2,0.85665002465
Delphi_ExtendedDeltaDensity,HHS Region 10,1 wk ahead,2016/2017,11,0.8,0.097978689
Delphi_ExtendedDeltaDensity,HHS Region 10,1 wk ahead,2016/2017,12,0.8,0.218700967
Delphi_ExtendedDeltaDensity,HHS Region 10,1 wk ahead,2016/2017,13,0.7,0.22401921937
Delphi_ExtendedDeltaDensity,HHS Region 10,1 wk ahead,2016/2017,14,0.6,0.130023947
Delphi_ExtendedDeltaDensity,HHS Region 10,1 wk ahead,2016/2017,15,0.5,0.16949683326
Delphi_ExtendedDeltaDensity,HHS Region 10,1 wk ahead,2016/2017,16,0.4,0.31236887483
Delphi_ExtendedDeltaDensity,HHS Region 10,1 wk ahead,2016/2017,17,0.6,0.9348928447
Delphi_ExtendedDeltaDensity,HHS Region 10,1 wk ahead,2016/2017,18,0.4,0.0752967147
