model_name,location,target,season,calendar_week,valid.bin_lag,cdf
CUBMA,US National,4 wk ahead,2015/2016,43,1.8,0.5437323187939
CUBMA,US National,4 wk ahead,2015/2016,44,1.6,0.396387126
CUBMA,US National,4 wk ahead,2015/2016,45,1.7,9.449887e-160
CUBMA,US National,4 wk ahead,2015/2016,46,1.8,0.000491396633878055
CUBMA,US National,4 wk ahead,2015/2016,47,2.3,0.195414444
CUBMA,US National,4 wk ahead,2015/2016,48,2.4,0.000402838093562688
CUBMA,US National,4 wk ahead,2015/2016,49,1.9,0.186273994
CUBMA,US National,4 wk ahead,2015/2016,50,1.9,0.1730076928
CUBMA,US National,4 wk ahead,2015/2016,51,2.1,0.22376689274
CUBMA,US National,4 wk ahead,2015/2016,52,2.2,0.30680357258
CUBMA,US National,4 wk ahead,2015/2016,1,2.3,0.273223159
CUBMA,US National,4 wk ahead,2015/2016,2,2.7,0.367679758
CUBMA,US National,4 wk ahead,2015/2016,3,3.1,0.8677170854
CUBMA,US National,4 wk ahead,2015/2016,4,3.1,0.77985664775
CUBMA,US National,4 wk ahead,2015/2016,5,3.2,0.76867857361
CUBMA,US National,4 wk ahead,2015/2016,6,3.5,0.848672915
CUBMA,US National,4 wk ahead,2015/2016,7,3,0.890762548192066
CUBMA,US National,4 wk ahead,2015/2016,8,2.7,0.7808164313
CUBMA,US National,4 wk ahead,2015/2016,9,2.4,0.683970024
CUBMA,US National,4 wk ahead,2015/2016,10,2,0.77104225459
CUBMA,US National,4 wk ahead,2015/2016,11,1.9,0.740000976
CUBMA,US National,4 wk ahead,2015/2016,12,1.8,0.732665185
CUBMA,US National,4 wk ahead,2015/2016,13,1.6,0.661306144
CUBMA,US National,4 wk ahead,2015/2016,14,1.5,0.365247589
CUBMA,US National,4 wk ahead,2015/2016,15,1.3,0.0756723200745155
CUBMA,US National,4 wk ahead,2015/2016,16,1.2,0.082844330898927
CUBMA,US National,4 wk ahead,2015/2016,17,1.1,0.06694904242
CUBMA,US National,4 wk ahead,2015/2016,18,1.1,1.438129e-62
CUBMA,HHS Region 1,4 wk ahead,2015/2016,43,0.9,0.31204276
CUBMA,HHS Region 1,4 wk ahead,2015/2016,44,0.7,0.00320748871028881
CUBMA,HHS Region 1,4 wk ahead,2015/2016,45,0.9,0.2799820656
CUBMA,HHS Region 1,4 wk ahead,2015/2016,46,0.9,0.28437835
CUBMA,HHS Region 1,4 wk ahead,2015/2016,47,1.3,0.34982225
CUBMA,HHS Region 1,4 wk ahead,2015/2016,48,1.5,0.350253472624465
CUBMA,HHS Region 1,4 wk ahead,2015/2016,49,1.2,0.93501593959
CUBMA,HHS Region 1,4 wk ahead,2015/2016,50,1.3,0.495736184259898
CUBMA,HHS Region 1,4 wk ahead,2015/2016,51,1.4,0.531769642
CUBMA,HHS Region 1,4 wk ahead,2015/2016,52,1.6,0.443792445
CUBMA,HHS Region 1,4 wk ahead,2015/2016,1,1.7,0.239870696
CUBMA,HHS Region 1,4 wk ahead,2015/2016,2,1.9,0.223051466
CUBMA,HHS Region 1,4 wk ahead,2015/2016,3,1.9,0.0889866632
CUBMA,HHS Region 1,4 wk ahead,2015/2016,4,1.9,0.2517515662
CUBMA,HHS Region 1,4 wk ahead,2015/2016,5,1.9,0.434247815633
CUBMA,HHS Region 1,4 wk ahead,2015/2016,6,2.4,1.00000002212705
CUBMA,HHS Region 1,4 wk ahead,2015/2016,7,2.1,0.994176414576304
CUBMA,HHS Region 1,4 wk ahead,2015/2016,8,1.9,0.98638237226
CUBMA,HHS Region 1,4 wk ahead,2015/2016,9,1.9,0.910550441
CUBMA,HHS Region 1,4 wk ahead,2015/2016,10,1.6,0.8708096399
CUBMA,HHS Region 1,4 wk ahead,2015/2016,11,1.5,0.913948882
CUBMA,HHS Region 1,4 wk ahead,2015/2016,12,1.5,0.97156209001
CUBMA,HHS Region 1,4 wk ahead,2015/2016,13,1,0.4194102267
CUBMA,HHS Region 1,4 wk ahead,2015/2016,14,1,0.4336653804
CUBMA,HHS Region 1,4 wk ahead,2015/2016,15,0.8,0.14054667431
CUBMA,HHS Region 1,4 wk ahead,2015/2016,16,0.8,0.0178537614965667
CUBMA,HHS Region 1,4 wk ahead,2015/2016,17,0.7,0.0981468044
CUBMA,HHS Region 1,4 wk ahead,2015/2016,18,0.6,0.15744973
CUBMA,HHS Region 2,4 wk ahead,2015/2016,43,1.3,0.355896324
CUBMA,HHS Region 2,4 wk ahead,2015/2016,44,1.5,0.3390253
CUBMA,HHS Region 2,4 wk ahead,2015/2016,45,1.8,0.223095545144299
CUBMA,HHS Region 2,4 wk ahead,2015/2016,46,1.6,0.0536444943
CUBMA,HHS Region 2,4 wk ahead,2015/2016,47,2.2,1.06390584758741e-08
CUBMA,HHS Region 2,4 wk ahead,2015/2016,48,2.2,0.028199312852
CUBMA,HHS Region 2,4 wk ahead,2015/2016,49,1.7,0.0027356075149766
CUBMA,HHS Region 2,4 wk ahead,2015/2016,50,2.3,0.2229466897
CUBMA,HHS Region 2,4 wk ahead,2015/2016,51,2.1,0.182298769
CUBMA,HHS Region 2,4 wk ahead,2015/2016,52,2.2,0.027840030846724
CUBMA,HHS Region 2,4 wk ahead,2015/2016,1,2.4,0.277742332
CUBMA,HHS Region 2,4 wk ahead,2015/2016,2,3.1,0.36570048613
CUBMA,HHS Region 2,4 wk ahead,2015/2016,3,2.7,0.388734434
CUBMA,HHS Region 2,4 wk ahead,2015/2016,4,3.1,0.377180712
CUBMA,HHS Region 2,4 wk ahead,2015/2016,5,3.6,0.9483171691327
CUBMA,HHS Region 2,4 wk ahead,2015/2016,6,3.9,0.99999994465614
CUBMA,HHS Region 2,4 wk ahead,2015/2016,7,4,0.9635698749
CUBMA,HHS Region 2,4 wk ahead,2015/2016,8,3.2,0.999983051246946
CUBMA,HHS Region 2,4 wk ahead,2015/2016,9,2.2,0.35725966
CUBMA,HHS Region 2,4 wk ahead,2015/2016,10,1.9,0.124790293845898
CUBMA,HHS Region 2,4 wk ahead,2015/2016,11,2.1,0.404072321547
CUBMA,HHS Region 2,4 wk ahead,2015/2016,12,1.9,0.7603330951777
CUBMA,HHS Region 2,4 wk ahead,2015/2016,13,1.6,0.57360696071381
CUBMA,HHS Region 2,4 wk ahead,2015/2016,14,1.4,0.996055545871645
CUBMA,HHS Region 2,4 wk ahead,2015/2016,15,1.2,0.08433699809
CUBMA,HHS Region 2,4 wk ahead,2015/2016,16,1.2,2.82171608516697e-05
CUBMA,HHS Region 2,4 wk ahead,2015/2016,17,1.1,0.00403632614340813
CUBMA,HHS Region 2,4 wk ahead,2015/2016,18,0.7,5.56122892902645e-12
CUBMA,HHS Region 3,4 wk ahead,2015/2016,43,2.1,0.984747216814127
CUBMA,HHS Region 3,4 wk ahead,2015/2016,44,1.7,0.583845493
CUBMA,HHS Region 3,4 wk ahead,2015/2016,45,1.9,0.312017518
CUBMA,HHS Region 3,4 wk ahead,2015/2016,46,2.2,0.265481605938
CUBMA,HHS Region 3,4 wk ahead,2015/2016,47,2.7,0.11932870194
CUBMA,HHS Region 3,4 wk ahead,2015/2016,48,2.9,0.2557475746
CUBMA,HHS Region 3,4 wk ahead,2015/2016,49,2.3,0.235390708
CUBMA,HHS Region 3,4 wk ahead,2015/2016,50,2.2,0.236289120509
CUBMA,HHS Region 3,4 wk ahead,2015/2016,51,2.2,0.00914665786893267
CUBMA,HHS Region 3,4 wk ahead,2015/2016,52,2.1,0.0881938823
CUBMA,HHS Region 3,4 wk ahead,2015/2016,1,1.9,0.04586688943
CUBMA,HHS Region 3,4 wk ahead,2015/2016,2,2.2,0.115546111
CUBMA,HHS Region 3,4 wk ahead,2015/2016,3,2.5,0.222771413
CUBMA,HHS Region 3,4 wk ahead,2015/2016,4,2.8,0.2336049274
CUBMA,HHS Region 3,4 wk ahead,2015/2016,5,3.2,0.5783953572
CUBMA,HHS Region 3,4 wk ahead,2015/2016,6,3.9,0.963015525
CUBMA,HHS Region 3,4 wk ahead,2015/2016,7,3.1,0.999933661817919
CUBMA,HHS Region 3,4 wk ahead,2015/2016,8,2.9,0.999996966566237
CUBMA,HHS Region 3,4 wk ahead,2015/2016,9,2.4,0.936034487
CUBMA,HHS Region 3,4 wk ahead,2015/2016,10,2,0.8964140817
CUBMA,HHS Region 3,4 wk ahead,2015/2016,11,2.1,0.736360976
CUBMA,HHS Region 3,4 wk ahead,2015/2016,12,2.2,0.9677817747
CUBMA,HHS Region 3,4 wk ahead,2015/2016,13,2.1,0.8984717361
CUBMA,HHS Region 3,4 wk ahead,2015/2016,14,1.8,0.483975275
CUBMA,HHS Region 3,4 wk ahead,2015/2016,15,1.6,0.000661304791814738
CUBMA,HHS Region 3,4 wk ahead,2015/2016,16,1.6,0.3566944207
CUBMA,HHS Region 3,4 wk ahead,2015/2016,17,1.5,0.301399653386142
CUBMA,HHS Region 3,4 wk ahead,2015/2016,18,1.8,0.209308342373815
CUBMA,HHS Region 4,4 wk ahead,2015/2016,43,1.6,0.255230609816659
CUBMA,HHS Region 4,4 wk ahead,2015/2016,44,1.3,0.28121371
CUBMA,HHS Region 4,4 wk ahead,2015/2016,45,1.3,0.159694254
CUBMA,HHS Region 4,4 wk ahead,2015/2016,46,1.4,0.1040350162
CUBMA,HHS Region 4,4 wk ahead,2015/2016,47,1.8,0.0219622166604053
CUBMA,HHS Region 4,4 wk ahead,2015/2016,48,1.7,0.009571761053
CUBMA,HHS Region 4,4 wk ahead,2015/2016,49,1.3,0.0028752545388
CUBMA,HHS Region 4,4 wk ahead,2015/2016,50,1.4,0.07475864864
CUBMA,HHS Region 4,4 wk ahead,2015/2016,51,1.7,0.112924434
CUBMA,HHS Region 4,4 wk ahead,2015/2016,52,1.8,0.0308413455794
CUBMA,HHS Region 4,4 wk ahead,2015/2016,1,2,0.1996269298
CUBMA,HHS Region 4,4 wk ahead,2015/2016,2,2.2,0.324030021
CUBMA,HHS Region 4,4 wk ahead,2015/2016,3,2.8,0.375344821
CUBMA,HHS Region 4,4 wk ahead,2015/2016,4,3.3,0.8408308753
CUBMA,HHS Region 4,4 wk ahead,2015/2016,5,3.2,0.9611210045
CUBMA,HHS Region 4,4 wk ahead,2015/2016,6,3.5,0.976396738
CUBMA,HHS Region 4,4 wk ahead,2015/2016,7,2.8,0.862148153
CUBMA,HHS Region 4,4 wk ahead,2015/2016,8,2.7,0.728779682
CUBMA,HHS Region 4,4 wk ahead,2015/2016,9,2.6,0.999041316936141
CUBMA,HHS Region 4,4 wk ahead,2015/2016,10,2,0.835426536
CUBMA,HHS Region 4,4 wk ahead,2015/2016,11,1.9,0.998463956204013
CUBMA,HHS Region 4,4 wk ahead,2015/2016,12,1.9,0.992391226158026
CUBMA,HHS Region 4,4 wk ahead,2015/2016,13,1.7,0.7413289973
CUBMA,HHS Region 4,4 wk ahead,2015/2016,14,1.6,0.61710308002218
CUBMA,HHS Region 4,4 wk ahead,2015/2016,15,1.3,0.28757314062
CUBMA,HHS Region 4,4 wk ahead,2015/2016,16,1.1,1.30841379477189e-05
CUBMA,HHS Region 4,4 wk ahead,2015/2016,17,1,0.0412525559
CUBMA,HHS Region 4,4 wk ahead,2015/2016,18,1,0.032888191471
CUBMA,HHS Region 5,4 wk ahead,2015/2016,43,1.3,0.0941117446941457
CUBMA,HHS Region 5,4 wk ahead,2015/2016,44,1,0.009483544858766
CUBMA,HHS Region 5,4 wk ahead,2015/2016,45,1.3,0.31476898
CUBMA,HHS Region 5,4 wk ahead,2015/2016,46,1.4,0.2178334778
CUBMA,HHS Region 5,4 wk ahead,2015/2016,47,1.7,0.000563259647463759
CUBMA,HHS Region 5,4 wk ahead,2015/2016,48,1.6,2.90613759846018e-23
CUBMA,HHS Region 5,4 wk ahead,2015/2016,49,1.3,0.003161435748305
CUBMA,HHS Region 5,4 wk ahead,2015/2016,50,1.3,0.27090476
CUBMA,HHS Region 5,4 wk ahead,2015/2016,51,1.3,0.07837813874
CUBMA,HHS Region 5,4 wk ahead,2015/2016,52,1.3,0.0047828525350221
CUBMA,HHS Region 5,4 wk ahead,2015/2016,1,1.5,0.07641074672
CUBMA,HHS Region 5,4 wk ahead,2015/2016,2,1.7,0.027643780952
CUBMA,HHS Region 5,4 wk ahead,2015/2016,3,2,9.7674540516049e-05
CUBMA,HHS Region 5,4 wk ahead,2015/2016,4,2.5,0.365759436
CUBMA,HHS Region 5,4 wk ahead,2015/2016,5,2.8,0.8413617662
CUBMA,HHS Region 5,4 wk ahead,2015/2016,6,3.2,0.9999757697921
CUBMA,HHS Region 5,4 wk ahead,2015/2016,7,2.5,0.99275263511
CUBMA,HHS Region 5,4 wk ahead,2015/2016,8,2.2,0.83385157
CUBMA,HHS Region 5,4 wk ahead,2015/2016,9,1.9,0.764337602
CUBMA,HHS Region 5,4 wk ahead,2015/2016,10,1.5,0.5713524981
CUBMA,HHS Region 5,4 wk ahead,2015/2016,11,1.4,0.395300742929296
CUBMA,HHS Region 5,4 wk ahead,2015/2016,12,1.4,0.5501610887
CUBMA,HHS Region 5,4 wk ahead,2015/2016,13,1.3,0.581916340511643
CUBMA,HHS Region 5,4 wk ahead,2015/2016,14,0.9,0.236343577
CUBMA,HHS Region 5,4 wk ahead,2015/2016,15,1.1,0.0255031588879125
CUBMA,HHS Region 5,4 wk ahead,2015/2016,16,0.9,0.311920677
CUBMA,HHS Region 5,4 wk ahead,2015/2016,17,0.7,0.095367131
CUBMA,HHS Region 5,4 wk ahead,2015/2016,18,0.8,0.2388527308
CUBMA,HHS Region 6,4 wk ahead,2015/2016,43,4.1,0.778207727110189
CUBMA,HHS Region 6,4 wk ahead,2015/2016,44,3.8,0.718104926832779
CUBMA,HHS Region 6,4 wk ahead,2015/2016,45,3.9,0.999735172676108
CUBMA,HHS Region 6,4 wk ahead,2015/2016,46,4,0.999893685677007
CUBMA,HHS Region 6,4 wk ahead,2015/2016,47,4.4,0.99999617835774
CUBMA,HHS Region 6,4 wk ahead,2015/2016,48,4.9,0.651766329
CUBMA,HHS Region 6,4 wk ahead,2015/2016,49,4,0.1527164526
CUBMA,HHS Region 6,4 wk ahead,2015/2016,50,3.7,0.740529341030375
CUBMA,HHS Region 6,4 wk ahead,2015/2016,51,4,1.00000004167065
CUBMA,HHS Region 6,4 wk ahead,2015/2016,52,4.4,0.8638248897
CUBMA,HHS Region 6,4 wk ahead,2015/2016,1,4.3,0.103165466113927
CUBMA,HHS Region 6,4 wk ahead,2015/2016,2,5,0.659804386810841
CUBMA,HHS Region 6,4 wk ahead,2015/2016,3,5.5,0.9212194665
CUBMA,HHS Region 6,4 wk ahead,2015/2016,4,4.4,0.98796155428
CUBMA,HHS Region 6,4 wk ahead,2015/2016,5,4.6,0.943559978
CUBMA,HHS Region 6,4 wk ahead,2015/2016,6,4.3,0.998988012352
CUBMA,HHS Region 6,4 wk ahead,2015/2016,7,3.8,0.998839911364302
CUBMA,HHS Region 6,4 wk ahead,2015/2016,8,3.5,0.999904434418904
CUBMA,HHS Region 6,4 wk ahead,2015/2016,9,3.2,0.9651447752408
CUBMA,HHS Region 6,4 wk ahead,2015/2016,10,2.8,0.758901805
CUBMA,HHS Region 6,4 wk ahead,2015/2016,11,3,0.999593040949262
CUBMA,HHS Region 6,4 wk ahead,2015/2016,12,2.9,1.00000003668245
CUBMA,HHS Region 6,4 wk ahead,2015/2016,13,2.7,0.999999931114213
CUBMA,HHS Region 6,4 wk ahead,2015/2016,14,2.6,0.91203461743
CUBMA,HHS Region 6,4 wk ahead,2015/2016,15,2.2,0.36403688
CUBMA,HHS Region 6,4 wk ahead,2015/2016,16,2.2,0.761508645167698
CUBMA,HHS Region 6,4 wk ahead,2015/2016,17,2.3,0.66739651099869
CUBMA,HHS Region 6,4 wk ahead,2015/2016,18,2,0.4117485263502
CUBMA,HHS Region 7,4 wk ahead,2015/2016,43,1.2,0.224357975
CUBMA,HHS Region 7,4 wk ahead,2015/2016,44,0.9,0.19521375
CUBMA,HHS Region 7,4 wk ahead,2015/2016,45,0.8,0.103904142
CUBMA,HHS Region 7,4 wk ahead,2015/2016,46,1.1,0.182646243
CUBMA,HHS Region 7,4 wk ahead,2015/2016,47,1.3,0.00239324615263608
CUBMA,HHS Region 7,4 wk ahead,2015/2016,48,1.5,0.220754055
CUBMA,HHS Region 7,4 wk ahead,2015/2016,49,1.3,0.059444795933979
CUBMA,HHS Region 7,4 wk ahead,2015/2016,50,1,0.23006252
CUBMA,HHS Region 7,4 wk ahead,2015/2016,51,1.1,0.08009482218
CUBMA,HHS Region 7,4 wk ahead,2015/2016,52,1.1,0.144999715
CUBMA,HHS Region 7,4 wk ahead,2015/2016,1,1,0.01335184578
CUBMA,HHS Region 7,4 wk ahead,2015/2016,2,1.4,0.199016937
CUBMA,HHS Region 7,4 wk ahead,2015/2016,3,1.7,0.1589082642
CUBMA,HHS Region 7,4 wk ahead,2015/2016,4,1.7,0.066289788172
CUBMA,HHS Region 7,4 wk ahead,2015/2016,5,2.3,0.99905835761234
CUBMA,HHS Region 7,4 wk ahead,2015/2016,6,2.4,0.9967598487
CUBMA,HHS Region 7,4 wk ahead,2015/2016,7,1.9,0.79627812758
CUBMA,HHS Region 7,4 wk ahead,2015/2016,8,2,0.954651831508
CUBMA,HHS Region 7,4 wk ahead,2015/2016,9,2,0.990729130403969
CUBMA,HHS Region 7,4 wk ahead,2015/2016,10,1.4,0.78401114004946
CUBMA,HHS Region 7,4 wk ahead,2015/2016,11,1.3,0.608186973927025
CUBMA,HHS Region 7,4 wk ahead,2015/2016,12,1.1,0.47536717165
CUBMA,HHS Region 7,4 wk ahead,2015/2016,13,0.9,0.1802339694555
CUBMA,HHS Region 7,4 wk ahead,2015/2016,14,0.8,0.000861230381345534
CUBMA,HHS Region 7,4 wk ahead,2015/2016,15,0.6,0.000218730489905265
CUBMA,HHS Region 7,4 wk ahead,2015/2016,16,0.5,0.0513027016
CUBMA,HHS Region 7,4 wk ahead,2015/2016,17,0.2,0.00049777642
CUBMA,HHS Region 7,4 wk ahead,2015/2016,18,0.3,1.84593499578684e-06
CUBMA,HHS Region 8,4 wk ahead,2015/2016,43,0.9,0.47925994
CUBMA,HHS Region 8,4 wk ahead,2015/2016,44,0.6,0.041234832386
CUBMA,HHS Region 8,4 wk ahead,2015/2016,45,0.8,0.0205201470499799
CUBMA,HHS Region 8,4 wk ahead,2015/2016,46,0.8,1.533929e-140
CUBMA,HHS Region 8,4 wk ahead,2015/2016,47,1.1,0.05280690775
CUBMA,HHS Region 8,4 wk ahead,2015/2016,48,1.4,0.242343061
CUBMA,HHS Region 8,4 wk ahead,2015/2016,49,1,0.137868687
CUBMA,HHS Region 8,4 wk ahead,2015/2016,50,1.1,0.40278813
CUBMA,HHS Region 8,4 wk ahead,2015/2016,51,1.1,0.3729110656
CUBMA,HHS Region 8,4 wk ahead,2015/2016,52,1.2,0.10488939970228
CUBMA,HHS Region 8,4 wk ahead,2015/2016,1,1.5,0.270903735308356
CUBMA,HHS Region 8,4 wk ahead,2015/2016,2,1.7,0.428168252334
CUBMA,HHS Region 8,4 wk ahead,2015/2016,3,2,0.900918342726954
CUBMA,HHS Region 8,4 wk ahead,2015/2016,4,2.1,0.51898529
CUBMA,HHS Region 8,4 wk ahead,2015/2016,5,1.9,0.578616083
CUBMA,HHS Region 8,4 wk ahead,2015/2016,6,2,0.75331235421
CUBMA,HHS Region 8,4 wk ahead,2015/2016,7,2.1,0.8729265446307
CUBMA,HHS Region 8,4 wk ahead,2015/2016,8,1.8,0.931226430578
CUBMA,HHS Region 8,4 wk ahead,2015/2016,9,1.7,0.9160975003
CUBMA,HHS Region 8,4 wk ahead,2015/2016,10,1.6,0.874768556763
CUBMA,HHS Region 8,4 wk ahead,2015/2016,11,1.2,0.603292566906
CUBMA,HHS Region 8,4 wk ahead,2015/2016,12,1.1,0.627222466112
CUBMA,HHS Region 8,4 wk ahead,2015/2016,13,0.9,0.3682448451
CUBMA,HHS Region 8,4 wk ahead,2015/2016,14,0.9,0.368872505
CUBMA,HHS Region 8,4 wk ahead,2015/2016,15,0.7,0.1564250434
CUBMA,HHS Region 8,4 wk ahead,2015/2016,16,0.6,0.153787188
CUBMA,HHS Region 8,4 wk ahead,2015/2016,17,0.6,0.0268106324575084
CUBMA,HHS Region 8,4 wk ahead,2015/2016,18,0.6,0.00316387951092284
CUBMA,HHS Region 9,4 wk ahead,2015/2016,43,2.2,0.979511815945519
CUBMA,HHS Region 9,4 wk ahead,2015/2016,44,1.9,0.801445338704
CUBMA,HHS Region 9,4 wk ahead,2015/2016,45,1.9,0.327047416
CUBMA,HHS Region 9,4 wk ahead,2015/2016,46,2,0.27544982468
CUBMA,HHS Region 9,4 wk ahead,2015/2016,47,2.7,0.461371906
CUBMA,HHS Region 9,4 wk ahead,2015/2016,48,2.9,0.279038538
CUBMA,HHS Region 9,4 wk ahead,2015/2016,49,2.3,0.310278582
CUBMA,HHS Region 9,4 wk ahead,2015/2016,50,2.3,0.21416921473
CUBMA,HHS Region 9,4 wk ahead,2015/2016,51,2.5,0.4107407536
CUBMA,HHS Region 9,4 wk ahead,2015/2016,52,2.7,0.3103470411
CUBMA,HHS Region 9,4 wk ahead,2015/2016,1,3.1,0.411067319525397
CUBMA,HHS Region 9,4 wk ahead,2015/2016,2,3.9,0.81680095203
CUBMA,HHS Region 9,4 wk ahead,2015/2016,3,4.3,0.94695497502
CUBMA,HHS Region 9,4 wk ahead,2015/2016,4,3.8,0.803612823
CUBMA,HHS Region 9,4 wk ahead,2015/2016,5,3.7,0.7576642293
CUBMA,HHS Region 9,4 wk ahead,2015/2016,6,3.7,0.9282740822
CUBMA,HHS Region 9,4 wk ahead,2015/2016,7,3.2,0.94450839877904
CUBMA,HHS Region 9,4 wk ahead,2015/2016,8,2.9,0.6997213458875
CUBMA,HHS Region 9,4 wk ahead,2015/2016,9,2.7,0.9255526591282
CUBMA,HHS Region 9,4 wk ahead,2015/2016,10,2.2,0.9562445338374
CUBMA,HHS Region 9,4 wk ahead,2015/2016,11,1.9,0.8920358623
CUBMA,HHS Region 9,4 wk ahead,2015/2016,12,1.7,0.9747404755
CUBMA,HHS Region 9,4 wk ahead,2015/2016,13,1.7,1.00000001791239
CUBMA,HHS Region 9,4 wk ahead,2015/2016,14,1.7,0.795371356
CUBMA,HHS Region 9,4 wk ahead,2015/2016,15,1.4,0.3864660141
CUBMA,HHS Region 9,4 wk ahead,2015/2016,16,1.4,0.341560423136
CUBMA,HHS Region 9,4 wk ahead,2015/2016,17,1.3,0.396652933
CUBMA,HHS Region 9,4 wk ahead,2015/2016,18,1.3,0.240547074406735
CUBMA,HHS Region 10,4 wk ahead,2015/2016,43,0.7,2.95979644694602e-05
CUBMA,HHS Region 10,4 wk ahead,2015/2016,44,0.7,0.40911037
CUBMA,HHS Region 10,4 wk ahead,2015/2016,45,0.5,0.20134415
CUBMA,HHS Region 10,4 wk ahead,2015/2016,46,0.6,0.143663808
CUBMA,HHS Region 10,4 wk ahead,2015/2016,47,0.6,0.140687714
CUBMA,HHS Region 10,4 wk ahead,2015/2016,48,0.7,0.099130589
CUBMA,HHS Region 10,4 wk ahead,2015/2016,49,0.8,0.16907141925
CUBMA,HHS Region 10,4 wk ahead,2015/2016,50,1,0.739888471
CUBMA,HHS Region 10,4 wk ahead,2015/2016,51,1.3,0.99838563899
CUBMA,HHS Region 10,4 wk ahead,2015/2016,52,1.3,0.999999790198142
CUBMA,HHS Region 10,4 wk ahead,2015/2016,1,1.6,0.999980443334662
CUBMA,HHS Region 10,4 wk ahead,2015/2016,2,1.6,0.120649741745137
CUBMA,HHS Region 10,4 wk ahead,2015/2016,3,2.3,0.5453762746136
CUBMA,HHS Region 10,4 wk ahead,2015/2016,4,2,0.429553855879587
CUBMA,HHS Region 10,4 wk ahead,2015/2016,5,1.9,0.58886982175
CUBMA,HHS Region 10,4 wk ahead,2015/2016,6,2.1,0.984319673566852
CUBMA,HHS Region 10,4 wk ahead,2015/2016,7,2.1,0.827283468
CUBMA,HHS Region 10,4 wk ahead,2015/2016,8,1.6,0.7371801698
CUBMA,HHS Region 10,4 wk ahead,2015/2016,9,1.7,0.921154413435
CUBMA,HHS Region 10,4 wk ahead,2015/2016,10,1.6,0.913800141615
CUBMA,HHS Region 10,4 wk ahead,2015/2016,11,0.9,0.312443063321946
CUBMA,HHS Region 10,4 wk ahead,2015/2016,12,0.7,0.0947410267855
CUBMA,HHS Region 10,4 wk ahead,2015/2016,13,0.6,0.1051089462983
CUBMA,HHS Region 10,4 wk ahead,2015/2016,14,0.8,0.309696207
CUBMA,HHS Region 10,4 wk ahead,2015/2016,15,0.4,0.068598058
CUBMA,HHS Region 10,4 wk ahead,2015/2016,16,0.4,0.003767290670528
CUBMA,HHS Region 10,4 wk ahead,2015/2016,17,0.1,0.05112056
CUBMA,HHS Region 10,4 wk ahead,2015/2016,18,0.1,0.0380944
