model_name,location,target,season,calendar_week,valid.bin_lag,cdf
Protea_Cheetah,US National,3 wk ahead,2016/2017,43,1.5,0.242000666342083
Protea_Cheetah,US National,3 wk ahead,2016/2017,44,1.8,0.438000374947472
Protea_Cheetah,US National,3 wk ahead,2016/2017,45,1.7,0.26065970803
Protea_Cheetah,US National,3 wk ahead,2016/2017,46,1.8,0.217465262416
Protea_Cheetah,US National,3 wk ahead,2016/2017,47,2.1,0.374327565488
Protea_Cheetah,US National,3 wk ahead,2016/2017,48,2.6,0.79138950565
Protea_Cheetah,US National,3 wk ahead,2016/2017,49,3.3,0.852109843831
Protea_Cheetah,US National,3 wk ahead,2016/2017,50,3,0.64387010922
Protea_Cheetah,US National,3 wk ahead,2016/2017,51,3,0.4229647558
Protea_Cheetah,US National,3 wk ahead,2016/2017,52,3.4,0.34450146725
Protea_Cheetah,US National,3 wk ahead,2016/2017,1,3.7,0.662750186662
Protea_Cheetah,US National,3 wk ahead,2016/2017,2,4.3,0.88034634408
Protea_Cheetah,US National,3 wk ahead,2016/2017,3,5,0.963825542304
Protea_Cheetah,US National,3 wk ahead,2016/2017,4,4.8,0.873921905063
Protea_Cheetah,US National,3 wk ahead,2016/2017,5,4.5,0.55165121043
Protea_Cheetah,US National,3 wk ahead,2016/2017,6,3.5,0.17873659546
Protea_Cheetah,US National,3 wk ahead,2016/2017,7,3.4,0.24240034837
Protea_Cheetah,US National,3 wk ahead,2016/2017,8,3.1,0.19699982321
Protea_Cheetah,US National,3 wk ahead,2016/2017,9,3,0.47200755959245
Protea_Cheetah,US National,3 wk ahead,2016/2017,10,2.7,0.302010086999272
Protea_Cheetah,US National,3 wk ahead,2016/2017,11,2.3,0.284010299249668
Protea_Cheetah,US National,3 wk ahead,2016/2017,12,1.9,0.06201307561501
Protea_Cheetah,US National,3 wk ahead,2016/2017,13,1.7,0.0480006846173586
Protea_Cheetah,US National,3 wk ahead,2016/2017,14,1.5,0.0460006913136513
Protea_Cheetah,US National,3 wk ahead,2016/2017,15,1.3,0.240000404810191
Protea_Cheetah,US National,3 wk ahead,2016/2017,16,1.2,0.184000381512348
Protea_Cheetah,US National,3 wk ahead,2016/2017,17,1.2,0.74799939477907
Protea_Cheetah,US National,3 wk ahead,2016/2017,18,1.1,0.28001183735028
Protea_Cheetah,HHS Region 1,3 wk ahead,2016/2017,43,0.8,0.576000839348494
Protea_Cheetah,HHS Region 1,3 wk ahead,2016/2017,44,0.9,0.584000451034318
Protea_Cheetah,HHS Region 1,3 wk ahead,2016/2017,45,0.8,0.114586486882
Protea_Cheetah,HHS Region 1,3 wk ahead,2016/2017,46,0.8,0.107753090137
Protea_Cheetah,HHS Region 1,3 wk ahead,2016/2017,47,0.9,0.11689875563999
Protea_Cheetah,HHS Region 1,3 wk ahead,2016/2017,48,1.1,0.24179732533291
Protea_Cheetah,HHS Region 1,3 wk ahead,2016/2017,49,1.3,0.24374860059
Protea_Cheetah,HHS Region 1,3 wk ahead,2016/2017,50,1.5,0.4629696608
Protea_Cheetah,HHS Region 1,3 wk ahead,2016/2017,51,1.4,0.5900716196
Protea_Cheetah,HHS Region 1,3 wk ahead,2016/2017,52,1.6,0.6180668359
Protea_Cheetah,HHS Region 1,3 wk ahead,2016/2017,1,2,0.80232820598
Protea_Cheetah,HHS Region 1,3 wk ahead,2016/2017,2,2.4,0.8773650963
Protea_Cheetah,HHS Region 1,3 wk ahead,2016/2017,3,3.1,0.88639423757
Protea_Cheetah,HHS Region 1,3 wk ahead,2016/2017,4,2.9,0.7921771669
Protea_Cheetah,HHS Region 1,3 wk ahead,2016/2017,5,2.9,0.62554486511
Protea_Cheetah,HHS Region 1,3 wk ahead,2016/2017,6,2.1,0.2611460403
Protea_Cheetah,HHS Region 1,3 wk ahead,2016/2017,7,2,0.5382891808
Protea_Cheetah,HHS Region 1,3 wk ahead,2016/2017,8,2,0.3622877283
Protea_Cheetah,HHS Region 1,3 wk ahead,2016/2017,9,1.8,0.54400411631296
Protea_Cheetah,HHS Region 1,3 wk ahead,2016/2017,10,1.9,0.60000498019761
Protea_Cheetah,HHS Region 1,3 wk ahead,2016/2017,11,2.1,0.89400120088374
Protea_Cheetah,HHS Region 1,3 wk ahead,2016/2017,12,1.7,0.7240024977836
Protea_Cheetah,HHS Region 1,3 wk ahead,2016/2017,13,1.4,0.51400023478865
Protea_Cheetah,HHS Region 1,3 wk ahead,2016/2017,14,1,0.266000387486067
Protea_Cheetah,HHS Region 1,3 wk ahead,2016/2017,15,0.8,0.14600044050687
Protea_Cheetah,HHS Region 1,3 wk ahead,2016/2017,16,0.6,0.05800043797289
Protea_Cheetah,HHS Region 1,3 wk ahead,2016/2017,17,0.6,0.4060093906938
Protea_Cheetah,HHS Region 1,3 wk ahead,2016/2017,18,0.5,0.1220159873884
Protea_Cheetah,HHS Region 2,3 wk ahead,2016/2017,43,2.4,0.400002857592216
Protea_Cheetah,HHS Region 2,3 wk ahead,2016/2017,44,3.2,0.744001253621377
Protea_Cheetah,HHS Region 2,3 wk ahead,2016/2017,45,3.1,0.511455045512
Protea_Cheetah,HHS Region 2,3 wk ahead,2016/2017,46,3.2,0.349071730502
Protea_Cheetah,HHS Region 2,3 wk ahead,2016/2017,47,3.3,0.270006661218
Protea_Cheetah,HHS Region 2,3 wk ahead,2016/2017,48,4.4,0.5515945357
Protea_Cheetah,HHS Region 2,3 wk ahead,2016/2017,49,5.9,0.9114802758
Protea_Cheetah,HHS Region 2,3 wk ahead,2016/2017,50,5.2,0.87985697938
Protea_Cheetah,HHS Region 2,3 wk ahead,2016/2017,51,5,0.85542010724
Protea_Cheetah,HHS Region 2,3 wk ahead,2016/2017,52,5.6,0.87022617635
Protea_Cheetah,HHS Region 2,3 wk ahead,2016/2017,1,5.9,0.8004510083
Protea_Cheetah,HHS Region 2,3 wk ahead,2016/2017,2,6.4,0.7666329854
Protea_Cheetah,HHS Region 2,3 wk ahead,2016/2017,3,6.8,0.9070761371
Protea_Cheetah,HHS Region 2,3 wk ahead,2016/2017,4,5.6,0.4008499858
Protea_Cheetah,HHS Region 2,3 wk ahead,2016/2017,5,4.6,0.257841595818
Protea_Cheetah,HHS Region 2,3 wk ahead,2016/2017,6,3,0.11247348687
Protea_Cheetah,HHS Region 2,3 wk ahead,2016/2017,7,3,0.1450519081
Protea_Cheetah,HHS Region 2,3 wk ahead,2016/2017,8,3.2,0.2507135463
Protea_Cheetah,HHS Region 2,3 wk ahead,2016/2017,9,3,0.46800518238317
Protea_Cheetah,HHS Region 2,3 wk ahead,2016/2017,10,3.6,0.96000014432538
Protea_Cheetah,HHS Region 2,3 wk ahead,2016/2017,11,3.6,0.98799987982039
Protea_Cheetah,HHS Region 2,3 wk ahead,2016/2017,12,3,0.96799950311805
Protea_Cheetah,HHS Region 2,3 wk ahead,2016/2017,13,2.2,0.242000524531824
Protea_Cheetah,HHS Region 2,3 wk ahead,2016/2017,14,2.3,0.314000510833456
Protea_Cheetah,HHS Region 2,3 wk ahead,2016/2017,15,1.9,0.330000407995619
Protea_Cheetah,HHS Region 2,3 wk ahead,2016/2017,16,1.9,0.712000037871947
Protea_Cheetah,HHS Region 2,3 wk ahead,2016/2017,17,2,0.9159986364197
Protea_Cheetah,HHS Region 2,3 wk ahead,2016/2017,18,1.7,0.48000966658025
Protea_Cheetah,HHS Region 3,3 wk ahead,2016/2017,43,1.3,0.266000055589813
Protea_Cheetah,HHS Region 3,3 wk ahead,2016/2017,44,1.6,0.755997738828099
Protea_Cheetah,HHS Region 3,3 wk ahead,2016/2017,45,1.4,0.253781661517
Protea_Cheetah,HHS Region 3,3 wk ahead,2016/2017,46,1.5,0.296385319649
Protea_Cheetah,HHS Region 3,3 wk ahead,2016/2017,47,1.8,0.173126609223
Protea_Cheetah,HHS Region 3,3 wk ahead,2016/2017,48,2.1,0.14210908637
Protea_Cheetah,HHS Region 3,3 wk ahead,2016/2017,49,3,0.63677338801
Protea_Cheetah,HHS Region 3,3 wk ahead,2016/2017,50,2.6,0.27315713761
Protea_Cheetah,HHS Region 3,3 wk ahead,2016/2017,51,2.7,0.44398353432
Protea_Cheetah,HHS Region 3,3 wk ahead,2016/2017,52,3,0.3885592807
Protea_Cheetah,HHS Region 3,3 wk ahead,2016/2017,1,3.4,0.671851174184
Protea_Cheetah,HHS Region 3,3 wk ahead,2016/2017,2,3.6,0.6225595249
Protea_Cheetah,HHS Region 3,3 wk ahead,2016/2017,3,5,0.93298088414
Protea_Cheetah,HHS Region 3,3 wk ahead,2016/2017,4,5.1,0.89258926822
Protea_Cheetah,HHS Region 3,3 wk ahead,2016/2017,5,4.9,0.86963259555
Protea_Cheetah,HHS Region 3,3 wk ahead,2016/2017,6,3.1,0.16806755285
Protea_Cheetah,HHS Region 3,3 wk ahead,2016/2017,7,3.1,0.1752005141
Protea_Cheetah,HHS Region 3,3 wk ahead,2016/2017,8,3.3,0.3832242414
Protea_Cheetah,HHS Region 3,3 wk ahead,2016/2017,9,2.9,0.580001596406184
Protea_Cheetah,HHS Region 3,3 wk ahead,2016/2017,10,3.1,0.819999941231089
Protea_Cheetah,HHS Region 3,3 wk ahead,2016/2017,11,2.1,0.32000583860996
Protea_Cheetah,HHS Region 3,3 wk ahead,2016/2017,12,1.6,0.116004449270454
Protea_Cheetah,HHS Region 3,3 wk ahead,2016/2017,13,1.3,0.0240002508110355
Protea_Cheetah,HHS Region 3,3 wk ahead,2016/2017,14,1,0.0120001115214615
Protea_Cheetah,HHS Region 3,3 wk ahead,2016/2017,15,0.9,0.0759999995553559
Protea_Cheetah,HHS Region 3,3 wk ahead,2016/2017,16,0.8,0.0200000509882827
Protea_Cheetah,HHS Region 3,3 wk ahead,2016/2017,17,0.9,0.207996599920343
Protea_Cheetah,HHS Region 3,3 wk ahead,2016/2017,18,0.8,0.167996188554015
Protea_Cheetah,HHS Region 4,3 wk ahead,2016/2017,43,1.8,0.5640014862563
Protea_Cheetah,HHS Region 4,3 wk ahead,2016/2017,44,2.1,0.526001233287728
Protea_Cheetah,HHS Region 4,3 wk ahead,2016/2017,45,1.8,0.287458956139
Protea_Cheetah,HHS Region 4,3 wk ahead,2016/2017,46,1.7,0.146740970081
Protea_Cheetah,HHS Region 4,3 wk ahead,2016/2017,47,2.2,0.21658538103
Protea_Cheetah,HHS Region 4,3 wk ahead,2016/2017,48,2.8,0.73797060585
Protea_Cheetah,HHS Region 4,3 wk ahead,2016/2017,49,3.3,0.87561374057
Protea_Cheetah,HHS Region 4,3 wk ahead,2016/2017,50,2.8,0.55226826072
Protea_Cheetah,HHS Region 4,3 wk ahead,2016/2017,51,2.8,0.57120649066
Protea_Cheetah,HHS Region 4,3 wk ahead,2016/2017,52,3.6,0.6155680808
Protea_Cheetah,HHS Region 4,3 wk ahead,2016/2017,1,3.5,0.83598280729
Protea_Cheetah,HHS Region 4,3 wk ahead,2016/2017,2,4.4,0.937920447764
Protea_Cheetah,HHS Region 4,3 wk ahead,2016/2017,3,5,0.9133149992
Protea_Cheetah,HHS Region 4,3 wk ahead,2016/2017,4,5.4,0.95578846189
Protea_Cheetah,HHS Region 4,3 wk ahead,2016/2017,5,5.4,0.8129924618
Protea_Cheetah,HHS Region 4,3 wk ahead,2016/2017,6,4.5,0.6807058826
Protea_Cheetah,HHS Region 4,3 wk ahead,2016/2017,7,4.4,0.59136221332
Protea_Cheetah,HHS Region 4,3 wk ahead,2016/2017,8,3.8,0.33028809287
Protea_Cheetah,HHS Region 4,3 wk ahead,2016/2017,9,4.6,0.88400164128416
Protea_Cheetah,HHS Region 4,3 wk ahead,2016/2017,10,3.6,0.472007776429242
Protea_Cheetah,HHS Region 4,3 wk ahead,2016/2017,11,2.7,0.502007232935447
Protea_Cheetah,HHS Region 4,3 wk ahead,2016/2017,12,2.1,0.02401422931901
Protea_Cheetah,HHS Region 4,3 wk ahead,2016/2017,13,1.7,0.032000729400713
Protea_Cheetah,HHS Region 4,3 wk ahead,2016/2017,14,1.4,0.0460006864044803
Protea_Cheetah,HHS Region 4,3 wk ahead,2016/2017,15,1.2,0.23000043656973
Protea_Cheetah,HHS Region 4,3 wk ahead,2016/2017,16,1.3,0.564000168442331
Protea_Cheetah,HHS Region 4,3 wk ahead,2016/2017,17,1.2,0.7440032245629
Protea_Cheetah,HHS Region 4,3 wk ahead,2016/2017,18,1.1,0.664006275048276
Protea_Cheetah,HHS Region 5,3 wk ahead,2016/2017,43,1.1,0.360000017342669
Protea_Cheetah,HHS Region 5,3 wk ahead,2016/2017,44,1.2,0.387999348583165
Protea_Cheetah,HHS Region 5,3 wk ahead,2016/2017,45,1.1,0.077990558291
Protea_Cheetah,HHS Region 5,3 wk ahead,2016/2017,46,1.4,0.430008111819
Protea_Cheetah,HHS Region 5,3 wk ahead,2016/2017,47,1.5,0.357420498721
Protea_Cheetah,HHS Region 5,3 wk ahead,2016/2017,48,1.7,0.482058813462
Protea_Cheetah,HHS Region 5,3 wk ahead,2016/2017,49,2.3,0.72580577959
Protea_Cheetah,HHS Region 5,3 wk ahead,2016/2017,50,2,0.45676679222
Protea_Cheetah,HHS Region 5,3 wk ahead,2016/2017,51,2,0.35587523189
Protea_Cheetah,HHS Region 5,3 wk ahead,2016/2017,52,2.3,0.22775245098
Protea_Cheetah,HHS Region 5,3 wk ahead,2016/2017,1,2.7,0.66127378677
Protea_Cheetah,HHS Region 5,3 wk ahead,2016/2017,2,3.1,0.85899978386
Protea_Cheetah,HHS Region 5,3 wk ahead,2016/2017,3,3.8,0.89541646822
Protea_Cheetah,HHS Region 5,3 wk ahead,2016/2017,4,4.2,0.94586813105
Protea_Cheetah,HHS Region 5,3 wk ahead,2016/2017,5,4.2,0.95174488129
Protea_Cheetah,HHS Region 5,3 wk ahead,2016/2017,6,2.9,0.4522578598
Protea_Cheetah,HHS Region 5,3 wk ahead,2016/2017,7,3.2,0.7244074654
Protea_Cheetah,HHS Region 5,3 wk ahead,2016/2017,8,2.9,0.6371050476
Protea_Cheetah,HHS Region 5,3 wk ahead,2016/2017,9,2.7,0.883999897738602
Protea_Cheetah,HHS Region 5,3 wk ahead,2016/2017,10,2.3,0.682003220217974
Protea_Cheetah,HHS Region 5,3 wk ahead,2016/2017,11,2,0.596005403579152
Protea_Cheetah,HHS Region 5,3 wk ahead,2016/2017,12,1.5,0.210010429814694
Protea_Cheetah,HHS Region 5,3 wk ahead,2016/2017,13,1.3,0.376000349781487
Protea_Cheetah,HHS Region 5,3 wk ahead,2016/2017,14,1.2,0.402000382888831
Protea_Cheetah,HHS Region 5,3 wk ahead,2016/2017,15,1,0.576000144173454
Protea_Cheetah,HHS Region 5,3 wk ahead,2016/2017,16,1,0.710000022871201
Protea_Cheetah,HHS Region 5,3 wk ahead,2016/2017,17,0.8,0.5820015737638
Protea_Cheetah,HHS Region 5,3 wk ahead,2016/2017,18,0.7,0.236009626124594
Protea_Cheetah,HHS Region 6,3 wk ahead,2016/2017,43,2.2,0.218001268830475
Protea_Cheetah,HHS Region 6,3 wk ahead,2016/2017,44,2.4,0.24200103021712
Protea_Cheetah,HHS Region 6,3 wk ahead,2016/2017,45,2.4,0.109844836815
Protea_Cheetah,HHS Region 6,3 wk ahead,2016/2017,46,2.8,0.35303425595
Protea_Cheetah,HHS Region 6,3 wk ahead,2016/2017,47,3.3,0.3686744157
Protea_Cheetah,HHS Region 6,3 wk ahead,2016/2017,48,3.8,0.55658803808
Protea_Cheetah,HHS Region 6,3 wk ahead,2016/2017,49,4.1,0.5337407488
Protea_Cheetah,HHS Region 6,3 wk ahead,2016/2017,50,4,0.3793481789
Protea_Cheetah,HHS Region 6,3 wk ahead,2016/2017,51,4.8,0.5080274344
Protea_Cheetah,HHS Region 6,3 wk ahead,2016/2017,52,5.2,0.56112229108
Protea_Cheetah,HHS Region 6,3 wk ahead,2016/2017,1,6,0.82331892573
Protea_Cheetah,HHS Region 6,3 wk ahead,2016/2017,2,8.1,0.952040778322
Protea_Cheetah,HHS Region 6,3 wk ahead,2016/2017,3,9.8,0.9738578853
Protea_Cheetah,HHS Region 6,3 wk ahead,2016/2017,4,8.8,0.9576579503
Protea_Cheetah,HHS Region 6,3 wk ahead,2016/2017,5,8.1,0.8842041167
Protea_Cheetah,HHS Region 6,3 wk ahead,2016/2017,6,6.8,0.6498531544
Protea_Cheetah,HHS Region 6,3 wk ahead,2016/2017,7,6.4,0.7215595776
Protea_Cheetah,HHS Region 6,3 wk ahead,2016/2017,8,5.3,0.6404822794
Protea_Cheetah,HHS Region 6,3 wk ahead,2016/2017,9,4.3,0.57000565795091
Protea_Cheetah,HHS Region 6,3 wk ahead,2016/2017,10,3.6,0.39200879631902
Protea_Cheetah,HHS Region 6,3 wk ahead,2016/2017,11,3.3,0.54600602141989
Protea_Cheetah,HHS Region 6,3 wk ahead,2016/2017,12,2.9,0.57600393789151
Protea_Cheetah,HHS Region 6,3 wk ahead,2016/2017,13,2.8,0.718000159860599
Protea_Cheetah,HHS Region 6,3 wk ahead,2016/2017,14,2.4,0.658000161933368
Protea_Cheetah,HHS Region 6,3 wk ahead,2016/2017,15,2.3,0.642000131763701
Protea_Cheetah,HHS Region 6,3 wk ahead,2016/2017,16,1.6,0.066000310247419
Protea_Cheetah,HHS Region 6,3 wk ahead,2016/2017,17,2.1,0.6660031771162
Protea_Cheetah,HHS Region 6,3 wk ahead,2016/2017,18,1.8,0.28401166401466
Protea_Cheetah,HHS Region 7,3 wk ahead,2016/2017,43,0.9,0.53212792857243
Protea_Cheetah,HHS Region 7,3 wk ahead,2016/2017,44,1.3,0.679999955260493
Protea_Cheetah,HHS Region 7,3 wk ahead,2016/2017,45,1.3,0.6049688733
Protea_Cheetah,HHS Region 7,3 wk ahead,2016/2017,46,1.2,0.6290126361
Protea_Cheetah,HHS Region 7,3 wk ahead,2016/2017,47,1.2,0.27440969245
Protea_Cheetah,HHS Region 7,3 wk ahead,2016/2017,48,1.7,0.440905586
Protea_Cheetah,HHS Region 7,3 wk ahead,2016/2017,49,2.6,0.7872869932
Protea_Cheetah,HHS Region 7,3 wk ahead,2016/2017,50,2.8,0.8036095513
Protea_Cheetah,HHS Region 7,3 wk ahead,2016/2017,51,2.7,0.6930982926
Protea_Cheetah,HHS Region 7,3 wk ahead,2016/2017,52,3.4,0.5129945424
Protea_Cheetah,HHS Region 7,3 wk ahead,2016/2017,1,4.5,0.7876820447
Protea_Cheetah,HHS Region 7,3 wk ahead,2016/2017,2,5.4,0.8709863646
Protea_Cheetah,HHS Region 7,3 wk ahead,2016/2017,3,6.3,0.9541004304
Protea_Cheetah,HHS Region 7,3 wk ahead,2016/2017,4,4.8,0.7653204215
Protea_Cheetah,HHS Region 7,3 wk ahead,2016/2017,5,3.9,0.529576909
Protea_Cheetah,HHS Region 7,3 wk ahead,2016/2017,6,2.7,0.25949543667
Protea_Cheetah,HHS Region 7,3 wk ahead,2016/2017,7,2.7,0.4083247725
Protea_Cheetah,HHS Region 7,3 wk ahead,2016/2017,8,2.3,0.4646319344
Protea_Cheetah,HHS Region 7,3 wk ahead,2016/2017,9,1.9,0.55600326629578
Protea_Cheetah,HHS Region 7,3 wk ahead,2016/2017,10,1.6,0.550003216269036
Protea_Cheetah,HHS Region 7,3 wk ahead,2016/2017,11,1.3,0.53200284998546
Protea_Cheetah,HHS Region 7,3 wk ahead,2016/2017,12,0.9,0.3360035639363
Protea_Cheetah,HHS Region 7,3 wk ahead,2016/2017,13,0.8,0.412000141542302
Protea_Cheetah,HHS Region 7,3 wk ahead,2016/2017,14,0.7,0.472000096923577
Protea_Cheetah,HHS Region 7,3 wk ahead,2016/2017,15,0.7,0.635999929529068
Protea_Cheetah,HHS Region 7,3 wk ahead,2016/2017,16,0.4,0.367999811554507
Protea_Cheetah,HHS Region 7,3 wk ahead,2016/2017,17,0.2,0.0760012757189
Protea_Cheetah,HHS Region 7,3 wk ahead,2016/2017,18,0.1,0.0100020285057
Protea_Cheetah,HHS Region 8,3 wk ahead,2016/2017,43,0.8,0.222001812516418
Protea_Cheetah,HHS Region 8,3 wk ahead,2016/2017,44,0.7,0.323999823001647
Protea_Cheetah,HHS Region 8,3 wk ahead,2016/2017,45,1.2,0.79728631656
Protea_Cheetah,HHS Region 8,3 wk ahead,2016/2017,46,1,0.42029461355
Protea_Cheetah,HHS Region 8,3 wk ahead,2016/2017,47,1.2,0.48773768229
Protea_Cheetah,HHS Region 8,3 wk ahead,2016/2017,48,2,0.4917133736
Protea_Cheetah,HHS Region 8,3 wk ahead,2016/2017,49,1.4,0.2194002762
Protea_Cheetah,HHS Region 8,3 wk ahead,2016/2017,50,2.2,0.7074324
Protea_Cheetah,HHS Region 8,3 wk ahead,2016/2017,51,1.8,0.476954124
Protea_Cheetah,HHS Region 8,3 wk ahead,2016/2017,52,2.2,0.8246726928
Protea_Cheetah,HHS Region 8,3 wk ahead,2016/2017,1,2,0.5591212425
Protea_Cheetah,HHS Region 8,3 wk ahead,2016/2017,2,2.2,0.44032919126
Protea_Cheetah,HHS Region 8,3 wk ahead,2016/2017,3,2.2,0.23827744702
Protea_Cheetah,HHS Region 8,3 wk ahead,2016/2017,4,2.6,0.47779215318
Protea_Cheetah,HHS Region 8,3 wk ahead,2016/2017,5,1.5,0.10783542919
Protea_Cheetah,HHS Region 8,3 wk ahead,2016/2017,6,1.4,0.1638299635
Protea_Cheetah,HHS Region 8,3 wk ahead,2016/2017,7,1.3,0.095244026875
Protea_Cheetah,HHS Region 8,3 wk ahead,2016/2017,8,1,0.10052849642
Protea_Cheetah,HHS Region 8,3 wk ahead,2016/2017,9,1.2,0.3640008596963
Protea_Cheetah,HHS Region 8,3 wk ahead,2016/2017,10,1,0.31200123719623
Protea_Cheetah,HHS Region 8,3 wk ahead,2016/2017,11,1,0.687997474089718
Protea_Cheetah,HHS Region 8,3 wk ahead,2016/2017,12,0.8,0.29600274214649
Protea_Cheetah,HHS Region 8,3 wk ahead,2016/2017,13,0.8,0.556000141818918
Protea_Cheetah,HHS Region 8,3 wk ahead,2016/2017,14,0.9,0.744000017144411
Protea_Cheetah,HHS Region 8,3 wk ahead,2016/2017,15,0.9,0.82800005479244
Protea_Cheetah,HHS Region 8,3 wk ahead,2016/2017,16,0.5,0.3760000916028
Protea_Cheetah,HHS Region 8,3 wk ahead,2016/2017,17,0.7,0.7740014618463
Protea_Cheetah,HHS Region 8,3 wk ahead,2016/2017,18,0.8,0.764003972383
Protea_Cheetah,HHS Region 9,3 wk ahead,2016/2017,43,1.6,0.423999148230789
Protea_Cheetah,HHS Region 9,3 wk ahead,2016/2017,44,1.9,0.467999240999906
Protea_Cheetah,HHS Region 9,3 wk ahead,2016/2017,45,1.8,0.369306910734
Protea_Cheetah,HHS Region 9,3 wk ahead,2016/2017,46,1.9,0.238436815451
Protea_Cheetah,HHS Region 9,3 wk ahead,2016/2017,47,2.2,0.366211953617
Protea_Cheetah,HHS Region 9,3 wk ahead,2016/2017,48,2.7,0.380210225025
Protea_Cheetah,HHS Region 9,3 wk ahead,2016/2017,49,3.2,0.284708922485
Protea_Cheetah,HHS Region 9,3 wk ahead,2016/2017,50,3,0.225919008392
Protea_Cheetah,HHS Region 9,3 wk ahead,2016/2017,51,2.7,0.11724750874
Protea_Cheetah,HHS Region 9,3 wk ahead,2016/2017,52,2.6,0.22865468443
Protea_Cheetah,HHS Region 9,3 wk ahead,2016/2017,1,2.9,0.134759157942
Protea_Cheetah,HHS Region 9,3 wk ahead,2016/2017,2,3,0.29181835467
Protea_Cheetah,HHS Region 9,3 wk ahead,2016/2017,3,2.6,0.104692086441
Protea_Cheetah,HHS Region 9,3 wk ahead,2016/2017,4,2.4,0.072801565916
Protea_Cheetah,HHS Region 9,3 wk ahead,2016/2017,5,2.4,0.075854354164
Protea_Cheetah,HHS Region 9,3 wk ahead,2016/2017,6,2.2,0.23533478783
Protea_Cheetah,HHS Region 9,3 wk ahead,2016/2017,7,2.2,0.49165996231
Protea_Cheetah,HHS Region 9,3 wk ahead,2016/2017,8,2.2,0.428013053525
Protea_Cheetah,HHS Region 9,3 wk ahead,2016/2017,9,2,0.33799818193795
Protea_Cheetah,HHS Region 9,3 wk ahead,2016/2017,10,2,0.51399697006078
Protea_Cheetah,HHS Region 9,3 wk ahead,2016/2017,11,1.8,0.262000575958434
Protea_Cheetah,HHS Region 9,3 wk ahead,2016/2017,12,1.6,0.307999645570264
Protea_Cheetah,HHS Region 9,3 wk ahead,2016/2017,13,1.6,0.562000055907185
Protea_Cheetah,HHS Region 9,3 wk ahead,2016/2017,14,1.7,0.282000174020998
Protea_Cheetah,HHS Region 9,3 wk ahead,2016/2017,15,1.6,0.627999788359848
Protea_Cheetah,HHS Region 9,3 wk ahead,2016/2017,16,1.5,0.334000115131669
Protea_Cheetah,HHS Region 9,3 wk ahead,2016/2017,17,1.5,0.56799777196539
Protea_Cheetah,HHS Region 9,3 wk ahead,2016/2017,18,1.4,0.30000595142786
Protea_Cheetah,HHS Region 10,3 wk ahead,2016/2017,43,0.5,0.238511364
Protea_Cheetah,HHS Region 10,3 wk ahead,2016/2017,44,0.7,0.556235356
Protea_Cheetah,HHS Region 10,3 wk ahead,2016/2017,45,0.7,0.258327107222
Protea_Cheetah,HHS Region 10,3 wk ahead,2016/2017,46,0.6,0.278320809
Protea_Cheetah,HHS Region 10,3 wk ahead,2016/2017,47,1.4,0.700797010904
Protea_Cheetah,HHS Region 10,3 wk ahead,2016/2017,48,2,0.86713059188
Protea_Cheetah,HHS Region 10,3 wk ahead,2016/2017,49,3.6,0.9593530136
Protea_Cheetah,HHS Region 10,3 wk ahead,2016/2017,50,2.9,0.8714453305
Protea_Cheetah,HHS Region 10,3 wk ahead,2016/2017,51,2.1,0.6687429766
Protea_Cheetah,HHS Region 10,3 wk ahead,2016/2017,52,3.2,0.6446984938
Protea_Cheetah,HHS Region 10,3 wk ahead,2016/2017,1,2.4,0.3057576505
Protea_Cheetah,HHS Region 10,3 wk ahead,2016/2017,2,2.2,0.4011793976
Protea_Cheetah,HHS Region 10,3 wk ahead,2016/2017,3,1.9,0.2750283418
Protea_Cheetah,HHS Region 10,3 wk ahead,2016/2017,4,1.7,0.2589339201
Protea_Cheetah,HHS Region 10,3 wk ahead,2016/2017,5,1.4,0.2315567692
Protea_Cheetah,HHS Region 10,3 wk ahead,2016/2017,6,1.4,0.2296753006
Protea_Cheetah,HHS Region 10,3 wk ahead,2016/2017,7,0.9,0.0985780291
Protea_Cheetah,HHS Region 10,3 wk ahead,2016/2017,8,1.2,0.3649320994
Protea_Cheetah,HHS Region 10,3 wk ahead,2016/2017,9,0.8,0.31199722538545
Protea_Cheetah,HHS Region 10,3 wk ahead,2016/2017,10,0.8,0.54175528433629
Protea_Cheetah,HHS Region 10,3 wk ahead,2016/2017,11,0.7,0.21411849132833
Protea_Cheetah,HHS Region 10,3 wk ahead,2016/2017,12,0.6,0.347999374
Protea_Cheetah,HHS Region 10,3 wk ahead,2016/2017,13,0.5,0.215999941142117
Protea_Cheetah,HHS Region 10,3 wk ahead,2016/2017,14,0.4,0.208416785
Protea_Cheetah,HHS Region 10,3 wk ahead,2016/2017,15,0.6,0.589999718784399
Protea_Cheetah,HHS Region 10,3 wk ahead,2016/2017,16,0.4,0.373464288931078
Protea_Cheetah,HHS Region 10,3 wk ahead,2016/2017,17,0.5,0.6877952806825
Protea_Cheetah,HHS Region 10,3 wk ahead,2016/2017,18,0.2,0.0480023319258
