model_name,location,target,season,calendar_week,valid.bin_start_incl,cdf
Delphi_EmpiricalFutures,US National,3 wk ahead,2010/2011,43,1.6,0.29726691
Delphi_EmpiricalFutures,US National,3 wk ahead,2010/2011,44,1.8,0.305288233
Delphi_EmpiricalFutures,US National,3 wk ahead,2010/2011,45,1.7,0.292026535
Delphi_EmpiricalFutures,US National,3 wk ahead,2010/2011,46,1.9,0.313991514
Delphi_EmpiricalFutures,US National,3 wk ahead,2010/2011,47,2.4,0.355830762
Delphi_EmpiricalFutures,US National,3 wk ahead,2010/2011,48,3.1,0.432527523
Delphi_EmpiricalFutures,US National,3 wk ahead,2010/2011,49,3.1,0.405794322
Delphi_EmpiricalFutures,US National,3 wk ahead,2010/2011,50,2.5,0.387553357
Delphi_EmpiricalFutures,US National,3 wk ahead,2010/2011,51,2.9,0.592587318
Delphi_EmpiricalFutures,US National,3 wk ahead,2010/2011,52,3.4,0.686535416
Delphi_EmpiricalFutures,US National,3 wk ahead,2010/2011,1,4.2,0.706440633
Delphi_EmpiricalFutures,US National,3 wk ahead,2010/2011,2,4.5,0.65608096
Delphi_EmpiricalFutures,US National,3 wk ahead,2010/2011,3,4.5,0.59800775
Delphi_EmpiricalFutures,US National,3 wk ahead,2010/2011,4,4.5,0.567755991
Delphi_EmpiricalFutures,US National,3 wk ahead,2010/2011,5,3.9,0.531509717
Delphi_EmpiricalFutures,US National,3 wk ahead,2010/2011,6,3.4,0.503803176
Delphi_EmpiricalFutures,US National,3 wk ahead,2010/2011,7,3,0.466458265
Delphi_EmpiricalFutures,US National,3 wk ahead,2010/2011,8,2.6,0.459523524
Delphi_EmpiricalFutures,US National,3 wk ahead,2010/2011,9,2.1,0.394539582
Delphi_EmpiricalFutures,US National,3 wk ahead,2010/2011,10,1.9,0.401326118
Delphi_EmpiricalFutures,US National,3 wk ahead,2010/2011,11,1.6,0.38871673
Delphi_EmpiricalFutures,US National,3 wk ahead,2010/2011,12,1.4,0.36346414
Delphi_EmpiricalFutures,US National,3 wk ahead,2010/2011,13,1.3,0.3652231
Delphi_EmpiricalFutures,US National,3 wk ahead,2010/2011,14,1.2,0.34676454
Delphi_EmpiricalFutures,US National,3 wk ahead,2010/2011,15,1.2,0.30115192
Delphi_EmpiricalFutures,US National,3 wk ahead,2010/2011,16,1.1,0.28954238
Delphi_EmpiricalFutures,US National,3 wk ahead,2010/2011,17,1.1,0.31658833
Delphi_EmpiricalFutures,US National,3 wk ahead,2010/2011,18,1.1,0.30063159
Delphi_EmpiricalFutures,HHS Region 1,3 wk ahead,2010/2011,43,0.7,0.15917649
Delphi_EmpiricalFutures,HHS Region 1,3 wk ahead,2010/2011,44,0.8,0.19715122
Delphi_EmpiricalFutures,HHS Region 1,3 wk ahead,2010/2011,45,0.7,0.18160946
Delphi_EmpiricalFutures,HHS Region 1,3 wk ahead,2010/2011,46,0.8,0.1991513
Delphi_EmpiricalFutures,HHS Region 1,3 wk ahead,2010/2011,47,0.8,0.16475063
Delphi_EmpiricalFutures,HHS Region 1,3 wk ahead,2010/2011,48,1,0.18248702
Delphi_EmpiricalFutures,HHS Region 1,3 wk ahead,2010/2011,49,1.1,0.18288742
Delphi_EmpiricalFutures,HHS Region 1,3 wk ahead,2010/2011,50,1,0.18426055
Delphi_EmpiricalFutures,HHS Region 1,3 wk ahead,2010/2011,51,1.2,0.27663829
Delphi_EmpiricalFutures,HHS Region 1,3 wk ahead,2010/2011,52,1.2,0.29443535
Delphi_EmpiricalFutures,HHS Region 1,3 wk ahead,2010/2011,1,1.4,0.3626321
Delphi_EmpiricalFutures,HHS Region 1,3 wk ahead,2010/2011,2,1.9,0.45518164
Delphi_EmpiricalFutures,HHS Region 1,3 wk ahead,2010/2011,3,2,0.36535582
Delphi_EmpiricalFutures,HHS Region 1,3 wk ahead,2010/2011,4,2.3,0.39883308
Delphi_EmpiricalFutures,HHS Region 1,3 wk ahead,2010/2011,5,2.3,0.42818152
Delphi_EmpiricalFutures,HHS Region 1,3 wk ahead,2010/2011,6,1.8,0.35248673
Delphi_EmpiricalFutures,HHS Region 1,3 wk ahead,2010/2011,7,1.7,0.36853067
Delphi_EmpiricalFutures,HHS Region 1,3 wk ahead,2010/2011,8,1.4,0.31362584
Delphi_EmpiricalFutures,HHS Region 1,3 wk ahead,2010/2011,9,1,0.2448937
Delphi_EmpiricalFutures,HHS Region 1,3 wk ahead,2010/2011,10,1.1,0.29795828
Delphi_EmpiricalFutures,HHS Region 1,3 wk ahead,2010/2011,11,0.9,0.25769366
Delphi_EmpiricalFutures,HHS Region 1,3 wk ahead,2010/2011,12,0.8,0.24383621
Delphi_EmpiricalFutures,HHS Region 1,3 wk ahead,2010/2011,13,0.8,0.26189245
Delphi_EmpiricalFutures,HHS Region 1,3 wk ahead,2010/2011,14,0.7,0.24391451
Delphi_EmpiricalFutures,HHS Region 1,3 wk ahead,2010/2011,15,0.6,0.20080214
Delphi_EmpiricalFutures,HHS Region 1,3 wk ahead,2010/2011,16,0.5,0.17973595
Delphi_EmpiricalFutures,HHS Region 1,3 wk ahead,2010/2011,17,0.5,0.17952827
Delphi_EmpiricalFutures,HHS Region 1,3 wk ahead,2010/2011,18,0.6,0.22724005
Delphi_EmpiricalFutures,HHS Region 2,3 wk ahead,2010/2011,43,1.4,0.26343236
Delphi_EmpiricalFutures,HHS Region 2,3 wk ahead,2010/2011,44,1.7,0.312819234
Delphi_EmpiricalFutures,HHS Region 2,3 wk ahead,2010/2011,45,2.2,0.419790419
Delphi_EmpiricalFutures,HHS Region 2,3 wk ahead,2010/2011,46,2.5,0.477866462
Delphi_EmpiricalFutures,HHS Region 2,3 wk ahead,2010/2011,47,3,0.54112358
Delphi_EmpiricalFutures,HHS Region 2,3 wk ahead,2010/2011,48,4.2,0.582502417
Delphi_EmpiricalFutures,HHS Region 2,3 wk ahead,2010/2011,49,4.5,0.625411665
Delphi_EmpiricalFutures,HHS Region 2,3 wk ahead,2010/2011,50,3.3,0.593541063
Delphi_EmpiricalFutures,HHS Region 2,3 wk ahead,2010/2011,51,3.8,0.709074983
Delphi_EmpiricalFutures,HHS Region 2,3 wk ahead,2010/2011,52,3.7,0.733288322
Delphi_EmpiricalFutures,HHS Region 2,3 wk ahead,2010/2011,1,3.9,0.71968494
Delphi_EmpiricalFutures,HHS Region 2,3 wk ahead,2010/2011,2,4.1,0.714858179
Delphi_EmpiricalFutures,HHS Region 2,3 wk ahead,2010/2011,3,4.1,0.667980086
Delphi_EmpiricalFutures,HHS Region 2,3 wk ahead,2010/2011,4,4.3,0.693903799
Delphi_EmpiricalFutures,HHS Region 2,3 wk ahead,2010/2011,5,4.3,0.687284463
Delphi_EmpiricalFutures,HHS Region 2,3 wk ahead,2010/2011,6,3.4,0.529721991
Delphi_EmpiricalFutures,HHS Region 2,3 wk ahead,2010/2011,7,3.2,0.577246756
Delphi_EmpiricalFutures,HHS Region 2,3 wk ahead,2010/2011,8,3.2,0.575393954
Delphi_EmpiricalFutures,HHS Region 2,3 wk ahead,2010/2011,9,2.5,0.464261027
Delphi_EmpiricalFutures,HHS Region 2,3 wk ahead,2010/2011,10,2.7,0.580944387
Delphi_EmpiricalFutures,HHS Region 2,3 wk ahead,2010/2011,11,2.5,0.59294684
Delphi_EmpiricalFutures,HHS Region 2,3 wk ahead,2010/2011,12,2.2,0.54479193
Delphi_EmpiricalFutures,HHS Region 2,3 wk ahead,2010/2011,13,2.2,0.57730209
Delphi_EmpiricalFutures,HHS Region 2,3 wk ahead,2010/2011,14,1.7,0.46841316
Delphi_EmpiricalFutures,HHS Region 2,3 wk ahead,2010/2011,15,1.6,0.38913929
Delphi_EmpiricalFutures,HHS Region 2,3 wk ahead,2010/2011,16,1.7,0.44511075
Delphi_EmpiricalFutures,HHS Region 2,3 wk ahead,2010/2011,17,1.4,0.35648085
Delphi_EmpiricalFutures,HHS Region 2,3 wk ahead,2010/2011,18,1.9,0.36636741
Delphi_EmpiricalFutures,HHS Region 3,3 wk ahead,2010/2011,43,1.3,0.166724689
Delphi_EmpiricalFutures,HHS Region 3,3 wk ahead,2010/2011,44,1.5,0.173554149
Delphi_EmpiricalFutures,HHS Region 3,3 wk ahead,2010/2011,45,1.5,0.198149191
Delphi_EmpiricalFutures,HHS Region 3,3 wk ahead,2010/2011,46,1.5,0.189765
Delphi_EmpiricalFutures,HHS Region 3,3 wk ahead,2010/2011,47,1.6,0.204121462
Delphi_EmpiricalFutures,HHS Region 3,3 wk ahead,2010/2011,48,2.2,0.272038702
Delphi_EmpiricalFutures,HHS Region 3,3 wk ahead,2010/2011,49,2.6,0.277806729
Delphi_EmpiricalFutures,HHS Region 3,3 wk ahead,2010/2011,50,2.2,0.23505577
Delphi_EmpiricalFutures,HHS Region 3,3 wk ahead,2010/2011,51,2.5,0.381176311
Delphi_EmpiricalFutures,HHS Region 3,3 wk ahead,2010/2011,52,3.3,0.559455742
Delphi_EmpiricalFutures,HHS Region 3,3 wk ahead,2010/2011,1,4,0.580133704
Delphi_EmpiricalFutures,HHS Region 3,3 wk ahead,2010/2011,2,4.4,0.606331182
Delphi_EmpiricalFutures,HHS Region 3,3 wk ahead,2010/2011,3,4.1,0.524945214
Delphi_EmpiricalFutures,HHS Region 3,3 wk ahead,2010/2011,4,4,0.429179659
Delphi_EmpiricalFutures,HHS Region 3,3 wk ahead,2010/2011,5,3.6,0.404392309
Delphi_EmpiricalFutures,HHS Region 3,3 wk ahead,2010/2011,6,3,0.364230458
Delphi_EmpiricalFutures,HHS Region 3,3 wk ahead,2010/2011,7,2.6,0.286725793
Delphi_EmpiricalFutures,HHS Region 3,3 wk ahead,2010/2011,8,2,0.230029179
Delphi_EmpiricalFutures,HHS Region 3,3 wk ahead,2010/2011,9,1.7,0.195693172
Delphi_EmpiricalFutures,HHS Region 3,3 wk ahead,2010/2011,10,1.5,0.206742983
Delphi_EmpiricalFutures,HHS Region 3,3 wk ahead,2010/2011,11,1.5,0.263995975
Delphi_EmpiricalFutures,HHS Region 3,3 wk ahead,2010/2011,12,1.4,0.27350558
Delphi_EmpiricalFutures,HHS Region 3,3 wk ahead,2010/2011,13,1.2,0.24345809
Delphi_EmpiricalFutures,HHS Region 3,3 wk ahead,2010/2011,14,0.9,0.21834618
Delphi_EmpiricalFutures,HHS Region 3,3 wk ahead,2010/2011,15,1,0.2230039
Delphi_EmpiricalFutures,HHS Region 3,3 wk ahead,2010/2011,16,0.9,0.18003698
Delphi_EmpiricalFutures,HHS Region 3,3 wk ahead,2010/2011,17,1,0.23378976
Delphi_EmpiricalFutures,HHS Region 3,3 wk ahead,2010/2011,18,0.9,0.20090195
Delphi_EmpiricalFutures,HHS Region 4,3 wk ahead,2010/2011,43,1.8,0.40010898
Delphi_EmpiricalFutures,HHS Region 4,3 wk ahead,2010/2011,44,2.2,0.47573183
Delphi_EmpiricalFutures,HHS Region 4,3 wk ahead,2010/2011,45,1.9,0.38812456
Delphi_EmpiricalFutures,HHS Region 4,3 wk ahead,2010/2011,46,2.2,0.42411268
Delphi_EmpiricalFutures,HHS Region 4,3 wk ahead,2010/2011,47,3.3,0.50515661
Delphi_EmpiricalFutures,HHS Region 4,3 wk ahead,2010/2011,48,4.4,0.606650451
Delphi_EmpiricalFutures,HHS Region 4,3 wk ahead,2010/2011,49,4,0.574529421
Delphi_EmpiricalFutures,HHS Region 4,3 wk ahead,2010/2011,50,3.3,0.59768201
Delphi_EmpiricalFutures,HHS Region 4,3 wk ahead,2010/2011,51,3.6,0.731871071
Delphi_EmpiricalFutures,HHS Region 4,3 wk ahead,2010/2011,52,4.2,0.785243388
Delphi_EmpiricalFutures,HHS Region 4,3 wk ahead,2010/2011,1,5,0.809343969
Delphi_EmpiricalFutures,HHS Region 4,3 wk ahead,2010/2011,2,5.5,0.803693992
Delphi_EmpiricalFutures,HHS Region 4,3 wk ahead,2010/2011,3,5.2,0.691804452
Delphi_EmpiricalFutures,HHS Region 4,3 wk ahead,2010/2011,4,4.8,0.653994223
Delphi_EmpiricalFutures,HHS Region 4,3 wk ahead,2010/2011,5,3.9,0.530982569
Delphi_EmpiricalFutures,HHS Region 4,3 wk ahead,2010/2011,6,2.8,0.404783002
Delphi_EmpiricalFutures,HHS Region 4,3 wk ahead,2010/2011,7,2.5,0.37784208
Delphi_EmpiricalFutures,HHS Region 4,3 wk ahead,2010/2011,8,2,0.348938111
Delphi_EmpiricalFutures,HHS Region 4,3 wk ahead,2010/2011,9,1.6,0.33627738
Delphi_EmpiricalFutures,HHS Region 4,3 wk ahead,2010/2011,10,1.5,0.38984884
Delphi_EmpiricalFutures,HHS Region 4,3 wk ahead,2010/2011,11,1.3,0.37392884
Delphi_EmpiricalFutures,HHS Region 4,3 wk ahead,2010/2011,12,1.2,0.35931908
Delphi_EmpiricalFutures,HHS Region 4,3 wk ahead,2010/2011,13,1.1,0.33610349
Delphi_EmpiricalFutures,HHS Region 4,3 wk ahead,2010/2011,14,1.1,0.33948782
Delphi_EmpiricalFutures,HHS Region 4,3 wk ahead,2010/2011,15,1,0.28188613
Delphi_EmpiricalFutures,HHS Region 4,3 wk ahead,2010/2011,16,0.9,0.25663685
Delphi_EmpiricalFutures,HHS Region 4,3 wk ahead,2010/2011,17,0.9,0.28921527
Delphi_EmpiricalFutures,HHS Region 4,3 wk ahead,2010/2011,18,0.9,0.29384355
Delphi_EmpiricalFutures,HHS Region 5,3 wk ahead,2010/2011,43,0.9,0.18329138
Delphi_EmpiricalFutures,HHS Region 5,3 wk ahead,2010/2011,44,1,0.18922013
Delphi_EmpiricalFutures,HHS Region 5,3 wk ahead,2010/2011,45,0.9,0.17483884
Delphi_EmpiricalFutures,HHS Region 5,3 wk ahead,2010/2011,46,1,0.18498552
Delphi_EmpiricalFutures,HHS Region 5,3 wk ahead,2010/2011,47,1.1,0.18193633
Delphi_EmpiricalFutures,HHS Region 5,3 wk ahead,2010/2011,48,1.4,0.20636349
Delphi_EmpiricalFutures,HHS Region 5,3 wk ahead,2010/2011,49,1.7,0.229490026
Delphi_EmpiricalFutures,HHS Region 5,3 wk ahead,2010/2011,50,1.5,0.227103122
Delphi_EmpiricalFutures,HHS Region 5,3 wk ahead,2010/2011,51,1.7,0.33596159
Delphi_EmpiricalFutures,HHS Region 5,3 wk ahead,2010/2011,52,2.4,0.5053505
Delphi_EmpiricalFutures,HHS Region 5,3 wk ahead,2010/2011,1,3.3,0.599176951
Delphi_EmpiricalFutures,HHS Region 5,3 wk ahead,2010/2011,2,3.8,0.563006615
Delphi_EmpiricalFutures,HHS Region 5,3 wk ahead,2010/2011,3,3.3,0.445965641
Delphi_EmpiricalFutures,HHS Region 5,3 wk ahead,2010/2011,4,3.3,0.421096661
Delphi_EmpiricalFutures,HHS Region 5,3 wk ahead,2010/2011,5,3.1,0.408429985
Delphi_EmpiricalFutures,HHS Region 5,3 wk ahead,2010/2011,6,2.9,0.410817281
Delphi_EmpiricalFutures,HHS Region 5,3 wk ahead,2010/2011,7,2.5,0.353044951
Delphi_EmpiricalFutures,HHS Region 5,3 wk ahead,2010/2011,8,2.4,0.384152372
Delphi_EmpiricalFutures,HHS Region 5,3 wk ahead,2010/2011,9,1.6,0.266097578
Delphi_EmpiricalFutures,HHS Region 5,3 wk ahead,2010/2011,10,1.5,0.30930628
Delphi_EmpiricalFutures,HHS Region 5,3 wk ahead,2010/2011,11,1.3,0.34336003
Delphi_EmpiricalFutures,HHS Region 5,3 wk ahead,2010/2011,12,0.9,0.25678709
Delphi_EmpiricalFutures,HHS Region 5,3 wk ahead,2010/2011,13,0.9,0.27807844
Delphi_EmpiricalFutures,HHS Region 5,3 wk ahead,2010/2011,14,0.8,0.25850167
Delphi_EmpiricalFutures,HHS Region 5,3 wk ahead,2010/2011,15,0.8,0.23923222
Delphi_EmpiricalFutures,HHS Region 5,3 wk ahead,2010/2011,16,0.8,0.24705797
Delphi_EmpiricalFutures,HHS Region 5,3 wk ahead,2010/2011,17,0.8,0.25414648
Delphi_EmpiricalFutures,HHS Region 5,3 wk ahead,2010/2011,18,0.6,0.18974748
Delphi_EmpiricalFutures,HHS Region 6,3 wk ahead,2010/2011,43,2.4,0.264002286
Delphi_EmpiricalFutures,HHS Region 6,3 wk ahead,2010/2011,44,2.6,0.283240751
Delphi_EmpiricalFutures,HHS Region 6,3 wk ahead,2010/2011,45,2.5,0.280271149
Delphi_EmpiricalFutures,HHS Region 6,3 wk ahead,2010/2011,46,2.3,0.273508394
Delphi_EmpiricalFutures,HHS Region 6,3 wk ahead,2010/2011,47,2.9,0.311686449
Delphi_EmpiricalFutures,HHS Region 6,3 wk ahead,2010/2011,48,3.8,0.413761239
Delphi_EmpiricalFutures,HHS Region 6,3 wk ahead,2010/2011,49,3.8,0.357272744
Delphi_EmpiricalFutures,HHS Region 6,3 wk ahead,2010/2011,50,3.3,0.32212143
Delphi_EmpiricalFutures,HHS Region 6,3 wk ahead,2010/2011,51,4.4,0.644805366
Delphi_EmpiricalFutures,HHS Region 6,3 wk ahead,2010/2011,52,5.7,0.74139536
Delphi_EmpiricalFutures,HHS Region 6,3 wk ahead,2010/2011,1,6.9,0.749897755
Delphi_EmpiricalFutures,HHS Region 6,3 wk ahead,2010/2011,2,7.6,0.68831396
Delphi_EmpiricalFutures,HHS Region 6,3 wk ahead,2010/2011,3,7.8,0.658185712
Delphi_EmpiricalFutures,HHS Region 6,3 wk ahead,2010/2011,4,7.9,0.644500782
Delphi_EmpiricalFutures,HHS Region 6,3 wk ahead,2010/2011,5,6.3,0.563478227
Delphi_EmpiricalFutures,HHS Region 6,3 wk ahead,2010/2011,6,4.7,0.439449512
Delphi_EmpiricalFutures,HHS Region 6,3 wk ahead,2010/2011,7,3.6,0.342040712
Delphi_EmpiricalFutures,HHS Region 6,3 wk ahead,2010/2011,8,3,0.399651281
Delphi_EmpiricalFutures,HHS Region 6,3 wk ahead,2010/2011,9,2.9,0.423780066
Delphi_EmpiricalFutures,HHS Region 6,3 wk ahead,2010/2011,10,2,0.317609951
Delphi_EmpiricalFutures,HHS Region 6,3 wk ahead,2010/2011,11,1.8,0.299188091
Delphi_EmpiricalFutures,HHS Region 6,3 wk ahead,2010/2011,12,1.5,0.269982205
Delphi_EmpiricalFutures,HHS Region 6,3 wk ahead,2010/2011,13,1.5,0.31973874
Delphi_EmpiricalFutures,HHS Region 6,3 wk ahead,2010/2011,14,1.3,0.28797092
Delphi_EmpiricalFutures,HHS Region 6,3 wk ahead,2010/2011,15,1.4,0.28804371
Delphi_EmpiricalFutures,HHS Region 6,3 wk ahead,2010/2011,16,1.4,0.28318417
Delphi_EmpiricalFutures,HHS Region 6,3 wk ahead,2010/2011,17,1.2,0.24949633
Delphi_EmpiricalFutures,HHS Region 6,3 wk ahead,2010/2011,18,1.1,0.24152072
Delphi_EmpiricalFutures,HHS Region 7,3 wk ahead,2010/2011,43,1.1,0.27165909
Delphi_EmpiricalFutures,HHS Region 7,3 wk ahead,2010/2011,44,1,0.24245881
Delphi_EmpiricalFutures,HHS Region 7,3 wk ahead,2010/2011,45,1.4,0.26972353
Delphi_EmpiricalFutures,HHS Region 7,3 wk ahead,2010/2011,46,1.3,0.23577433
Delphi_EmpiricalFutures,HHS Region 7,3 wk ahead,2010/2011,47,1.6,0.25685943
Delphi_EmpiricalFutures,HHS Region 7,3 wk ahead,2010/2011,48,2,0.31409999
Delphi_EmpiricalFutures,HHS Region 7,3 wk ahead,2010/2011,49,2.3,0.35444648
Delphi_EmpiricalFutures,HHS Region 7,3 wk ahead,2010/2011,50,1.7,0.34635321
Delphi_EmpiricalFutures,HHS Region 7,3 wk ahead,2010/2011,51,1.7,0.44582022
Delphi_EmpiricalFutures,HHS Region 7,3 wk ahead,2010/2011,52,2,0.49717446
Delphi_EmpiricalFutures,HHS Region 7,3 wk ahead,2010/2011,1,3.3,0.66437553
Delphi_EmpiricalFutures,HHS Region 7,3 wk ahead,2010/2011,2,4.3,0.680378478
Delphi_EmpiricalFutures,HHS Region 7,3 wk ahead,2010/2011,3,3.7,0.530580688
Delphi_EmpiricalFutures,HHS Region 7,3 wk ahead,2010/2011,4,4.5,0.610297806
Delphi_EmpiricalFutures,HHS Region 7,3 wk ahead,2010/2011,5,4.7,0.638849044
Delphi_EmpiricalFutures,HHS Region 7,3 wk ahead,2010/2011,6,3.7,0.566112385
Delphi_EmpiricalFutures,HHS Region 7,3 wk ahead,2010/2011,7,3.5,0.621257
Delphi_EmpiricalFutures,HHS Region 7,3 wk ahead,2010/2011,8,2.3,0.49674242
Delphi_EmpiricalFutures,HHS Region 7,3 wk ahead,2010/2011,9,1.7,0.43076165
Delphi_EmpiricalFutures,HHS Region 7,3 wk ahead,2010/2011,10,1.4,0.36730451
Delphi_EmpiricalFutures,HHS Region 7,3 wk ahead,2010/2011,11,1.2,0.34622229
Delphi_EmpiricalFutures,HHS Region 7,3 wk ahead,2010/2011,12,1,0.31812762
Delphi_EmpiricalFutures,HHS Region 7,3 wk ahead,2010/2011,13,0.8,0.27093756
Delphi_EmpiricalFutures,HHS Region 7,3 wk ahead,2010/2011,14,0.6,0.21608124
Delphi_EmpiricalFutures,HHS Region 7,3 wk ahead,2010/2011,15,0.5,0.1836756
Delphi_EmpiricalFutures,HHS Region 7,3 wk ahead,2010/2011,16,0.6,0.19883439
Delphi_EmpiricalFutures,HHS Region 7,3 wk ahead,2010/2011,17,0.5,0.18001303
Delphi_EmpiricalFutures,HHS Region 7,3 wk ahead,2010/2011,18,0.5,0.17934682
Delphi_EmpiricalFutures,HHS Region 8,3 wk ahead,2010/2011,43,0.7,0.1559548
Delphi_EmpiricalFutures,HHS Region 8,3 wk ahead,2010/2011,44,0.7,0.1369156
Delphi_EmpiricalFutures,HHS Region 8,3 wk ahead,2010/2011,45,0.7,0.13487663
Delphi_EmpiricalFutures,HHS Region 8,3 wk ahead,2010/2011,46,0.8,0.15745053
Delphi_EmpiricalFutures,HHS Region 8,3 wk ahead,2010/2011,47,0.8,0.159065
Delphi_EmpiricalFutures,HHS Region 8,3 wk ahead,2010/2011,48,0.9,0.17872252
Delphi_EmpiricalFutures,HHS Region 8,3 wk ahead,2010/2011,49,1,0.17838192
Delphi_EmpiricalFutures,HHS Region 8,3 wk ahead,2010/2011,50,0.7,0.16210741
Delphi_EmpiricalFutures,HHS Region 8,3 wk ahead,2010/2011,51,1.4,0.33088973
Delphi_EmpiricalFutures,HHS Region 8,3 wk ahead,2010/2011,52,1.4,0.37287366
Delphi_EmpiricalFutures,HHS Region 8,3 wk ahead,2010/2011,1,1.5,0.36083126
Delphi_EmpiricalFutures,HHS Region 8,3 wk ahead,2010/2011,2,2.2,0.49541403
Delphi_EmpiricalFutures,HHS Region 8,3 wk ahead,2010/2011,3,2.5,0.51442094
Delphi_EmpiricalFutures,HHS Region 8,3 wk ahead,2010/2011,4,2.7,0.52659713
Delphi_EmpiricalFutures,HHS Region 8,3 wk ahead,2010/2011,5,2.5,0.46683116
Delphi_EmpiricalFutures,HHS Region 8,3 wk ahead,2010/2011,6,2.2,0.46201599
Delphi_EmpiricalFutures,HHS Region 8,3 wk ahead,2010/2011,7,2.1,0.47196834
Delphi_EmpiricalFutures,HHS Region 8,3 wk ahead,2010/2011,8,1.7,0.40540818
Delphi_EmpiricalFutures,HHS Region 8,3 wk ahead,2010/2011,9,1.4,0.36000872
Delphi_EmpiricalFutures,HHS Region 8,3 wk ahead,2010/2011,10,1.1,0.30778897
Delphi_EmpiricalFutures,HHS Region 8,3 wk ahead,2010/2011,11,0.8,0.24464407
Delphi_EmpiricalFutures,HHS Region 8,3 wk ahead,2010/2011,12,0.8,0.25848974
Delphi_EmpiricalFutures,HHS Region 8,3 wk ahead,2010/2011,13,0.6,0.21409318
Delphi_EmpiricalFutures,HHS Region 8,3 wk ahead,2010/2011,14,0.6,0.22194901
Delphi_EmpiricalFutures,HHS Region 8,3 wk ahead,2010/2011,15,0.5,0.18621123
Delphi_EmpiricalFutures,HHS Region 8,3 wk ahead,2010/2011,16,0.5,0.18376039
Delphi_EmpiricalFutures,HHS Region 8,3 wk ahead,2010/2011,17,0.5,0.1978824
Delphi_EmpiricalFutures,HHS Region 8,3 wk ahead,2010/2011,18,0.4,0.16510151
Delphi_EmpiricalFutures,HHS Region 9,3 wk ahead,2010/2011,43,2.5,0.46443036
Delphi_EmpiricalFutures,HHS Region 9,3 wk ahead,2010/2011,44,2.8,0.426620443
Delphi_EmpiricalFutures,HHS Region 9,3 wk ahead,2010/2011,45,2.4,0.349651574
Delphi_EmpiricalFutures,HHS Region 9,3 wk ahead,2010/2011,46,2.9,0.401176967
Delphi_EmpiricalFutures,HHS Region 9,3 wk ahead,2010/2011,47,3.4,0.414967874
Delphi_EmpiricalFutures,HHS Region 9,3 wk ahead,2010/2011,48,4.2,0.46638664
Delphi_EmpiricalFutures,HHS Region 9,3 wk ahead,2010/2011,49,4.2,0.428922213
Delphi_EmpiricalFutures,HHS Region 9,3 wk ahead,2010/2011,50,3.2,0.377117247
Delphi_EmpiricalFutures,HHS Region 9,3 wk ahead,2010/2011,51,3.4,0.571323167
Delphi_EmpiricalFutures,HHS Region 9,3 wk ahead,2010/2011,52,3.8,0.645572962
Delphi_EmpiricalFutures,HHS Region 9,3 wk ahead,2010/2011,1,4.2,0.621784355
Delphi_EmpiricalFutures,HHS Region 9,3 wk ahead,2010/2011,2,4,0.561212867
Delphi_EmpiricalFutures,HHS Region 9,3 wk ahead,2010/2011,3,4.5,0.58836387
Delphi_EmpiricalFutures,HHS Region 9,3 wk ahead,2010/2011,4,4.7,0.595312505
Delphi_EmpiricalFutures,HHS Region 9,3 wk ahead,2010/2011,5,4.7,0.708084471
Delphi_EmpiricalFutures,HHS Region 9,3 wk ahead,2010/2011,6,4.5,0.772277096
Delphi_EmpiricalFutures,HHS Region 9,3 wk ahead,2010/2011,7,4.2,0.753891246
Delphi_EmpiricalFutures,HHS Region 9,3 wk ahead,2010/2011,8,3.9,0.730686407
Delphi_EmpiricalFutures,HHS Region 9,3 wk ahead,2010/2011,9,3,0.588498876
Delphi_EmpiricalFutures,HHS Region 9,3 wk ahead,2010/2011,10,2.8,0.541215033
Delphi_EmpiricalFutures,HHS Region 9,3 wk ahead,2010/2011,11,2.4,0.50684566
Delphi_EmpiricalFutures,HHS Region 9,3 wk ahead,2010/2011,12,2.3,0.50463205
Delphi_EmpiricalFutures,HHS Region 9,3 wk ahead,2010/2011,13,2.1,0.5344378
Delphi_EmpiricalFutures,HHS Region 9,3 wk ahead,2010/2011,14,2.1,0.49200987
Delphi_EmpiricalFutures,HHS Region 9,3 wk ahead,2010/2011,15,1.9,0.34644277
Delphi_EmpiricalFutures,HHS Region 9,3 wk ahead,2010/2011,16,1.9,0.40132411
Delphi_EmpiricalFutures,HHS Region 9,3 wk ahead,2010/2011,17,1.8,0.40319132
Delphi_EmpiricalFutures,HHS Region 9,3 wk ahead,2010/2011,18,1.8,0.41374
Delphi_EmpiricalFutures,HHS Region 10,3 wk ahead,2010/2011,43,1.2,0.2200724
Delphi_EmpiricalFutures,HHS Region 10,3 wk ahead,2010/2011,44,1.7,0.25119603
Delphi_EmpiricalFutures,HHS Region 10,3 wk ahead,2010/2011,45,1,0.16257531
Delphi_EmpiricalFutures,HHS Region 10,3 wk ahead,2010/2011,46,1.1,0.16210797
Delphi_EmpiricalFutures,HHS Region 10,3 wk ahead,2010/2011,47,1,0.14573972
Delphi_EmpiricalFutures,HHS Region 10,3 wk ahead,2010/2011,48,1.3,0.189448044
Delphi_EmpiricalFutures,HHS Region 10,3 wk ahead,2010/2011,49,2.4,0.406331814
Delphi_EmpiricalFutures,HHS Region 10,3 wk ahead,2010/2011,50,1.4,0.258233016
Delphi_EmpiricalFutures,HHS Region 10,3 wk ahead,2010/2011,51,1.5,0.247763826
Delphi_EmpiricalFutures,HHS Region 10,3 wk ahead,2010/2011,52,1.5,0.24445854
Delphi_EmpiricalFutures,HHS Region 10,3 wk ahead,2010/2011,1,2.1,0.290877503
Delphi_EmpiricalFutures,HHS Region 10,3 wk ahead,2010/2011,2,2.6,0.350153237
Delphi_EmpiricalFutures,HHS Region 10,3 wk ahead,2010/2011,3,2.5,0.313652927
Delphi_EmpiricalFutures,HHS Region 10,3 wk ahead,2010/2011,4,3.9,0.457324628
Delphi_EmpiricalFutures,HHS Region 10,3 wk ahead,2010/2011,5,3.5,0.426573413
Delphi_EmpiricalFutures,HHS Region 10,3 wk ahead,2010/2011,6,3.3,0.430360998
Delphi_EmpiricalFutures,HHS Region 10,3 wk ahead,2010/2011,7,3.2,0.539449132
Delphi_EmpiricalFutures,HHS Region 10,3 wk ahead,2010/2011,8,3.1,0.506820594
Delphi_EmpiricalFutures,HHS Region 10,3 wk ahead,2010/2011,9,2.8,0.49534491
Delphi_EmpiricalFutures,HHS Region 10,3 wk ahead,2010/2011,10,1.7,0.25730578
Delphi_EmpiricalFutures,HHS Region 10,3 wk ahead,2010/2011,11,1.2,0.26851384
Delphi_EmpiricalFutures,HHS Region 10,3 wk ahead,2010/2011,12,1.2,0.31717881
Delphi_EmpiricalFutures,HHS Region 10,3 wk ahead,2010/2011,13,1.3,0.31048132
Delphi_EmpiricalFutures,HHS Region 10,3 wk ahead,2010/2011,14,0.9,0.22770553
Delphi_EmpiricalFutures,HHS Region 10,3 wk ahead,2010/2011,15,0.9,0.19712181
Delphi_EmpiricalFutures,HHS Region 10,3 wk ahead,2010/2011,16,0.8,0.18051894
Delphi_EmpiricalFutures,HHS Region 10,3 wk ahead,2010/2011,17,0.8,0.21575085
Delphi_EmpiricalFutures,HHS Region 10,3 wk ahead,2010/2011,18,0.5,0.13253379
