model_name,location,target,season,calendar_week,valid.bin_start_incl,cdf
FluX_LSTM,US National,3 wk ahead,2015/2016,43,1.6,0.382531177
FluX_LSTM,US National,3 wk ahead,2015/2016,44,1.9,0.523339928
FluX_LSTM,US National,3 wk ahead,2015/2016,45,1.7,0.383577768
FluX_LSTM,US National,3 wk ahead,2015/2016,46,1.8,0.257316657
FluX_LSTM,US National,3 wk ahead,2015/2016,47,1.9,0.090174904
FluX_LSTM,US National,3 wk ahead,2015/2016,48,2.4,0.459492937
FluX_LSTM,US National,3 wk ahead,2015/2016,49,2.5,0.325432132
FluX_LSTM,US National,3 wk ahead,2015/2016,50,2,0.068618635
FluX_LSTM,US National,3 wk ahead,2015/2016,51,2,0.054682643
FluX_LSTM,US National,3 wk ahead,2015/2016,52,2.2,0.043012813
FluX_LSTM,US National,3 wk ahead,2015/2016,1,2.3,0.389616367
FluX_LSTM,US National,3 wk ahead,2015/2016,2,2.4,0.459492937
FluX_LSTM,US National,3 wk ahead,2015/2016,3,2.8,0.760124172
FluX_LSTM,US National,3 wk ahead,2015/2016,4,3.2,0.854377457
FluX_LSTM,US National,3 wk ahead,2015/2016,5,3.2,0.831819864
FluX_LSTM,US National,3 wk ahead,2015/2016,6,3.3,0.600910464
FluX_LSTM,US National,3 wk ahead,2015/2016,7,3.6,0.874775172
FluX_LSTM,US National,3 wk ahead,2015/2016,8,3.1,0.657191928
FluX_LSTM,US National,3 wk ahead,2015/2016,9,2.8,0.399713409
FluX_LSTM,US National,3 wk ahead,2015/2016,10,2.5,0.248312743
FluX_LSTM,US National,3 wk ahead,2015/2016,11,2.1,0.387615433
FluX_LSTM,US National,3 wk ahead,2015/2016,12,2,0.386613607
FluX_LSTM,US National,3 wk ahead,2015/2016,13,1.9,0.650565906
FluX_LSTM,US National,3 wk ahead,2015/2016,14,1.7,0.648255652
FluX_LSTM,US National,3 wk ahead,2015/2016,15,1.6,0.586069552
FluX_LSTM,US National,3 wk ahead,2015/2016,16,1.4,0.448846562
FluX_LSTM,US National,3 wk ahead,2015/2016,17,1.3,0.447265868
FluX_LSTM,US National,3 wk ahead,2015/2016,18,1.2,0.445246179
FluX_LSTM,HHS Region 1,3 wk ahead,2015/2016,43,0.7,0.41461796
FluX_LSTM,HHS Region 1,3 wk ahead,2015/2016,44,1,0.713474
FluX_LSTM,HHS Region 1,3 wk ahead,2015/2016,45,0.8,0.36200401
FluX_LSTM,HHS Region 1,3 wk ahead,2015/2016,46,1,0.62375182
FluX_LSTM,HHS Region 1,3 wk ahead,2015/2016,47,1,0.713474
FluX_LSTM,HHS Region 1,3 wk ahead,2015/2016,48,1.4,0.82402873
FluX_LSTM,HHS Region 1,3 wk ahead,2015/2016,49,1.6,0.84751401
FluX_LSTM,HHS Region 1,3 wk ahead,2015/2016,50,1.3,0.73691017
FluX_LSTM,HHS Region 1,3 wk ahead,2015/2016,51,1.4,0.152843895
FluX_LSTM,HHS Region 1,3 wk ahead,2015/2016,52,1.5,0.075688238
FluX_LSTM,HHS Region 1,3 wk ahead,2015/2016,1,1.7,0.202093537
FluX_LSTM,HHS Region 1,3 wk ahead,2015/2016,2,1.8,0.33136425
FluX_LSTM,HHS Region 1,3 wk ahead,2015/2016,3,2,0.455486816
FluX_LSTM,HHS Region 1,3 wk ahead,2015/2016,4,2,0.320430893
FluX_LSTM,HHS Region 1,3 wk ahead,2015/2016,5,2,0.590529348
FluX_LSTM,HHS Region 1,3 wk ahead,2015/2016,6,2,0.651620107
FluX_LSTM,HHS Region 1,3 wk ahead,2015/2016,7,2.5,0.824808818
FluX_LSTM,HHS Region 1,3 wk ahead,2015/2016,8,2.2,0.879055771
FluX_LSTM,HHS Region 1,3 wk ahead,2015/2016,9,2,0.789754462
FluX_LSTM,HHS Region 1,3 wk ahead,2015/2016,10,2,0.590529348
FluX_LSTM,HHS Region 1,3 wk ahead,2015/2016,11,1.7,0.702231518
FluX_LSTM,HHS Region 1,3 wk ahead,2015/2016,12,1.6,0.646884258
FluX_LSTM,HHS Region 1,3 wk ahead,2015/2016,13,1.6,0.746317317
FluX_LSTM,HHS Region 1,3 wk ahead,2015/2016,14,1.1,0.57311604
FluX_LSTM,HHS Region 1,3 wk ahead,2015/2016,15,1.1,0.57311604
FluX_LSTM,HHS Region 1,3 wk ahead,2015/2016,16,0.9,0.55853303
FluX_LSTM,HHS Region 1,3 wk ahead,2015/2016,17,0.9,0.55853303
FluX_LSTM,HHS Region 1,3 wk ahead,2015/2016,18,0.8,0.54674819
FluX_LSTM,HHS Region 2,3 wk ahead,2015/2016,43,1.4,0.696222527
FluX_LSTM,HHS Region 2,3 wk ahead,2015/2016,44,1.4,0.253216947
FluX_LSTM,HHS Region 2,3 wk ahead,2015/2016,45,1.6,0.646884258
FluX_LSTM,HHS Region 2,3 wk ahead,2015/2016,46,1.9,0.750832102
FluX_LSTM,HHS Region 2,3 wk ahead,2015/2016,47,1.7,0.049222044
FluX_LSTM,HHS Region 2,3 wk ahead,2015/2016,48,2.3,0.076359108
FluX_LSTM,HHS Region 2,3 wk ahead,2015/2016,49,2.3,0.053272333
FluX_LSTM,HHS Region 2,3 wk ahead,2015/2016,50,1.8,0.05052259
FluX_LSTM,HHS Region 2,3 wk ahead,2015/2016,51,2.4,0.049501067
FluX_LSTM,HHS Region 2,3 wk ahead,2015/2016,52,2.2,0.040311793
FluX_LSTM,HHS Region 2,3 wk ahead,2015/2016,1,2.3,0.593553157
FluX_LSTM,HHS Region 2,3 wk ahead,2015/2016,2,2.5,0.085341974
FluX_LSTM,HHS Region 2,3 wk ahead,2015/2016,3,3.2,0.529421636
FluX_LSTM,HHS Region 2,3 wk ahead,2015/2016,4,2.8,0.399581509
FluX_LSTM,HHS Region 2,3 wk ahead,2015/2016,5,3.2,0.630554411
FluX_LSTM,HHS Region 2,3 wk ahead,2015/2016,6,3.7,0.514991934
FluX_LSTM,HHS Region 2,3 wk ahead,2015/2016,7,4,0.839914289
FluX_LSTM,HHS Region 2,3 wk ahead,2015/2016,8,4.1,0.868224397
FluX_LSTM,HHS Region 2,3 wk ahead,2015/2016,9,3.3,0.309202714
FluX_LSTM,HHS Region 2,3 wk ahead,2015/2016,10,2.3,0.076616002
FluX_LSTM,HHS Region 2,3 wk ahead,2015/2016,11,2,0.052773081
FluX_LSTM,HHS Region 2,3 wk ahead,2015/2016,12,2.2,0.168155157
FluX_LSTM,HHS Region 2,3 wk ahead,2015/2016,13,2,0.590529348
FluX_LSTM,HHS Region 2,3 wk ahead,2015/2016,14,1.7,0.383577768
FluX_LSTM,HHS Region 2,3 wk ahead,2015/2016,15,1.5,0.028081448
FluX_LSTM,HHS Region 2,3 wk ahead,2015/2016,16,1.3,0.061614237
FluX_LSTM,HHS Region 2,3 wk ahead,2015/2016,17,1.3,0.113967785
FluX_LSTM,HHS Region 2,3 wk ahead,2015/2016,18,1.2,0.196862136
FluX_LSTM,HHS Region 3,3 wk ahead,2015/2016,43,1.7,0.521229676
FluX_LSTM,HHS Region 3,3 wk ahead,2015/2016,44,2.2,0.8217134
FluX_LSTM,HHS Region 3,3 wk ahead,2015/2016,45,1.8,0.522303877
FluX_LSTM,HHS Region 3,3 wk ahead,2015/2016,46,2,0.455486816
FluX_LSTM,HHS Region 3,3 wk ahead,2015/2016,47,2.3,0.262320124
FluX_LSTM,HHS Region 3,3 wk ahead,2015/2016,48,2.8,0.713892557
FluX_LSTM,HHS Region 3,3 wk ahead,2015/2016,49,3,0.661668262
FluX_LSTM,HHS Region 3,3 wk ahead,2015/2016,50,2.4,0.124992195
FluX_LSTM,HHS Region 3,3 wk ahead,2015/2016,51,2.3,0.036081478
FluX_LSTM,HHS Region 3,3 wk ahead,2015/2016,52,2.3,0.025525328
FluX_LSTM,HHS Region 3,3 wk ahead,2015/2016,1,2.2,0.093174934
FluX_LSTM,HHS Region 3,3 wk ahead,2015/2016,2,2,0.158867174
FluX_LSTM,HHS Region 3,3 wk ahead,2015/2016,3,2.3,0.458492632
FluX_LSTM,HHS Region 3,3 wk ahead,2015/2016,4,2.6,0.461493024
FluX_LSTM,HHS Region 3,3 wk ahead,2015/2016,5,2.9,0.891861004
FluX_LSTM,HHS Region 3,3 wk ahead,2015/2016,6,3.3,0.883229112
FluX_LSTM,HHS Region 3,3 wk ahead,2015/2016,7,4,0.909936714
FluX_LSTM,HHS Region 3,3 wk ahead,2015/2016,8,3.2,0.332432105
FluX_LSTM,HHS Region 3,3 wk ahead,2015/2016,9,3,0.230924244
FluX_LSTM,HHS Region 3,3 wk ahead,2015/2016,10,2.5,0.059397912
FluX_LSTM,HHS Region 3,3 wk ahead,2015/2016,11,2.1,0.095442589
FluX_LSTM,HHS Region 3,3 wk ahead,2015/2016,12,2.2,0.093174934
FluX_LSTM,HHS Region 3,3 wk ahead,2015/2016,13,2.3,0.593553157
FluX_LSTM,HHS Region 3,3 wk ahead,2015/2016,14,2.2,0.791940136
FluX_LSTM,HHS Region 3,3 wk ahead,2015/2016,15,1.9,0.7047163
FluX_LSTM,HHS Region 3,3 wk ahead,2015/2016,16,1.7,0.521229676
FluX_LSTM,HHS Region 3,3 wk ahead,2015/2016,17,1.7,0.155865673
FluX_LSTM,HHS Region 3,3 wk ahead,2015/2016,18,1.6,0.255299675
FluX_LSTM,HHS Region 4,3 wk ahead,2015/2016,43,1.3,0.3130219
FluX_LSTM,HHS Region 4,3 wk ahead,2015/2016,44,1.7,0.648255652
FluX_LSTM,HHS Region 4,3 wk ahead,2015/2016,45,1.4,0.38024645
FluX_LSTM,HHS Region 4,3 wk ahead,2015/2016,46,1.4,0.199046968
FluX_LSTM,HHS Region 4,3 wk ahead,2015/2016,47,1.5,0.200075295
FluX_LSTM,HHS Region 4,3 wk ahead,2015/2016,48,1.9,0.319428887
FluX_LSTM,HHS Region 4,3 wk ahead,2015/2016,49,1.8,0.118991947
FluX_LSTM,HHS Region 4,3 wk ahead,2015/2016,50,1.4,0.022123239
FluX_LSTM,HHS Region 4,3 wk ahead,2015/2016,51,1.5,0.021670592
FluX_LSTM,HHS Region 4,3 wk ahead,2015/2016,52,1.8,0.066618624
FluX_LSTM,HHS Region 4,3 wk ahead,2015/2016,1,1.9,0.589498367
FluX_LSTM,HHS Region 4,3 wk ahead,2015/2016,2,2.1,0.525364446
FluX_LSTM,HHS Region 4,3 wk ahead,2015/2016,3,2.3,0.392323603
FluX_LSTM,HHS Region 4,3 wk ahead,2015/2016,4,2.9,0.761290138
FluX_LSTM,HHS Region 4,3 wk ahead,2015/2016,5,3.4,0.884229177
FluX_LSTM,HHS Region 4,3 wk ahead,2015/2016,6,3.3,0.612845839
FluX_LSTM,HHS Region 4,3 wk ahead,2015/2016,7,3.6,0.706688946
FluX_LSTM,HHS Region 4,3 wk ahead,2015/2016,8,2.9,0.231090211
FluX_LSTM,HHS Region 4,3 wk ahead,2015/2016,9,2.8,0.507697915
FluX_LSTM,HHS Region 4,3 wk ahead,2015/2016,10,2.7,0.41806232
FluX_LSTM,HHS Region 4,3 wk ahead,2015/2016,11,2.1,0.652646408
FluX_LSTM,HHS Region 4,3 wk ahead,2015/2016,12,2,0.590529348
FluX_LSTM,HHS Region 4,3 wk ahead,2015/2016,13,2,0.651620107
FluX_LSTM,HHS Region 4,3 wk ahead,2015/2016,14,1.8,0.703544882
FluX_LSTM,HHS Region 4,3 wk ahead,2015/2016,15,1.7,0.648255652
FluX_LSTM,HHS Region 4,3 wk ahead,2015/2016,16,1.4,0.38024645
FluX_LSTM,HHS Region 4,3 wk ahead,2015/2016,17,1.2,0.377233828
FluX_LSTM,HHS Region 4,3 wk ahead,2015/2016,18,1.1,0.309899918
FluX_LSTM,HHS Region 5,3 wk ahead,2015/2016,43,1.2,0.512900117
FluX_LSTM,HHS Region 5,3 wk ahead,2015/2016,44,1.4,0.582865609
FluX_LSTM,HHS Region 5,3 wk ahead,2015/2016,45,1.1,0.249439762
FluX_LSTM,HHS Region 5,3 wk ahead,2015/2016,46,1.4,0.517298188
FluX_LSTM,HHS Region 5,3 wk ahead,2015/2016,47,1.5,0.254273298
FluX_LSTM,HHS Region 5,3 wk ahead,2015/2016,48,1.8,0.64945893
FluX_LSTM,HHS Region 5,3 wk ahead,2015/2016,49,1.7,0.452417387
FluX_LSTM,HHS Region 5,3 wk ahead,2015/2016,50,1.4,0.152843895
FluX_LSTM,HHS Region 5,3 wk ahead,2015/2016,51,1.4,0.022123239
FluX_LSTM,HHS Region 5,3 wk ahead,2015/2016,52,1.4,0.114981946
FluX_LSTM,HHS Region 5,3 wk ahead,2015/2016,1,1.4,0.152843895
FluX_LSTM,HHS Region 5,3 wk ahead,2015/2016,2,1.6,0.451332386
FluX_LSTM,HHS Region 5,3 wk ahead,2015/2016,3,1.8,0.64945893
FluX_LSTM,HHS Region 5,3 wk ahead,2015/2016,4,2.1,0.652646408
FluX_LSTM,HHS Region 5,3 wk ahead,2015/2016,5,2.6,0.864756487
FluX_LSTM,HHS Region 5,3 wk ahead,2015/2016,6,2.9,0.761124327
FluX_LSTM,HHS Region 5,3 wk ahead,2015/2016,7,3.3,0.743568558
FluX_LSTM,HHS Region 5,3 wk ahead,2015/2016,8,2.6,0.297742607
FluX_LSTM,HHS Region 5,3 wk ahead,2015/2016,9,2.3,0.255602798
FluX_LSTM,HHS Region 5,3 wk ahead,2015/2016,10,2,0.060356873
FluX_LSTM,HHS Region 5,3 wk ahead,2015/2016,11,1.6,0.382531177
FluX_LSTM,HHS Region 5,3 wk ahead,2015/2016,12,1.5,0.381435376
FluX_LSTM,HHS Region 5,3 wk ahead,2015/2016,13,1.5,0.698746697
FluX_LSTM,HHS Region 5,3 wk ahead,2015/2016,14,1.4,0.696222527
FluX_LSTM,HHS Region 5,3 wk ahead,2015/2016,15,1,0.438711857
FluX_LSTM,HHS Region 5,3 wk ahead,2015/2016,16,1.2,0.577450047
FluX_LSTM,HHS Region 5,3 wk ahead,2015/2016,17,1,0.50457587
FluX_LSTM,HHS Region 5,3 wk ahead,2015/2016,18,0.8,0.4879886
FluX_LSTM,HHS Region 6,3 wk ahead,2015/2016,43,3.4,0.172898184
FluX_LSTM,HHS Region 6,3 wk ahead,2015/2016,44,4.2,0.686548235
FluX_LSTM,HHS Region 6,3 wk ahead,2015/2016,45,3.9,0.209838673
FluX_LSTM,HHS Region 6,3 wk ahead,2015/2016,46,4,0.151457849
FluX_LSTM,HHS Region 6,3 wk ahead,2015/2016,47,4.1,0.143275779
FluX_LSTM,HHS Region 6,3 wk ahead,2015/2016,48,4.5,0.209661631
FluX_LSTM,HHS Region 6,3 wk ahead,2015/2016,49,5,0.619588622
FluX_LSTM,HHS Region 6,3 wk ahead,2015/2016,50,4.1,0.211158185
FluX_LSTM,HHS Region 6,3 wk ahead,2015/2016,51,3.8,0.147858922
FluX_LSTM,HHS Region 6,3 wk ahead,2015/2016,52,4.1,0.187490705
FluX_LSTM,HHS Region 6,3 wk ahead,2015/2016,1,4.5,0.745428027
FluX_LSTM,HHS Region 6,3 wk ahead,2015/2016,2,4.4,0.633809666
FluX_LSTM,HHS Region 6,3 wk ahead,2015/2016,3,5.1,0.889672286
FluX_LSTM,HHS Region 6,3 wk ahead,2015/2016,4,5.6,0.915665251
FluX_LSTM,HHS Region 6,3 wk ahead,2015/2016,5,4.5,0.838879658
FluX_LSTM,HHS Region 6,3 wk ahead,2015/2016,6,4.7,0.570021456
FluX_LSTM,HHS Region 6,3 wk ahead,2015/2016,7,4.4,0.479494885
FluX_LSTM,HHS Region 6,3 wk ahead,2015/2016,8,3.9,0.889229194
FluX_LSTM,HHS Region 6,3 wk ahead,2015/2016,9,3.6,0.721892629
FluX_LSTM,HHS Region 6,3 wk ahead,2015/2016,10,3.3,0.274076403
FluX_LSTM,HHS Region 6,3 wk ahead,2015/2016,11,2.9,0.268320189
FluX_LSTM,HHS Region 6,3 wk ahead,2015/2016,12,3.1,0.830819827
FluX_LSTM,HHS Region 6,3 wk ahead,2015/2016,13,3,0.762124394
FluX_LSTM,HHS Region 6,3 wk ahead,2015/2016,14,2.8,0.798000733
FluX_LSTM,HHS Region 6,3 wk ahead,2015/2016,15,2.7,0.759123963
FluX_LSTM,HHS Region 6,3 wk ahead,2015/2016,16,2.3,0.527369063
FluX_LSTM,HHS Region 6,3 wk ahead,2015/2016,17,2.3,0.593553157
FluX_LSTM,HHS Region 6,3 wk ahead,2015/2016,18,2.4,0.756117665
FluX_LSTM,HHS Region 7,3 wk ahead,2015/2016,43,1.1,0.442521967
FluX_LSTM,HHS Region 7,3 wk ahead,2015/2016,44,1.3,0.151813898
FluX_LSTM,HHS Region 7,3 wk ahead,2015/2016,45,1,0.011292761
FluX_LSTM,HHS Region 7,3 wk ahead,2015/2016,46,0.9,0.041161798
FluX_LSTM,HHS Region 7,3 wk ahead,2015/2016,47,1.2,0.032767153
FluX_LSTM,HHS Region 7,3 wk ahead,2015/2016,48,1.4,0.517298188
FluX_LSTM,HHS Region 7,3 wk ahead,2015/2016,49,1.6,0.700680329
FluX_LSTM,HHS Region 7,3 wk ahead,2015/2016,50,1.4,0.199046968
FluX_LSTM,HHS Region 7,3 wk ahead,2015/2016,51,1.1,0.014829891
FluX_LSTM,HHS Region 7,3 wk ahead,2015/2016,52,1.2,0.041404472
FluX_LSTM,HHS Region 7,3 wk ahead,2015/2016,1,1.2,0.035887168
FluX_LSTM,HHS Region 7,3 wk ahead,2015/2016,2,1.1,0.375085449
FluX_LSTM,HHS Region 7,3 wk ahead,2015/2016,3,1.5,0.698746697
FluX_LSTM,HHS Region 7,3 wk ahead,2015/2016,4,1.8,0.522303877
FluX_LSTM,HHS Region 7,3 wk ahead,2015/2016,5,1.8,0.816512827
FluX_LSTM,HHS Region 7,3 wk ahead,2015/2016,6,2.4,0.889159649
FluX_LSTM,HHS Region 7,3 wk ahead,2015/2016,7,2.5,0.863735266
FluX_LSTM,HHS Region 7,3 wk ahead,2015/2016,8,2,0.651620107
FluX_LSTM,HHS Region 7,3 wk ahead,2015/2016,9,2.1,0.273162483
FluX_LSTM,HHS Region 7,3 wk ahead,2015/2016,10,2.1,0.218470441
FluX_LSTM,HHS Region 7,3 wk ahead,2015/2016,11,1.5,0.698746697
FluX_LSTM,HHS Region 7,3 wk ahead,2015/2016,12,1.4,0.517298188
FluX_LSTM,HHS Region 7,3 wk ahead,2015/2016,13,1.2,0.258574609
FluX_LSTM,HHS Region 7,3 wk ahead,2015/2016,14,1,0.5670371
FluX_LSTM,HHS Region 7,3 wk ahead,2015/2016,15,0.9,0.49768663
FluX_LSTM,HHS Region 7,3 wk ahead,2015/2016,16,0.7,0.53062083
FluX_LSTM,HHS Region 7,3 wk ahead,2015/2016,17,0.6,0.39934194
FluX_LSTM,HHS Region 7,3 wk ahead,2015/2016,18,0.3,0.18513724
FluX_LSTM,HHS Region 8,3 wk ahead,2015/2016,43,0.8,0.4879886
FluX_LSTM,HHS Region 8,3 wk ahead,2015/2016,44,1,0.62375182
FluX_LSTM,HHS Region 8,3 wk ahead,2015/2016,45,0.7,0.41461796
FluX_LSTM,HHS Region 8,3 wk ahead,2015/2016,46,0.9,0.49768663
FluX_LSTM,HHS Region 8,3 wk ahead,2015/2016,47,0.9,0.367980767
FluX_LSTM,HHS Region 8,3 wk ahead,2015/2016,48,1.2,0.63648187
FluX_LSTM,HHS Region 8,3 wk ahead,2015/2016,49,1.5,0.78066505
FluX_LSTM,HHS Region 8,3 wk ahead,2015/2016,50,1.1,0.509443217
FluX_LSTM,HHS Region 8,3 wk ahead,2015/2016,51,1.2,0.445246179
FluX_LSTM,HHS Region 8,3 wk ahead,2015/2016,52,1.2,0.111680346
FluX_LSTM,HHS Region 8,3 wk ahead,2015/2016,1,1.3,0.447265868
FluX_LSTM,HHS Region 8,3 wk ahead,2015/2016,2,1.6,0.700680329
FluX_LSTM,HHS Region 8,3 wk ahead,2015/2016,3,1.8,0.787138959
FluX_LSTM,HHS Region 8,3 wk ahead,2015/2016,4,2.1,0.859204939
FluX_LSTM,HHS Region 8,3 wk ahead,2015/2016,5,2.2,0.791940136
FluX_LSTM,HHS Region 8,3 wk ahead,2015/2016,6,2,0.651620107
FluX_LSTM,HHS Region 8,3 wk ahead,2015/2016,7,2.1,0.387615433
FluX_LSTM,HHS Region 8,3 wk ahead,2015/2016,8,2.2,0.457492037
FluX_LSTM,HHS Region 8,3 wk ahead,2015/2016,9,1.9,0.523339928
FluX_LSTM,HHS Region 8,3 wk ahead,2015/2016,10,1.8,0.64945893
FluX_LSTM,HHS Region 8,3 wk ahead,2015/2016,11,1.7,0.521229676
FluX_LSTM,HHS Region 8,3 wk ahead,2015/2016,12,1.3,0.515407179
FluX_LSTM,HHS Region 8,3 wk ahead,2015/2016,13,1.2,0.512900117
FluX_LSTM,HHS Region 8,3 wk ahead,2015/2016,14,1,0.50457587
FluX_LSTM,HHS Region 8,3 wk ahead,2015/2016,15,1,0.5670371
FluX_LSTM,HHS Region 8,3 wk ahead,2015/2016,16,0.8,0.4879886
FluX_LSTM,HHS Region 8,3 wk ahead,2015/2016,17,0.7,0.53062083
FluX_LSTM,HHS Region 8,3 wk ahead,2015/2016,18,0.7,0.53062083
FluX_LSTM,HHS Region 9,3 wk ahead,2015/2016,43,2,0.75197628
FluX_LSTM,HHS Region 9,3 wk ahead,2015/2016,44,2.3,0.861612842
FluX_LSTM,HHS Region 9,3 wk ahead,2015/2016,45,2,0.590529348
FluX_LSTM,HHS Region 9,3 wk ahead,2015/2016,46,2,0.651620107
FluX_LSTM,HHS Region 9,3 wk ahead,2015/2016,47,2.1,0.652646408
FluX_LSTM,HHS Region 9,3 wk ahead,2015/2016,48,2.8,0.827819047
FluX_LSTM,HHS Region 9,3 wk ahead,2015/2016,49,3,0.887914205
FluX_LSTM,HHS Region 9,3 wk ahead,2015/2016,50,2.4,0.209097255
FluX_LSTM,HHS Region 9,3 wk ahead,2015/2016,51,2.4,0.324432064
FluX_LSTM,HHS Region 9,3 wk ahead,2015/2016,52,2.6,0.040032692
FluX_LSTM,HHS Region 9,3 wk ahead,2015/2016,1,2.8,0.659668274
FluX_LSTM,HHS Region 9,3 wk ahead,2015/2016,2,3.2,0.831819864
FluX_LSTM,HHS Region 9,3 wk ahead,2015/2016,3,4,0.909402822
FluX_LSTM,HHS Region 9,3 wk ahead,2015/2016,4,4.4,0.913937105
FluX_LSTM,HHS Region 9,3 wk ahead,2015/2016,5,3.9,0.904949202
FluX_LSTM,HHS Region 9,3 wk ahead,2015/2016,6,3.8,0.528507212
FluX_LSTM,HHS Region 9,3 wk ahead,2015/2016,7,3.8,0.761970453
FluX_LSTM,HHS Region 9,3 wk ahead,2015/2016,8,3.3,0.534008663
FluX_LSTM,HHS Region 9,3 wk ahead,2015/2016,9,3,0.269883534
FluX_LSTM,HHS Region 9,3 wk ahead,2015/2016,10,2.8,0.463492995
FluX_LSTM,HHS Region 9,3 wk ahead,2015/2016,11,2.3,0.161867165
FluX_LSTM,HHS Region 9,3 wk ahead,2015/2016,12,2,0.455486816
FluX_LSTM,HHS Region 9,3 wk ahead,2015/2016,13,1.8,0.453458708
FluX_LSTM,HHS Region 9,3 wk ahead,2015/2016,14,1.8,0.588434556
FluX_LSTM,HHS Region 9,3 wk ahead,2015/2016,15,1.8,0.588434556
FluX_LSTM,HHS Region 9,3 wk ahead,2015/2016,16,1.5,0.315337477
FluX_LSTM,HHS Region 9,3 wk ahead,2015/2016,17,1.5,0.45016475
FluX_LSTM,HHS Region 9,3 wk ahead,2015/2016,18,1.4,0.314231296
FluX_LSTM,HHS Region 10,3 wk ahead,2015/2016,43,0.7,0.142393639
FluX_LSTM,HHS Region 10,3 wk ahead,2015/2016,44,0.8,0.42555779
FluX_LSTM,HHS Region 10,3 wk ahead,2015/2016,45,0.8,0.36200401
FluX_LSTM,HHS Region 10,3 wk ahead,2015/2016,46,0.6,0.23010006
FluX_LSTM,HHS Region 10,3 wk ahead,2015/2016,47,0.7,0.237103227
FluX_LSTM,HHS Region 10,3 wk ahead,2015/2016,48,0.7,0.237103227
FluX_LSTM,HHS Region 10,3 wk ahead,2015/2016,49,0.8,0.299974747
FluX_LSTM,HHS Region 10,3 wk ahead,2015/2016,50,0.9,0.4332898
FluX_LSTM,HHS Region 10,3 wk ahead,2015/2016,51,1.1,0.509443217
FluX_LSTM,HHS Region 10,3 wk ahead,2015/2016,52,1.4,0.696222527
FluX_LSTM,HHS Region 10,3 wk ahead,2015/2016,1,1.4,0.696222527
FluX_LSTM,HHS Region 10,3 wk ahead,2015/2016,2,1.7,0.814579697
FluX_LSTM,HHS Region 10,3 wk ahead,2015/2016,3,1.7,0.702231518
FluX_LSTM,HHS Region 10,3 wk ahead,2015/2016,4,2.4,0.881654551
FluX_LSTM,HHS Region 10,3 wk ahead,2015/2016,5,2.1,0.591543855
FluX_LSTM,HHS Region 10,3 wk ahead,2015/2016,6,2,0.705806456
FluX_LSTM,HHS Region 10,3 wk ahead,2015/2016,7,2.2,0.457492113
FluX_LSTM,HHS Region 10,3 wk ahead,2015/2016,8,2.2,0.322431937
FluX_LSTM,HHS Region 10,3 wk ahead,2015/2016,9,1.7,0.317413325
FluX_LSTM,HHS Region 10,3 wk ahead,2015/2016,10,1.8,0.453458708
FluX_LSTM,HHS Region 10,3 wk ahead,2015/2016,11,1.7,0.58730866
FluX_LSTM,HHS Region 10,3 wk ahead,2015/2016,12,1,0.110731796
FluX_LSTM,HHS Region 10,3 wk ahead,2015/2016,13,0.8,0.189815819
FluX_LSTM,HHS Region 10,3 wk ahead,2015/2016,14,0.7,0.05505444
FluX_LSTM,HHS Region 10,3 wk ahead,2015/2016,15,0.9,0.4332898
FluX_LSTM,HHS Region 10,3 wk ahead,2015/2016,16,0.5,0.17376349
FluX_LSTM,HHS Region 10,3 wk ahead,2015/2016,17,0.5,0.27070401
FluX_LSTM,HHS Region 10,3 wk ahead,2015/2016,18,0.2,0.12574665
