model_name,location,target,season,calendar_week,valid.bin_start_incl,cdf
ReichLab_kcde_backfill_post_hoc,US National,2 wk ahead,2010/2011,43,1.5,0.63162
ReichLab_kcde_backfill_post_hoc,US National,2 wk ahead,2010/2011,44,1.6,0.74098
ReichLab_kcde_backfill_post_hoc,US National,2 wk ahead,2010/2011,45,1.8,0.77838
ReichLab_kcde_backfill_post_hoc,US National,2 wk ahead,2010/2011,46,1.7,0.52614
ReichLab_kcde_backfill_post_hoc,US National,2 wk ahead,2010/2011,47,1.9,0.37664
ReichLab_kcde_backfill_post_hoc,US National,2 wk ahead,2010/2011,48,2.4,0.88104
ReichLab_kcde_backfill_post_hoc,US National,2 wk ahead,2010/2011,49,3.1,0.93378
ReichLab_kcde_backfill_post_hoc,US National,2 wk ahead,2010/2011,50,3.1,0.8247
ReichLab_kcde_backfill_post_hoc,US National,2 wk ahead,2010/2011,51,2.5,0.33434
ReichLab_kcde_backfill_post_hoc,US National,2 wk ahead,2010/2011,52,2.9,0.64674
ReichLab_kcde_backfill_post_hoc,US National,2 wk ahead,2010/2011,1,3.4,0.86372
ReichLab_kcde_backfill_post_hoc,US National,2 wk ahead,2010/2011,2,4.2,0.86278
ReichLab_kcde_backfill_post_hoc,US National,2 wk ahead,2010/2011,3,4.5,0.82214
ReichLab_kcde_backfill_post_hoc,US National,2 wk ahead,2010/2011,4,4.5,0.76026
ReichLab_kcde_backfill_post_hoc,US National,2 wk ahead,2010/2011,5,4.5,0.58714
ReichLab_kcde_backfill_post_hoc,US National,2 wk ahead,2010/2011,6,3.9,0.59626
ReichLab_kcde_backfill_post_hoc,US National,2 wk ahead,2010/2011,7,3.4,0.31822
ReichLab_kcde_backfill_post_hoc,US National,2 wk ahead,2010/2011,8,3,0.56062
ReichLab_kcde_backfill_post_hoc,US National,2 wk ahead,2010/2011,9,2.6,0.57656
ReichLab_kcde_backfill_post_hoc,US National,2 wk ahead,2010/2011,10,2.1,0.3058
ReichLab_kcde_backfill_post_hoc,US National,2 wk ahead,2010/2011,11,1.9,0.4338
ReichLab_kcde_backfill_post_hoc,US National,2 wk ahead,2010/2011,12,1.6,0.65522
ReichLab_kcde_backfill_post_hoc,US National,2 wk ahead,2010/2011,13,1.4,0.65808
ReichLab_kcde_backfill_post_hoc,US National,2 wk ahead,2010/2011,14,1.3,0.89104
ReichLab_kcde_backfill_post_hoc,US National,2 wk ahead,2010/2011,15,1.2,0.83852
ReichLab_kcde_backfill_post_hoc,US National,2 wk ahead,2010/2011,16,1.2,0.80718
ReichLab_kcde_backfill_post_hoc,US National,2 wk ahead,2010/2011,17,1.1,0.61308
ReichLab_kcde_backfill_post_hoc,US National,2 wk ahead,2010/2011,18,1.1,0.86042
ReichLab_kcde_backfill_post_hoc,HHS Region 1,2 wk ahead,2010/2011,43,0.6,0.011
ReichLab_kcde_backfill_post_hoc,HHS Region 1,2 wk ahead,2010/2011,44,0.7,0.0366
ReichLab_kcde_backfill_post_hoc,HHS Region 1,2 wk ahead,2010/2011,45,0.8,0.07312
ReichLab_kcde_backfill_post_hoc,HHS Region 1,2 wk ahead,2010/2011,46,0.7,0.03
ReichLab_kcde_backfill_post_hoc,HHS Region 1,2 wk ahead,2010/2011,47,0.8,0.02432
ReichLab_kcde_backfill_post_hoc,HHS Region 1,2 wk ahead,2010/2011,48,0.8,0.0642
ReichLab_kcde_backfill_post_hoc,HHS Region 1,2 wk ahead,2010/2011,49,1,0.09214
ReichLab_kcde_backfill_post_hoc,HHS Region 1,2 wk ahead,2010/2011,50,1.1,0.10238
ReichLab_kcde_backfill_post_hoc,HHS Region 1,2 wk ahead,2010/2011,51,1,0.03538
ReichLab_kcde_backfill_post_hoc,HHS Region 1,2 wk ahead,2010/2011,52,1.2,0.08938
ReichLab_kcde_backfill_post_hoc,HHS Region 1,2 wk ahead,2010/2011,1,1.2,0.17092
ReichLab_kcde_backfill_post_hoc,HHS Region 1,2 wk ahead,2010/2011,2,1.4,0.1109
ReichLab_kcde_backfill_post_hoc,HHS Region 1,2 wk ahead,2010/2011,3,1.9,0.1961
ReichLab_kcde_backfill_post_hoc,HHS Region 1,2 wk ahead,2010/2011,4,2,0.19632
ReichLab_kcde_backfill_post_hoc,HHS Region 1,2 wk ahead,2010/2011,5,2.3,0.25884
ReichLab_kcde_backfill_post_hoc,HHS Region 1,2 wk ahead,2010/2011,6,2.3,0.29104
ReichLab_kcde_backfill_post_hoc,HHS Region 1,2 wk ahead,2010/2011,7,1.8,0.17722
ReichLab_kcde_backfill_post_hoc,HHS Region 1,2 wk ahead,2010/2011,8,1.7,0.2268
ReichLab_kcde_backfill_post_hoc,HHS Region 1,2 wk ahead,2010/2011,9,1.4,0.15368
ReichLab_kcde_backfill_post_hoc,HHS Region 1,2 wk ahead,2010/2011,10,1,0.07128
ReichLab_kcde_backfill_post_hoc,HHS Region 1,2 wk ahead,2010/2011,11,1.1,0.0985
ReichLab_kcde_backfill_post_hoc,HHS Region 1,2 wk ahead,2010/2011,12,0.9,0.10244
ReichLab_kcde_backfill_post_hoc,HHS Region 1,2 wk ahead,2010/2011,13,0.8,0.17628
ReichLab_kcde_backfill_post_hoc,HHS Region 1,2 wk ahead,2010/2011,14,0.8,0.31774
ReichLab_kcde_backfill_post_hoc,HHS Region 1,2 wk ahead,2010/2011,15,0.7,0.29686
ReichLab_kcde_backfill_post_hoc,HHS Region 1,2 wk ahead,2010/2011,16,0.6,0.14468
ReichLab_kcde_backfill_post_hoc,HHS Region 1,2 wk ahead,2010/2011,17,0.5,0.06366
ReichLab_kcde_backfill_post_hoc,HHS Region 1,2 wk ahead,2010/2011,18,0.5,0.14634
ReichLab_kcde_backfill_post_hoc,HHS Region 2,2 wk ahead,2010/2011,43,1.4,0.4168
ReichLab_kcde_backfill_post_hoc,HHS Region 2,2 wk ahead,2010/2011,44,1.4,0.3959
ReichLab_kcde_backfill_post_hoc,HHS Region 2,2 wk ahead,2010/2011,45,1.7,0.50438
ReichLab_kcde_backfill_post_hoc,HHS Region 2,2 wk ahead,2010/2011,46,2.2,0.74656
ReichLab_kcde_backfill_post_hoc,HHS Region 2,2 wk ahead,2010/2011,47,2.5,0.67938
ReichLab_kcde_backfill_post_hoc,HHS Region 2,2 wk ahead,2010/2011,48,3,0.90594
ReichLab_kcde_backfill_post_hoc,HHS Region 2,2 wk ahead,2010/2011,49,4.2,0.93722
ReichLab_kcde_backfill_post_hoc,HHS Region 2,2 wk ahead,2010/2011,50,4.5,0.93232
ReichLab_kcde_backfill_post_hoc,HHS Region 2,2 wk ahead,2010/2011,51,3.3,0.76638
ReichLab_kcde_backfill_post_hoc,HHS Region 2,2 wk ahead,2010/2011,52,3.8,0.84458
ReichLab_kcde_backfill_post_hoc,HHS Region 2,2 wk ahead,2010/2011,1,3.7,0.88366
ReichLab_kcde_backfill_post_hoc,HHS Region 2,2 wk ahead,2010/2011,2,3.9,0.83194
ReichLab_kcde_backfill_post_hoc,HHS Region 2,2 wk ahead,2010/2011,3,4.1,0.8269
ReichLab_kcde_backfill_post_hoc,HHS Region 2,2 wk ahead,2010/2011,4,4.1,0.81026
ReichLab_kcde_backfill_post_hoc,HHS Region 2,2 wk ahead,2010/2011,5,4.3,0.793
ReichLab_kcde_backfill_post_hoc,HHS Region 2,2 wk ahead,2010/2011,6,4.3,0.80132
ReichLab_kcde_backfill_post_hoc,HHS Region 2,2 wk ahead,2010/2011,7,3.4,0.47444
ReichLab_kcde_backfill_post_hoc,HHS Region 2,2 wk ahead,2010/2011,8,3.2,0.51166
ReichLab_kcde_backfill_post_hoc,HHS Region 2,2 wk ahead,2010/2011,9,3.2,0.63876
ReichLab_kcde_backfill_post_hoc,HHS Region 2,2 wk ahead,2010/2011,10,2.5,0.4649
ReichLab_kcde_backfill_post_hoc,HHS Region 2,2 wk ahead,2010/2011,11,2.7,0.66332
ReichLab_kcde_backfill_post_hoc,HHS Region 2,2 wk ahead,2010/2011,12,2.5,0.76212
ReichLab_kcde_backfill_post_hoc,HHS Region 2,2 wk ahead,2010/2011,13,2.2,0.82562
ReichLab_kcde_backfill_post_hoc,HHS Region 2,2 wk ahead,2010/2011,14,2.2,0.91128
ReichLab_kcde_backfill_post_hoc,HHS Region 2,2 wk ahead,2010/2011,15,1.7,0.85584
ReichLab_kcde_backfill_post_hoc,HHS Region 2,2 wk ahead,2010/2011,16,1.6,0.82466
ReichLab_kcde_backfill_post_hoc,HHS Region 2,2 wk ahead,2010/2011,17,1.7,0.88644
ReichLab_kcde_backfill_post_hoc,HHS Region 2,2 wk ahead,2010/2011,18,1.4,0.8402
ReichLab_kcde_backfill_post_hoc,HHS Region 3,2 wk ahead,2010/2011,43,1.3,0.34878
ReichLab_kcde_backfill_post_hoc,HHS Region 3,2 wk ahead,2010/2011,44,1.3,0.328
ReichLab_kcde_backfill_post_hoc,HHS Region 3,2 wk ahead,2010/2011,45,1.5,0.4225
ReichLab_kcde_backfill_post_hoc,HHS Region 3,2 wk ahead,2010/2011,46,1.5,0.35148
ReichLab_kcde_backfill_post_hoc,HHS Region 3,2 wk ahead,2010/2011,47,1.5,0.14676
ReichLab_kcde_backfill_post_hoc,HHS Region 3,2 wk ahead,2010/2011,48,1.6,0.36232
ReichLab_kcde_backfill_post_hoc,HHS Region 3,2 wk ahead,2010/2011,49,2.2,0.57996
ReichLab_kcde_backfill_post_hoc,HHS Region 3,2 wk ahead,2010/2011,50,2.6,0.67084
ReichLab_kcde_backfill_post_hoc,HHS Region 3,2 wk ahead,2010/2011,51,2.2,0.28332
ReichLab_kcde_backfill_post_hoc,HHS Region 3,2 wk ahead,2010/2011,52,2.5,0.44364
ReichLab_kcde_backfill_post_hoc,HHS Region 3,2 wk ahead,2010/2011,1,3.3,0.78836
ReichLab_kcde_backfill_post_hoc,HHS Region 3,2 wk ahead,2010/2011,2,4,0.77368
ReichLab_kcde_backfill_post_hoc,HHS Region 3,2 wk ahead,2010/2011,3,4.4,0.69724
ReichLab_kcde_backfill_post_hoc,HHS Region 3,2 wk ahead,2010/2011,4,4.1,0.55042
ReichLab_kcde_backfill_post_hoc,HHS Region 3,2 wk ahead,2010/2011,5,4,0.4433
ReichLab_kcde_backfill_post_hoc,HHS Region 3,2 wk ahead,2010/2011,6,3.6,0.3489
ReichLab_kcde_backfill_post_hoc,HHS Region 3,2 wk ahead,2010/2011,7,3,0.20584
ReichLab_kcde_backfill_post_hoc,HHS Region 3,2 wk ahead,2010/2011,8,2.6,0.22274
ReichLab_kcde_backfill_post_hoc,HHS Region 3,2 wk ahead,2010/2011,9,2,0.206
ReichLab_kcde_backfill_post_hoc,HHS Region 3,2 wk ahead,2010/2011,10,1.7,0.11612
ReichLab_kcde_backfill_post_hoc,HHS Region 3,2 wk ahead,2010/2011,11,1.5,0.12574
ReichLab_kcde_backfill_post_hoc,HHS Region 3,2 wk ahead,2010/2011,12,1.5,0.28044
ReichLab_kcde_backfill_post_hoc,HHS Region 3,2 wk ahead,2010/2011,13,1.4,0.4229
ReichLab_kcde_backfill_post_hoc,HHS Region 3,2 wk ahead,2010/2011,14,1.2,0.37188
ReichLab_kcde_backfill_post_hoc,HHS Region 3,2 wk ahead,2010/2011,15,0.9,0.14136
ReichLab_kcde_backfill_post_hoc,HHS Region 3,2 wk ahead,2010/2011,16,1,0.21884
ReichLab_kcde_backfill_post_hoc,HHS Region 3,2 wk ahead,2010/2011,17,0.9,0.1596
ReichLab_kcde_backfill_post_hoc,HHS Region 3,2 wk ahead,2010/2011,18,1,0.42596
ReichLab_kcde_backfill_post_hoc,HHS Region 4,2 wk ahead,2010/2011,43,1.6,0.67406
ReichLab_kcde_backfill_post_hoc,HHS Region 4,2 wk ahead,2010/2011,44,1.8,0.78744
ReichLab_kcde_backfill_post_hoc,HHS Region 4,2 wk ahead,2010/2011,45,2.2,0.92362
ReichLab_kcde_backfill_post_hoc,HHS Region 4,2 wk ahead,2010/2011,46,1.9,0.71238
ReichLab_kcde_backfill_post_hoc,HHS Region 4,2 wk ahead,2010/2011,47,2.2,0.6654
ReichLab_kcde_backfill_post_hoc,HHS Region 4,2 wk ahead,2010/2011,48,3.3,0.96784
ReichLab_kcde_backfill_post_hoc,HHS Region 4,2 wk ahead,2010/2011,49,4.4,0.98128
ReichLab_kcde_backfill_post_hoc,HHS Region 4,2 wk ahead,2010/2011,50,4,0.90296
ReichLab_kcde_backfill_post_hoc,HHS Region 4,2 wk ahead,2010/2011,51,3.3,0.61156
ReichLab_kcde_backfill_post_hoc,HHS Region 4,2 wk ahead,2010/2011,52,3.6,0.7643
ReichLab_kcde_backfill_post_hoc,HHS Region 4,2 wk ahead,2010/2011,1,4.2,0.94408
ReichLab_kcde_backfill_post_hoc,HHS Region 4,2 wk ahead,2010/2011,2,5,0.9609
ReichLab_kcde_backfill_post_hoc,HHS Region 4,2 wk ahead,2010/2011,3,5.5,0.97104
ReichLab_kcde_backfill_post_hoc,HHS Region 4,2 wk ahead,2010/2011,4,5.2,0.96362
ReichLab_kcde_backfill_post_hoc,HHS Region 4,2 wk ahead,2010/2011,5,4.8,0.95138
ReichLab_kcde_backfill_post_hoc,HHS Region 4,2 wk ahead,2010/2011,6,3.9,0.85704
ReichLab_kcde_backfill_post_hoc,HHS Region 4,2 wk ahead,2010/2011,7,2.8,0.22032
ReichLab_kcde_backfill_post_hoc,HHS Region 4,2 wk ahead,2010/2011,8,2.5,0.32366
ReichLab_kcde_backfill_post_hoc,HHS Region 4,2 wk ahead,2010/2011,9,2,0.32008
ReichLab_kcde_backfill_post_hoc,HHS Region 4,2 wk ahead,2010/2011,10,1.6,0.19284
ReichLab_kcde_backfill_post_hoc,HHS Region 4,2 wk ahead,2010/2011,11,1.5,0.49212
ReichLab_kcde_backfill_post_hoc,HHS Region 4,2 wk ahead,2010/2011,12,1.3,0.3928
ReichLab_kcde_backfill_post_hoc,HHS Region 4,2 wk ahead,2010/2011,13,1.2,0.54244
ReichLab_kcde_backfill_post_hoc,HHS Region 4,2 wk ahead,2010/2011,14,1.1,0.61686
ReichLab_kcde_backfill_post_hoc,HHS Region 4,2 wk ahead,2010/2011,15,1.1,0.78038
ReichLab_kcde_backfill_post_hoc,HHS Region 4,2 wk ahead,2010/2011,16,1,0.5921
ReichLab_kcde_backfill_post_hoc,HHS Region 4,2 wk ahead,2010/2011,17,0.9,0.33482
ReichLab_kcde_backfill_post_hoc,HHS Region 4,2 wk ahead,2010/2011,18,0.9,0.49618
ReichLab_kcde_backfill_post_hoc,HHS Region 5,2 wk ahead,2010/2011,43,0.9,0.05978
ReichLab_kcde_backfill_post_hoc,HHS Region 5,2 wk ahead,2010/2011,44,0.9,0.05848
ReichLab_kcde_backfill_post_hoc,HHS Region 5,2 wk ahead,2010/2011,45,1,0.05728
ReichLab_kcde_backfill_post_hoc,HHS Region 5,2 wk ahead,2010/2011,46,0.9,0.03088
ReichLab_kcde_backfill_post_hoc,HHS Region 5,2 wk ahead,2010/2011,47,1,0.00468
ReichLab_kcde_backfill_post_hoc,HHS Region 5,2 wk ahead,2010/2011,48,1.1,0.04378
ReichLab_kcde_backfill_post_hoc,HHS Region 5,2 wk ahead,2010/2011,49,1.4,0.13246
ReichLab_kcde_backfill_post_hoc,HHS Region 5,2 wk ahead,2010/2011,50,1.7,0.18958
ReichLab_kcde_backfill_post_hoc,HHS Region 5,2 wk ahead,2010/2011,51,1.5,0.03084
ReichLab_kcde_backfill_post_hoc,HHS Region 5,2 wk ahead,2010/2011,52,1.7,0.1249
ReichLab_kcde_backfill_post_hoc,HHS Region 5,2 wk ahead,2010/2011,1,2.4,0.51084
ReichLab_kcde_backfill_post_hoc,HHS Region 5,2 wk ahead,2010/2011,2,3.3,0.5949
ReichLab_kcde_backfill_post_hoc,HHS Region 5,2 wk ahead,2010/2011,3,3.8,0.7024
ReichLab_kcde_backfill_post_hoc,HHS Region 5,2 wk ahead,2010/2011,4,3.3,0.47736
ReichLab_kcde_backfill_post_hoc,HHS Region 5,2 wk ahead,2010/2011,5,3.3,0.36314
ReichLab_kcde_backfill_post_hoc,HHS Region 5,2 wk ahead,2010/2011,6,3.1,0.36
ReichLab_kcde_backfill_post_hoc,HHS Region 5,2 wk ahead,2010/2011,7,2.9,0.22108
ReichLab_kcde_backfill_post_hoc,HHS Region 5,2 wk ahead,2010/2011,8,2.5,0.30064
ReichLab_kcde_backfill_post_hoc,HHS Region 5,2 wk ahead,2010/2011,9,2.4,0.42406
ReichLab_kcde_backfill_post_hoc,HHS Region 5,2 wk ahead,2010/2011,10,1.6,0.13702
ReichLab_kcde_backfill_post_hoc,HHS Region 5,2 wk ahead,2010/2011,11,1.5,0.28638
ReichLab_kcde_backfill_post_hoc,HHS Region 5,2 wk ahead,2010/2011,12,1.3,0.37162
ReichLab_kcde_backfill_post_hoc,HHS Region 5,2 wk ahead,2010/2011,13,0.9,0.2721
ReichLab_kcde_backfill_post_hoc,HHS Region 5,2 wk ahead,2010/2011,14,0.9,0.41654
ReichLab_kcde_backfill_post_hoc,HHS Region 5,2 wk ahead,2010/2011,15,0.8,0.21542
ReichLab_kcde_backfill_post_hoc,HHS Region 5,2 wk ahead,2010/2011,16,0.8,0.18938
ReichLab_kcde_backfill_post_hoc,HHS Region 5,2 wk ahead,2010/2011,17,0.8,0.22032
ReichLab_kcde_backfill_post_hoc,HHS Region 5,2 wk ahead,2010/2011,18,0.8,0.50896
ReichLab_kcde_backfill_post_hoc,HHS Region 6,2 wk ahead,2010/2011,43,2.4,0.73964
ReichLab_kcde_backfill_post_hoc,HHS Region 6,2 wk ahead,2010/2011,44,2.4,0.72274
ReichLab_kcde_backfill_post_hoc,HHS Region 6,2 wk ahead,2010/2011,45,2.6,0.75038
ReichLab_kcde_backfill_post_hoc,HHS Region 6,2 wk ahead,2010/2011,46,2.5,0.6639
ReichLab_kcde_backfill_post_hoc,HHS Region 6,2 wk ahead,2010/2011,47,2.3,0.43192
ReichLab_kcde_backfill_post_hoc,HHS Region 6,2 wk ahead,2010/2011,48,2.9,0.70548
ReichLab_kcde_backfill_post_hoc,HHS Region 6,2 wk ahead,2010/2011,49,3.8,0.78002
ReichLab_kcde_backfill_post_hoc,HHS Region 6,2 wk ahead,2010/2011,50,3.8,0.70204
ReichLab_kcde_backfill_post_hoc,HHS Region 6,2 wk ahead,2010/2011,51,3.3,0.42768
ReichLab_kcde_backfill_post_hoc,HHS Region 6,2 wk ahead,2010/2011,52,4.4,0.67136
ReichLab_kcde_backfill_post_hoc,HHS Region 6,2 wk ahead,2010/2011,1,5.7,0.88532
ReichLab_kcde_backfill_post_hoc,HHS Region 6,2 wk ahead,2010/2011,2,6.9,0.89326
ReichLab_kcde_backfill_post_hoc,HHS Region 6,2 wk ahead,2010/2011,3,7.6,0.886
ReichLab_kcde_backfill_post_hoc,HHS Region 6,2 wk ahead,2010/2011,4,7.8,0.87554
ReichLab_kcde_backfill_post_hoc,HHS Region 6,2 wk ahead,2010/2011,5,7.9,0.84496
ReichLab_kcde_backfill_post_hoc,HHS Region 6,2 wk ahead,2010/2011,6,6.3,0.75652
ReichLab_kcde_backfill_post_hoc,HHS Region 6,2 wk ahead,2010/2011,7,4.7,0.53872
ReichLab_kcde_backfill_post_hoc,HHS Region 6,2 wk ahead,2010/2011,8,3.6,0.55006
ReichLab_kcde_backfill_post_hoc,HHS Region 6,2 wk ahead,2010/2011,9,3,0.61272
ReichLab_kcde_backfill_post_hoc,HHS Region 6,2 wk ahead,2010/2011,10,2.9,0.65504
ReichLab_kcde_backfill_post_hoc,HHS Region 6,2 wk ahead,2010/2011,11,2,0.43276
ReichLab_kcde_backfill_post_hoc,HHS Region 6,2 wk ahead,2010/2011,12,1.8,0.49544
ReichLab_kcde_backfill_post_hoc,HHS Region 6,2 wk ahead,2010/2011,13,1.5,0.4157
ReichLab_kcde_backfill_post_hoc,HHS Region 6,2 wk ahead,2010/2011,14,1.5,0.5101
ReichLab_kcde_backfill_post_hoc,HHS Region 6,2 wk ahead,2010/2011,15,1.3,0.38648
ReichLab_kcde_backfill_post_hoc,HHS Region 6,2 wk ahead,2010/2011,16,1.4,0.43714
ReichLab_kcde_backfill_post_hoc,HHS Region 6,2 wk ahead,2010/2011,17,1.4,0.46508
ReichLab_kcde_backfill_post_hoc,HHS Region 6,2 wk ahead,2010/2011,18,1.2,0.44752
ReichLab_kcde_backfill_post_hoc,HHS Region 7,2 wk ahead,2010/2011,43,1.2,0.25458
ReichLab_kcde_backfill_post_hoc,HHS Region 7,2 wk ahead,2010/2011,44,1.1,0.17656
ReichLab_kcde_backfill_post_hoc,HHS Region 7,2 wk ahead,2010/2011,45,1,0.11804
ReichLab_kcde_backfill_post_hoc,HHS Region 7,2 wk ahead,2010/2011,46,1.4,0.31394
ReichLab_kcde_backfill_post_hoc,HHS Region 7,2 wk ahead,2010/2011,47,1.3,0.12944
ReichLab_kcde_backfill_post_hoc,HHS Region 7,2 wk ahead,2010/2011,48,1.6,0.37872
ReichLab_kcde_backfill_post_hoc,HHS Region 7,2 wk ahead,2010/2011,49,2,0.45526
ReichLab_kcde_backfill_post_hoc,HHS Region 7,2 wk ahead,2010/2011,50,2.3,0.53988
ReichLab_kcde_backfill_post_hoc,HHS Region 7,2 wk ahead,2010/2011,51,1.7,0.2095
ReichLab_kcde_backfill_post_hoc,HHS Region 7,2 wk ahead,2010/2011,52,1.7,0.24688
ReichLab_kcde_backfill_post_hoc,HHS Region 7,2 wk ahead,2010/2011,1,2,0.5462
ReichLab_kcde_backfill_post_hoc,HHS Region 7,2 wk ahead,2010/2011,2,3.3,0.66156
ReichLab_kcde_backfill_post_hoc,HHS Region 7,2 wk ahead,2010/2011,3,4.3,0.666
ReichLab_kcde_backfill_post_hoc,HHS Region 7,2 wk ahead,2010/2011,4,3.7,0.59154
ReichLab_kcde_backfill_post_hoc,HHS Region 7,2 wk ahead,2010/2011,5,4.5,0.77522
ReichLab_kcde_backfill_post_hoc,HHS Region 7,2 wk ahead,2010/2011,6,4.7,0.8478
ReichLab_kcde_backfill_post_hoc,HHS Region 7,2 wk ahead,2010/2011,7,3.7,0.53664
ReichLab_kcde_backfill_post_hoc,HHS Region 7,2 wk ahead,2010/2011,8,3.5,0.69076
ReichLab_kcde_backfill_post_hoc,HHS Region 7,2 wk ahead,2010/2011,9,2.3,0.61538
ReichLab_kcde_backfill_post_hoc,HHS Region 7,2 wk ahead,2010/2011,10,1.7,0.2505
ReichLab_kcde_backfill_post_hoc,HHS Region 7,2 wk ahead,2010/2011,11,1.4,0.2396
ReichLab_kcde_backfill_post_hoc,HHS Region 7,2 wk ahead,2010/2011,12,1.2,0.29976
ReichLab_kcde_backfill_post_hoc,HHS Region 7,2 wk ahead,2010/2011,13,1,0.24526
ReichLab_kcde_backfill_post_hoc,HHS Region 7,2 wk ahead,2010/2011,14,0.8,0.18884
ReichLab_kcde_backfill_post_hoc,HHS Region 7,2 wk ahead,2010/2011,15,0.6,0.12004
ReichLab_kcde_backfill_post_hoc,HHS Region 7,2 wk ahead,2010/2011,16,0.5,0.03524
ReichLab_kcde_backfill_post_hoc,HHS Region 7,2 wk ahead,2010/2011,17,0.6,0.14134
ReichLab_kcde_backfill_post_hoc,HHS Region 7,2 wk ahead,2010/2011,18,0.5,0.11496
ReichLab_kcde_backfill_post_hoc,HHS Region 8,2 wk ahead,2010/2011,43,0.7,0.08416
ReichLab_kcde_backfill_post_hoc,HHS Region 8,2 wk ahead,2010/2011,44,0.7,0.07944
ReichLab_kcde_backfill_post_hoc,HHS Region 8,2 wk ahead,2010/2011,45,0.7,0.06846
ReichLab_kcde_backfill_post_hoc,HHS Region 8,2 wk ahead,2010/2011,46,0.7,0.05802
ReichLab_kcde_backfill_post_hoc,HHS Region 8,2 wk ahead,2010/2011,47,0.8,0.04986
ReichLab_kcde_backfill_post_hoc,HHS Region 8,2 wk ahead,2010/2011,48,0.8,0.0678
ReichLab_kcde_backfill_post_hoc,HHS Region 8,2 wk ahead,2010/2011,49,0.9,0.08258
ReichLab_kcde_backfill_post_hoc,HHS Region 8,2 wk ahead,2010/2011,50,1,0.0975
ReichLab_kcde_backfill_post_hoc,HHS Region 8,2 wk ahead,2010/2011,51,0.7,0.0085
ReichLab_kcde_backfill_post_hoc,HHS Region 8,2 wk ahead,2010/2011,52,1.4,0.1613
ReichLab_kcde_backfill_post_hoc,HHS Region 8,2 wk ahead,2010/2011,1,1.4,0.24308
ReichLab_kcde_backfill_post_hoc,HHS Region 8,2 wk ahead,2010/2011,2,1.5,0.17722
ReichLab_kcde_backfill_post_hoc,HHS Region 8,2 wk ahead,2010/2011,3,2.2,0.35044
ReichLab_kcde_backfill_post_hoc,HHS Region 8,2 wk ahead,2010/2011,4,2.5,0.43626
ReichLab_kcde_backfill_post_hoc,HHS Region 8,2 wk ahead,2010/2011,5,2.7,0.48318
ReichLab_kcde_backfill_post_hoc,HHS Region 8,2 wk ahead,2010/2011,6,2.5,0.42922
ReichLab_kcde_backfill_post_hoc,HHS Region 8,2 wk ahead,2010/2011,7,2.2,0.26248
ReichLab_kcde_backfill_post_hoc,HHS Region 8,2 wk ahead,2010/2011,8,2.1,0.29048
ReichLab_kcde_backfill_post_hoc,HHS Region 8,2 wk ahead,2010/2011,9,1.7,0.23198
ReichLab_kcde_backfill_post_hoc,HHS Region 8,2 wk ahead,2010/2011,10,1.4,0.15714
ReichLab_kcde_backfill_post_hoc,HHS Region 8,2 wk ahead,2010/2011,11,1.1,0.12438
ReichLab_kcde_backfill_post_hoc,HHS Region 8,2 wk ahead,2010/2011,12,0.8,0.08394
ReichLab_kcde_backfill_post_hoc,HHS Region 8,2 wk ahead,2010/2011,13,0.8,0.17368
ReichLab_kcde_backfill_post_hoc,HHS Region 8,2 wk ahead,2010/2011,14,0.6,0.142
ReichLab_kcde_backfill_post_hoc,HHS Region 8,2 wk ahead,2010/2011,15,0.6,0.18918
ReichLab_kcde_backfill_post_hoc,HHS Region 8,2 wk ahead,2010/2011,16,0.5,0.1085
ReichLab_kcde_backfill_post_hoc,HHS Region 8,2 wk ahead,2010/2011,17,0.5,0.12924
ReichLab_kcde_backfill_post_hoc,HHS Region 8,2 wk ahead,2010/2011,18,0.5,0.20668
ReichLab_kcde_backfill_post_hoc,HHS Region 9,2 wk ahead,2010/2011,43,2.3,0.91586
ReichLab_kcde_backfill_post_hoc,HHS Region 9,2 wk ahead,2010/2011,44,2.5,0.92412
ReichLab_kcde_backfill_post_hoc,HHS Region 9,2 wk ahead,2010/2011,45,2.8,0.931
ReichLab_kcde_backfill_post_hoc,HHS Region 9,2 wk ahead,2010/2011,46,2.4,0.8083
ReichLab_kcde_backfill_post_hoc,HHS Region 9,2 wk ahead,2010/2011,47,2.9,0.73386
ReichLab_kcde_backfill_post_hoc,HHS Region 9,2 wk ahead,2010/2011,48,3.4,0.90128
ReichLab_kcde_backfill_post_hoc,HHS Region 9,2 wk ahead,2010/2011,49,4.2,0.9357
ReichLab_kcde_backfill_post_hoc,HHS Region 9,2 wk ahead,2010/2011,50,4.2,0.91582
ReichLab_kcde_backfill_post_hoc,HHS Region 9,2 wk ahead,2010/2011,51,3.2,0.5115
ReichLab_kcde_backfill_post_hoc,HHS Region 9,2 wk ahead,2010/2011,52,3.4,0.5544
ReichLab_kcde_backfill_post_hoc,HHS Region 9,2 wk ahead,2010/2011,1,3.8,0.86176
ReichLab_kcde_backfill_post_hoc,HHS Region 9,2 wk ahead,2010/2011,2,4.2,0.77044
ReichLab_kcde_backfill_post_hoc,HHS Region 9,2 wk ahead,2010/2011,3,4,0.58518
ReichLab_kcde_backfill_post_hoc,HHS Region 9,2 wk ahead,2010/2011,4,4.5,0.6218
ReichLab_kcde_backfill_post_hoc,HHS Region 9,2 wk ahead,2010/2011,5,4.7,0.58294
ReichLab_kcde_backfill_post_hoc,HHS Region 9,2 wk ahead,2010/2011,6,4.7,0.60358
ReichLab_kcde_backfill_post_hoc,HHS Region 9,2 wk ahead,2010/2011,7,4.5,0.49482
ReichLab_kcde_backfill_post_hoc,HHS Region 9,2 wk ahead,2010/2011,8,4.2,0.61444
ReichLab_kcde_backfill_post_hoc,HHS Region 9,2 wk ahead,2010/2011,9,3.9,0.86382
ReichLab_kcde_backfill_post_hoc,HHS Region 9,2 wk ahead,2010/2011,10,3,0.64682
ReichLab_kcde_backfill_post_hoc,HHS Region 9,2 wk ahead,2010/2011,11,2.8,0.77354
ReichLab_kcde_backfill_post_hoc,HHS Region 9,2 wk ahead,2010/2011,12,2.4,0.7794
ReichLab_kcde_backfill_post_hoc,HHS Region 9,2 wk ahead,2010/2011,13,2.3,0.78014
ReichLab_kcde_backfill_post_hoc,HHS Region 9,2 wk ahead,2010/2011,14,2.1,0.82476
ReichLab_kcde_backfill_post_hoc,HHS Region 9,2 wk ahead,2010/2011,15,2.1,0.91822
ReichLab_kcde_backfill_post_hoc,HHS Region 9,2 wk ahead,2010/2011,16,1.9,0.87094
ReichLab_kcde_backfill_post_hoc,HHS Region 9,2 wk ahead,2010/2011,17,1.9,0.92434
ReichLab_kcde_backfill_post_hoc,HHS Region 9,2 wk ahead,2010/2011,18,1.8,0.98998
ReichLab_kcde_backfill_post_hoc,HHS Region 10,2 wk ahead,2010/2011,43,1,0.23168
ReichLab_kcde_backfill_post_hoc,HHS Region 10,2 wk ahead,2010/2011,44,1.2,0.32124
ReichLab_kcde_backfill_post_hoc,HHS Region 10,2 wk ahead,2010/2011,45,1.7,0.535
ReichLab_kcde_backfill_post_hoc,HHS Region 10,2 wk ahead,2010/2011,46,1,0.1315
ReichLab_kcde_backfill_post_hoc,HHS Region 10,2 wk ahead,2010/2011,47,1.1,0.0817
ReichLab_kcde_backfill_post_hoc,HHS Region 10,2 wk ahead,2010/2011,48,1,0.08144
ReichLab_kcde_backfill_post_hoc,HHS Region 10,2 wk ahead,2010/2011,49,1.3,0.1401
ReichLab_kcde_backfill_post_hoc,HHS Region 10,2 wk ahead,2010/2011,50,2.4,0.61944
ReichLab_kcde_backfill_post_hoc,HHS Region 10,2 wk ahead,2010/2011,51,1.4,0.12342
ReichLab_kcde_backfill_post_hoc,HHS Region 10,2 wk ahead,2010/2011,52,1.5,0.16234
ReichLab_kcde_backfill_post_hoc,HHS Region 10,2 wk ahead,2010/2011,1,1.5,0.21096
ReichLab_kcde_backfill_post_hoc,HHS Region 10,2 wk ahead,2010/2011,2,2.1,0.27176
ReichLab_kcde_backfill_post_hoc,HHS Region 10,2 wk ahead,2010/2011,3,2.6,0.24206
ReichLab_kcde_backfill_post_hoc,HHS Region 10,2 wk ahead,2010/2011,4,2.5,0.19308
ReichLab_kcde_backfill_post_hoc,HHS Region 10,2 wk ahead,2010/2011,5,3.9,0.54772
ReichLab_kcde_backfill_post_hoc,HHS Region 10,2 wk ahead,2010/2011,6,3.5,0.50284
ReichLab_kcde_backfill_post_hoc,HHS Region 10,2 wk ahead,2010/2011,7,3.3,0.46362
ReichLab_kcde_backfill_post_hoc,HHS Region 10,2 wk ahead,2010/2011,8,3.2,0.49436
ReichLab_kcde_backfill_post_hoc,HHS Region 10,2 wk ahead,2010/2011,9,3.1,0.54982
ReichLab_kcde_backfill_post_hoc,HHS Region 10,2 wk ahead,2010/2011,10,2.8,0.50502
ReichLab_kcde_backfill_post_hoc,HHS Region 10,2 wk ahead,2010/2011,11,1.7,0.27488
ReichLab_kcde_backfill_post_hoc,HHS Region 10,2 wk ahead,2010/2011,12,1.2,0.15998
ReichLab_kcde_backfill_post_hoc,HHS Region 10,2 wk ahead,2010/2011,13,1.2,0.2652
ReichLab_kcde_backfill_post_hoc,HHS Region 10,2 wk ahead,2010/2011,14,1.3,0.5058
ReichLab_kcde_backfill_post_hoc,HHS Region 10,2 wk ahead,2010/2011,15,0.9,0.3726
ReichLab_kcde_backfill_post_hoc,HHS Region 10,2 wk ahead,2010/2011,16,0.9,0.3633
ReichLab_kcde_backfill_post_hoc,HHS Region 10,2 wk ahead,2010/2011,17,0.8,0.35842
ReichLab_kcde_backfill_post_hoc,HHS Region 10,2 wk ahead,2010/2011,18,0.8,0.46208
