model_name,location,target,season,calendar_week,valid.bin_lag,cdf
Protea_Kudu,US National,3 wk ahead,2010/2011,43,1.5,0.458232598
Protea_Kudu,US National,3 wk ahead,2010/2011,44,1.7,0.3389687761
Protea_Kudu,US National,3 wk ahead,2010/2011,45,1.6,0.4313762513
Protea_Kudu,US National,3 wk ahead,2010/2011,46,1.8,0.64855176089
Protea_Kudu,US National,3 wk ahead,2010/2011,47,2.3,0.72064695591
Protea_Kudu,US National,3 wk ahead,2010/2011,48,3,0.74916212348
Protea_Kudu,US National,3 wk ahead,2010/2011,49,3,0.59293427899
Protea_Kudu,US National,3 wk ahead,2010/2011,50,2.4,0.5500224203
Protea_Kudu,US National,3 wk ahead,2010/2011,51,2.8,0.79198732692
Protea_Kudu,US National,3 wk ahead,2010/2011,52,3.3,0.87830222081
Protea_Kudu,US National,3 wk ahead,2010/2011,1,4.1,0.87323107284
Protea_Kudu,US National,3 wk ahead,2010/2011,2,4.4,0.7732960106
Protea_Kudu,US National,3 wk ahead,2010/2011,3,4.4,0.75896079511
Protea_Kudu,US National,3 wk ahead,2010/2011,4,4.4,0.75929653411
Protea_Kudu,US National,3 wk ahead,2010/2011,5,3.8,0.75563045947
Protea_Kudu,US National,3 wk ahead,2010/2011,6,3.3,0.66803155766
Protea_Kudu,US National,3 wk ahead,2010/2011,7,2.9,0.5804809483
Protea_Kudu,US National,3 wk ahead,2010/2011,8,2.5,0.52699082161
Protea_Kudu,US National,3 wk ahead,2010/2011,9,2,0.37108915162
Protea_Kudu,US National,3 wk ahead,2010/2011,10,1.8,0.4524290674
Protea_Kudu,US National,3 wk ahead,2010/2011,11,1.5,0.5311725362
Protea_Kudu,US National,3 wk ahead,2010/2011,12,1.3,0.4537497765
Protea_Kudu,US National,3 wk ahead,2010/2011,13,1.2,0.6199106535
Protea_Kudu,US National,3 wk ahead,2010/2011,14,1.1,0.656736822
Protea_Kudu,US National,3 wk ahead,2010/2011,15,1.1,0.6652855967
Protea_Kudu,US National,3 wk ahead,2010/2011,16,1,0.5733155731
Protea_Kudu,US National,3 wk ahead,2010/2011,17,1,0.655181626
Protea_Kudu,US National,3 wk ahead,2010/2011,18,1,0.681940191
Protea_Kudu,HHS Region 1,3 wk ahead,2010/2011,43,0.6,0.4589249112
Protea_Kudu,HHS Region 1,3 wk ahead,2010/2011,44,0.7,0.3425900185
Protea_Kudu,HHS Region 1,3 wk ahead,2010/2011,45,0.6,0.08289563
Protea_Kudu,HHS Region 1,3 wk ahead,2010/2011,46,0.7,0.1828707084
Protea_Kudu,HHS Region 1,3 wk ahead,2010/2011,47,0.7,0.04305162043
Protea_Kudu,HHS Region 1,3 wk ahead,2010/2011,48,0.9,0.4358633584
Protea_Kudu,HHS Region 1,3 wk ahead,2010/2011,49,1,0.1669499316
Protea_Kudu,HHS Region 1,3 wk ahead,2010/2011,50,0.9,0.1684239513
Protea_Kudu,HHS Region 1,3 wk ahead,2010/2011,51,1.1,0.340938747
Protea_Kudu,HHS Region 1,3 wk ahead,2010/2011,52,1.1,0.2994455209
Protea_Kudu,HHS Region 1,3 wk ahead,2010/2011,1,1.3,0.35652887406
Protea_Kudu,HHS Region 1,3 wk ahead,2010/2011,2,1.8,0.515752913
Protea_Kudu,HHS Region 1,3 wk ahead,2010/2011,3,1.9,0.414307884
Protea_Kudu,HHS Region 1,3 wk ahead,2010/2011,4,2.2,0.567432923
Protea_Kudu,HHS Region 1,3 wk ahead,2010/2011,5,2.2,0.7419800262
Protea_Kudu,HHS Region 1,3 wk ahead,2010/2011,6,1.7,0.536813443
Protea_Kudu,HHS Region 1,3 wk ahead,2010/2011,7,1.6,0.617615677
Protea_Kudu,HHS Region 1,3 wk ahead,2010/2011,8,1.3,0.477171636
Protea_Kudu,HHS Region 1,3 wk ahead,2010/2011,9,0.9,0.329497281
Protea_Kudu,HHS Region 1,3 wk ahead,2010/2011,10,1,0.581324521
Protea_Kudu,HHS Region 1,3 wk ahead,2010/2011,11,0.8,0.563508246
Protea_Kudu,HHS Region 1,3 wk ahead,2010/2011,12,0.7,0.5089941
Protea_Kudu,HHS Region 1,3 wk ahead,2010/2011,13,0.7,0.545966545
Protea_Kudu,HHS Region 1,3 wk ahead,2010/2011,14,0.6,0.741546158
Protea_Kudu,HHS Region 1,3 wk ahead,2010/2011,15,0.5,0.521764573
Protea_Kudu,HHS Region 1,3 wk ahead,2010/2011,16,0.4,0.537083265
Protea_Kudu,HHS Region 1,3 wk ahead,2010/2011,17,0.4,0.59553751
Protea_Kudu,HHS Region 1,3 wk ahead,2010/2011,18,0.5,0.74339412
Protea_Kudu,HHS Region 2,3 wk ahead,2010/2011,43,1.3,0.3599559035
Protea_Kudu,HHS Region 2,3 wk ahead,2010/2011,44,1.6,0.3165407628
Protea_Kudu,HHS Region 2,3 wk ahead,2010/2011,45,2.1,0.60855922016
Protea_Kudu,HHS Region 2,3 wk ahead,2010/2011,46,2.4,0.6050624367
Protea_Kudu,HHS Region 2,3 wk ahead,2010/2011,47,2.9,0.7507760255
Protea_Kudu,HHS Region 2,3 wk ahead,2010/2011,48,4.1,0.604822323
Protea_Kudu,HHS Region 2,3 wk ahead,2010/2011,49,4.4,0.7488724972
Protea_Kudu,HHS Region 2,3 wk ahead,2010/2011,50,3.2,0.5408482211
Protea_Kudu,HHS Region 2,3 wk ahead,2010/2011,51,3.7,0.93696618465
Protea_Kudu,HHS Region 2,3 wk ahead,2010/2011,52,3.6,0.9941393581
Protea_Kudu,HHS Region 2,3 wk ahead,2010/2011,1,3.8,0.7360271787
Protea_Kudu,HHS Region 2,3 wk ahead,2010/2011,2,4,0.7069173299
Protea_Kudu,HHS Region 2,3 wk ahead,2010/2011,3,4,0.8700403764
Protea_Kudu,HHS Region 2,3 wk ahead,2010/2011,4,4.2,0.9363508291
Protea_Kudu,HHS Region 2,3 wk ahead,2010/2011,5,4.2,0.9516429472
Protea_Kudu,HHS Region 2,3 wk ahead,2010/2011,6,3.3,0.7132756333
Protea_Kudu,HHS Region 2,3 wk ahead,2010/2011,7,3.1,0.830843622
Protea_Kudu,HHS Region 2,3 wk ahead,2010/2011,8,3.1,0.823489231
Protea_Kudu,HHS Region 2,3 wk ahead,2010/2011,9,2.4,0.6986752081
Protea_Kudu,HHS Region 2,3 wk ahead,2010/2011,10,2.6,0.861938466
Protea_Kudu,HHS Region 2,3 wk ahead,2010/2011,11,2.4,0.91754108
Protea_Kudu,HHS Region 2,3 wk ahead,2010/2011,12,2.1,0.9287086732145
Protea_Kudu,HHS Region 2,3 wk ahead,2010/2011,13,2.1,0.9439899148
Protea_Kudu,HHS Region 2,3 wk ahead,2010/2011,14,1.6,0.922563129
Protea_Kudu,HHS Region 2,3 wk ahead,2010/2011,15,1.5,0.80690507
Protea_Kudu,HHS Region 2,3 wk ahead,2010/2011,16,1.6,0.849096293
Protea_Kudu,HHS Region 2,3 wk ahead,2010/2011,17,1.3,0.735063691
Protea_Kudu,HHS Region 2,3 wk ahead,2010/2011,18,1.8,0.834766153
Protea_Kudu,HHS Region 3,3 wk ahead,2010/2011,43,1.2,0.07682746574
Protea_Kudu,HHS Region 3,3 wk ahead,2010/2011,44,1.4,0.11641609279
Protea_Kudu,HHS Region 3,3 wk ahead,2010/2011,45,1.4,0.16492871217
Protea_Kudu,HHS Region 3,3 wk ahead,2010/2011,46,1.4,0.2036215145
Protea_Kudu,HHS Region 3,3 wk ahead,2010/2011,47,1.5,0.21233454909
Protea_Kudu,HHS Region 3,3 wk ahead,2010/2011,48,2.1,0.3399857257
Protea_Kudu,HHS Region 3,3 wk ahead,2010/2011,49,2.5,0.2839031596
Protea_Kudu,HHS Region 3,3 wk ahead,2010/2011,50,2.1,0.12411014134
Protea_Kudu,HHS Region 3,3 wk ahead,2010/2011,51,2.4,0.42488984218
Protea_Kudu,HHS Region 3,3 wk ahead,2010/2011,52,3.2,0.50292868149
Protea_Kudu,HHS Region 3,3 wk ahead,2010/2011,1,3.9,0.57991504332
Protea_Kudu,HHS Region 3,3 wk ahead,2010/2011,2,4.3,0.64092883194
Protea_Kudu,HHS Region 3,3 wk ahead,2010/2011,3,4,0.5095750236
Protea_Kudu,HHS Region 3,3 wk ahead,2010/2011,4,3.9,0.37304402903
Protea_Kudu,HHS Region 3,3 wk ahead,2010/2011,5,3.5,0.26131646772
Protea_Kudu,HHS Region 3,3 wk ahead,2010/2011,6,2.9,0.3638921189
Protea_Kudu,HHS Region 3,3 wk ahead,2010/2011,7,2.5,0.307344386
Protea_Kudu,HHS Region 3,3 wk ahead,2010/2011,8,1.9,0.1720469389
Protea_Kudu,HHS Region 3,3 wk ahead,2010/2011,9,1.6,0.10953917474
Protea_Kudu,HHS Region 3,3 wk ahead,2010/2011,10,1.4,0.07697668399
Protea_Kudu,HHS Region 3,3 wk ahead,2010/2011,11,1.4,0.1081117903
Protea_Kudu,HHS Region 3,3 wk ahead,2010/2011,12,1.3,0.13442445522
Protea_Kudu,HHS Region 3,3 wk ahead,2010/2011,13,1.1,0.0296885538
Protea_Kudu,HHS Region 3,3 wk ahead,2010/2011,14,0.8,0.0051746857
Protea_Kudu,HHS Region 3,3 wk ahead,2010/2011,15,0.9,0.0370878794
Protea_Kudu,HHS Region 3,3 wk ahead,2010/2011,16,0.8,0.092029346
Protea_Kudu,HHS Region 3,3 wk ahead,2010/2011,17,0.9,0.0667697401
Protea_Kudu,HHS Region 3,3 wk ahead,2010/2011,18,0.8,0.067070364
Protea_Kudu,HHS Region 4,3 wk ahead,2010/2011,43,1.7,0.8635154455
Protea_Kudu,HHS Region 4,3 wk ahead,2010/2011,44,2.1,0.8258788996
Protea_Kudu,HHS Region 4,3 wk ahead,2010/2011,45,1.8,0.77517758388
Protea_Kudu,HHS Region 4,3 wk ahead,2010/2011,46,2.1,0.84762795344
Protea_Kudu,HHS Region 4,3 wk ahead,2010/2011,47,3.2,0.8667917313
Protea_Kudu,HHS Region 4,3 wk ahead,2010/2011,48,4.3,0.9156445794
Protea_Kudu,HHS Region 4,3 wk ahead,2010/2011,49,3.9,0.92222101104
Protea_Kudu,HHS Region 4,3 wk ahead,2010/2011,50,3.2,0.91508570329937
Protea_Kudu,HHS Region 4,3 wk ahead,2010/2011,51,3.5,0.9761902588
Protea_Kudu,HHS Region 4,3 wk ahead,2010/2011,52,4.1,0.945275024162812
Protea_Kudu,HHS Region 4,3 wk ahead,2010/2011,1,4.9,0.9823526341
Protea_Kudu,HHS Region 4,3 wk ahead,2010/2011,2,5.4,0.99140892328
Protea_Kudu,HHS Region 4,3 wk ahead,2010/2011,3,5.1,0.89495144937
Protea_Kudu,HHS Region 4,3 wk ahead,2010/2011,4,4.7,0.8861001905
Protea_Kudu,HHS Region 4,3 wk ahead,2010/2011,5,3.8,0.7830873931
Protea_Kudu,HHS Region 4,3 wk ahead,2010/2011,6,2.7,0.6020695474
Protea_Kudu,HHS Region 4,3 wk ahead,2010/2011,7,2.4,0.547531452
Protea_Kudu,HHS Region 4,3 wk ahead,2010/2011,8,1.9,0.469340338
Protea_Kudu,HHS Region 4,3 wk ahead,2010/2011,9,1.5,0.422001594
Protea_Kudu,HHS Region 4,3 wk ahead,2010/2011,10,1.4,0.5751387143
Protea_Kudu,HHS Region 4,3 wk ahead,2010/2011,11,1.2,0.7271777141
Protea_Kudu,HHS Region 4,3 wk ahead,2010/2011,12,1.1,0.741804412
Protea_Kudu,HHS Region 4,3 wk ahead,2010/2011,13,1,0.772110463
Protea_Kudu,HHS Region 4,3 wk ahead,2010/2011,14,1,0.8642394653
Protea_Kudu,HHS Region 4,3 wk ahead,2010/2011,15,0.9,0.705843831
Protea_Kudu,HHS Region 4,3 wk ahead,2010/2011,16,0.8,0.593025386
Protea_Kudu,HHS Region 4,3 wk ahead,2010/2011,17,0.8,0.680657367
Protea_Kudu,HHS Region 4,3 wk ahead,2010/2011,18,0.8,0.692718636
Protea_Kudu,HHS Region 5,3 wk ahead,2010/2011,43,0.8,0.04920401444
Protea_Kudu,HHS Region 5,3 wk ahead,2010/2011,44,0.9,0.05054363396
Protea_Kudu,HHS Region 5,3 wk ahead,2010/2011,45,0.8,0.05526649694
Protea_Kudu,HHS Region 5,3 wk ahead,2010/2011,46,0.9,0.09665127758
Protea_Kudu,HHS Region 5,3 wk ahead,2010/2011,47,1,0.09819338636
Protea_Kudu,HHS Region 5,3 wk ahead,2010/2011,48,1.3,0.12746658218
Protea_Kudu,HHS Region 5,3 wk ahead,2010/2011,49,1.6,0.11717194738
Protea_Kudu,HHS Region 5,3 wk ahead,2010/2011,50,1.4,0.0616905048
Protea_Kudu,HHS Region 5,3 wk ahead,2010/2011,51,1.6,0.214565147
Protea_Kudu,HHS Region 5,3 wk ahead,2010/2011,52,2.3,0.67531072454
Protea_Kudu,HHS Region 5,3 wk ahead,2010/2011,1,3.2,0.7437831833
Protea_Kudu,HHS Region 5,3 wk ahead,2010/2011,2,3.7,0.7346109213
Protea_Kudu,HHS Region 5,3 wk ahead,2010/2011,3,3.2,0.59617356907
Protea_Kudu,HHS Region 5,3 wk ahead,2010/2011,4,3.2,0.5814003514
Protea_Kudu,HHS Region 5,3 wk ahead,2010/2011,5,3,0.46643542297
Protea_Kudu,HHS Region 5,3 wk ahead,2010/2011,6,2.8,0.498143277
Protea_Kudu,HHS Region 5,3 wk ahead,2010/2011,7,2.4,0.446630819
Protea_Kudu,HHS Region 5,3 wk ahead,2010/2011,8,2.3,0.525002855
Protea_Kudu,HHS Region 5,3 wk ahead,2010/2011,9,1.5,0.342320395
Protea_Kudu,HHS Region 5,3 wk ahead,2010/2011,10,1.4,0.422891167
Protea_Kudu,HHS Region 5,3 wk ahead,2010/2011,11,1.2,0.4381580158
Protea_Kudu,HHS Region 5,3 wk ahead,2010/2011,12,0.8,0.3066328192
Protea_Kudu,HHS Region 5,3 wk ahead,2010/2011,13,0.8,0.3984503163
Protea_Kudu,HHS Region 5,3 wk ahead,2010/2011,14,0.7,0.404592464
Protea_Kudu,HHS Region 5,3 wk ahead,2010/2011,15,0.7,0.507432319
Protea_Kudu,HHS Region 5,3 wk ahead,2010/2011,16,0.7,0.612895519
Protea_Kudu,HHS Region 5,3 wk ahead,2010/2011,17,0.7,0.675707338
Protea_Kudu,HHS Region 5,3 wk ahead,2010/2011,18,0.5,0.2332082018
Protea_Kudu,HHS Region 6,3 wk ahead,2010/2011,43,2.3,0.61492849941
Protea_Kudu,HHS Region 6,3 wk ahead,2010/2011,44,2.5,0.580808622
Protea_Kudu,HHS Region 6,3 wk ahead,2010/2011,45,2.4,0.5469001144
Protea_Kudu,HHS Region 6,3 wk ahead,2010/2011,46,2.2,0.5035263622
Protea_Kudu,HHS Region 6,3 wk ahead,2010/2011,47,2.8,0.429444093
Protea_Kudu,HHS Region 6,3 wk ahead,2010/2011,48,3.7,0.36942125508
Protea_Kudu,HHS Region 6,3 wk ahead,2010/2011,49,3.7,0.329478417
Protea_Kudu,HHS Region 6,3 wk ahead,2010/2011,50,3.2,0.2259607036
Protea_Kudu,HHS Region 6,3 wk ahead,2010/2011,51,4.3,0.68262308
Protea_Kudu,HHS Region 6,3 wk ahead,2010/2011,52,5.6,0.80243144121
Protea_Kudu,HHS Region 6,3 wk ahead,2010/2011,1,6.8,0.8650933542
Protea_Kudu,HHS Region 6,3 wk ahead,2010/2011,2,7.5,0.78510809361
Protea_Kudu,HHS Region 6,3 wk ahead,2010/2011,3,7.7,0.766375978
Protea_Kudu,HHS Region 6,3 wk ahead,2010/2011,4,7.8,0.740610444
Protea_Kudu,HHS Region 6,3 wk ahead,2010/2011,5,6.2,0.681650589
Protea_Kudu,HHS Region 6,3 wk ahead,2010/2011,6,4.6,0.567586295
Protea_Kudu,HHS Region 6,3 wk ahead,2010/2011,7,3.5,0.485069124
Protea_Kudu,HHS Region 6,3 wk ahead,2010/2011,8,2.9,0.525852498
Protea_Kudu,HHS Region 6,3 wk ahead,2010/2011,9,2.8,0.578317073
Protea_Kudu,HHS Region 6,3 wk ahead,2010/2011,10,1.9,0.451383052
Protea_Kudu,HHS Region 6,3 wk ahead,2010/2011,11,1.7,0.488608075
Protea_Kudu,HHS Region 6,3 wk ahead,2010/2011,12,1.4,0.431453792
Protea_Kudu,HHS Region 6,3 wk ahead,2010/2011,13,1.4,0.519422351
Protea_Kudu,HHS Region 6,3 wk ahead,2010/2011,14,1.2,0.47440498
Protea_Kudu,HHS Region 6,3 wk ahead,2010/2011,15,1.3,0.54036308
Protea_Kudu,HHS Region 6,3 wk ahead,2010/2011,16,1.3,0.45243316
Protea_Kudu,HHS Region 6,3 wk ahead,2010/2011,17,1.1,0.36905505
Protea_Kudu,HHS Region 6,3 wk ahead,2010/2011,18,1,0.1427932084
Protea_Kudu,HHS Region 7,3 wk ahead,2010/2011,43,1,0.503521551
Protea_Kudu,HHS Region 7,3 wk ahead,2010/2011,44,0.9,0.4510990758
Protea_Kudu,HHS Region 7,3 wk ahead,2010/2011,45,1.3,0.76973272
Protea_Kudu,HHS Region 7,3 wk ahead,2010/2011,46,1.2,0.561831368
Protea_Kudu,HHS Region 7,3 wk ahead,2010/2011,47,1.5,0.726534971
Protea_Kudu,HHS Region 7,3 wk ahead,2010/2011,48,1.9,0.701931356
Protea_Kudu,HHS Region 7,3 wk ahead,2010/2011,49,2.2,0.520396645
Protea_Kudu,HHS Region 7,3 wk ahead,2010/2011,50,1.6,0.619471077
Protea_Kudu,HHS Region 7,3 wk ahead,2010/2011,51,1.6,0.56192079
Protea_Kudu,HHS Region 7,3 wk ahead,2010/2011,52,1.9,0.55352024
Protea_Kudu,HHS Region 7,3 wk ahead,2010/2011,1,3.2,0.728619176
Protea_Kudu,HHS Region 7,3 wk ahead,2010/2011,2,4.2,0.802196419
Protea_Kudu,HHS Region 7,3 wk ahead,2010/2011,3,3.6,0.578196079
Protea_Kudu,HHS Region 7,3 wk ahead,2010/2011,4,4.4,0.784792716
Protea_Kudu,HHS Region 7,3 wk ahead,2010/2011,5,4.6,0.873424254
Protea_Kudu,HHS Region 7,3 wk ahead,2010/2011,6,3.6,0.8733997384
Protea_Kudu,HHS Region 7,3 wk ahead,2010/2011,7,3.4,0.8838113712
Protea_Kudu,HHS Region 7,3 wk ahead,2010/2011,8,2.2,0.8766443421
Protea_Kudu,HHS Region 7,3 wk ahead,2010/2011,9,1.6,0.761301321
Protea_Kudu,HHS Region 7,3 wk ahead,2010/2011,10,1.3,0.8169156235
Protea_Kudu,HHS Region 7,3 wk ahead,2010/2011,11,1.1,0.671721107
Protea_Kudu,HHS Region 7,3 wk ahead,2010/2011,12,0.9,0.65820259
Protea_Kudu,HHS Region 7,3 wk ahead,2010/2011,13,0.7,0.569996978
Protea_Kudu,HHS Region 7,3 wk ahead,2010/2011,14,0.5,0.41984946
Protea_Kudu,HHS Region 7,3 wk ahead,2010/2011,15,0.4,0.274558873
Protea_Kudu,HHS Region 7,3 wk ahead,2010/2011,16,0.5,0.3749025
Protea_Kudu,HHS Region 7,3 wk ahead,2010/2011,17,0.4,0.34641737
Protea_Kudu,HHS Region 7,3 wk ahead,2010/2011,18,0.4,0.4743887
Protea_Kudu,HHS Region 8,3 wk ahead,2010/2011,43,0.6,0.36145385
Protea_Kudu,HHS Region 8,3 wk ahead,2010/2011,44,0.6,0.286614596
Protea_Kudu,HHS Region 8,3 wk ahead,2010/2011,45,0.6,0.1987728596
Protea_Kudu,HHS Region 8,3 wk ahead,2010/2011,46,0.7,0.2636428323
Protea_Kudu,HHS Region 8,3 wk ahead,2010/2011,47,0.7,0.2205712452
Protea_Kudu,HHS Region 8,3 wk ahead,2010/2011,48,0.8,0.2047522143
Protea_Kudu,HHS Region 8,3 wk ahead,2010/2011,49,0.9,0.139349681
Protea_Kudu,HHS Region 8,3 wk ahead,2010/2011,50,0.6,0.117144459
Protea_Kudu,HHS Region 8,3 wk ahead,2010/2011,51,1.3,0.347135724
Protea_Kudu,HHS Region 8,3 wk ahead,2010/2011,52,1.3,0.382608615
Protea_Kudu,HHS Region 8,3 wk ahead,2010/2011,1,1.4,0.388068245
Protea_Kudu,HHS Region 8,3 wk ahead,2010/2011,2,2.1,0.574316072
Protea_Kudu,HHS Region 8,3 wk ahead,2010/2011,3,2.4,0.5848540739
Protea_Kudu,HHS Region 8,3 wk ahead,2010/2011,4,2.6,0.711618108
Protea_Kudu,HHS Region 8,3 wk ahead,2010/2011,5,2.4,0.7399719726
Protea_Kudu,HHS Region 8,3 wk ahead,2010/2011,6,2.1,0.625439756
Protea_Kudu,HHS Region 8,3 wk ahead,2010/2011,7,2,0.8150912876
Protea_Kudu,HHS Region 8,3 wk ahead,2010/2011,8,1.6,0.5440186882
Protea_Kudu,HHS Region 8,3 wk ahead,2010/2011,9,1.3,0.570881891
Protea_Kudu,HHS Region 8,3 wk ahead,2010/2011,10,1,0.468168932
Protea_Kudu,HHS Region 8,3 wk ahead,2010/2011,11,0.7,0.3321252359
Protea_Kudu,HHS Region 8,3 wk ahead,2010/2011,12,0.7,0.53470134
Protea_Kudu,HHS Region 8,3 wk ahead,2010/2011,13,0.5,0.4343840988
Protea_Kudu,HHS Region 8,3 wk ahead,2010/2011,14,0.5,0.5829677346
Protea_Kudu,HHS Region 8,3 wk ahead,2010/2011,15,0.4,0.41378114
Protea_Kudu,HHS Region 8,3 wk ahead,2010/2011,16,0.4,0.64754994
Protea_Kudu,HHS Region 8,3 wk ahead,2010/2011,17,0.4,0.58976704
Protea_Kudu,HHS Region 8,3 wk ahead,2010/2011,18,0.3,0.66862655
Protea_Kudu,HHS Region 9,3 wk ahead,2010/2011,43,2.4,0.7812867299
Protea_Kudu,HHS Region 9,3 wk ahead,2010/2011,44,2.7,0.7073160379
Protea_Kudu,HHS Region 9,3 wk ahead,2010/2011,45,2.3,0.5456329204
Protea_Kudu,HHS Region 9,3 wk ahead,2010/2011,46,2.8,0.6241834222
Protea_Kudu,HHS Region 9,3 wk ahead,2010/2011,47,3.3,0.5021581133
Protea_Kudu,HHS Region 9,3 wk ahead,2010/2011,48,4.1,0.5012498333
Protea_Kudu,HHS Region 9,3 wk ahead,2010/2011,49,4.1,0.2666944168
Protea_Kudu,HHS Region 9,3 wk ahead,2010/2011,50,3.1,0.26282675185
Protea_Kudu,HHS Region 9,3 wk ahead,2010/2011,51,3.3,0.47296198563
Protea_Kudu,HHS Region 9,3 wk ahead,2010/2011,52,3.7,0.598706219
Protea_Kudu,HHS Region 9,3 wk ahead,2010/2011,1,4.1,0.59713714033
Protea_Kudu,HHS Region 9,3 wk ahead,2010/2011,2,3.9,0.4917881906
Protea_Kudu,HHS Region 9,3 wk ahead,2010/2011,3,4.4,0.5684065624
Protea_Kudu,HHS Region 9,3 wk ahead,2010/2011,4,4.6,0.6674050039
Protea_Kudu,HHS Region 9,3 wk ahead,2010/2011,5,4.6,0.77210009839
Protea_Kudu,HHS Region 9,3 wk ahead,2010/2011,6,4.4,0.86672813027
Protea_Kudu,HHS Region 9,3 wk ahead,2010/2011,7,4.1,0.8013127715
Protea_Kudu,HHS Region 9,3 wk ahead,2010/2011,8,3.8,0.83121770727
Protea_Kudu,HHS Region 9,3 wk ahead,2010/2011,9,2.9,0.68698721676
Protea_Kudu,HHS Region 9,3 wk ahead,2010/2011,10,2.7,0.7060528361
Protea_Kudu,HHS Region 9,3 wk ahead,2010/2011,11,2.3,0.6560845397
Protea_Kudu,HHS Region 9,3 wk ahead,2010/2011,12,2.2,0.8070417491
Protea_Kudu,HHS Region 9,3 wk ahead,2010/2011,13,2,0.8145054491
Protea_Kudu,HHS Region 9,3 wk ahead,2010/2011,14,2,0.802727286
Protea_Kudu,HHS Region 9,3 wk ahead,2010/2011,15,1.8,0.680690278
Protea_Kudu,HHS Region 9,3 wk ahead,2010/2011,16,1.8,0.648987314
Protea_Kudu,HHS Region 9,3 wk ahead,2010/2011,17,1.7,0.770616267
Protea_Kudu,HHS Region 9,3 wk ahead,2010/2011,18,1.7,0.7506899141
Protea_Kudu,HHS Region 10,3 wk ahead,2010/2011,43,1.1,0.402996603
Protea_Kudu,HHS Region 10,3 wk ahead,2010/2011,44,1.6,0.476961382
Protea_Kudu,HHS Region 10,3 wk ahead,2010/2011,45,0.9,0.1580522517
Protea_Kudu,HHS Region 10,3 wk ahead,2010/2011,46,1,0.2185556942
Protea_Kudu,HHS Region 10,3 wk ahead,2010/2011,47,0.9,0.0278819138
Protea_Kudu,HHS Region 10,3 wk ahead,2010/2011,48,1.2,0.1680255488
Protea_Kudu,HHS Region 10,3 wk ahead,2010/2011,49,2.3,0.4995903112
Protea_Kudu,HHS Region 10,3 wk ahead,2010/2011,50,1.3,0.1674570326
Protea_Kudu,HHS Region 10,3 wk ahead,2010/2011,51,1.4,0.2193682135
Protea_Kudu,HHS Region 10,3 wk ahead,2010/2011,52,1.4,0.197010744
Protea_Kudu,HHS Region 10,3 wk ahead,2010/2011,1,2,0.3771723564
Protea_Kudu,HHS Region 10,3 wk ahead,2010/2011,2,2.5,0.477779431
Protea_Kudu,HHS Region 10,3 wk ahead,2010/2011,3,2.4,0.29426962
Protea_Kudu,HHS Region 10,3 wk ahead,2010/2011,4,3.8,0.499970738
Protea_Kudu,HHS Region 10,3 wk ahead,2010/2011,5,3.4,0.4753824716
Protea_Kudu,HHS Region 10,3 wk ahead,2010/2011,6,3.2,0.515072513
Protea_Kudu,HHS Region 10,3 wk ahead,2010/2011,7,3.1,0.6588653302
Protea_Kudu,HHS Region 10,3 wk ahead,2010/2011,8,3,0.56704397
Protea_Kudu,HHS Region 10,3 wk ahead,2010/2011,9,2.7,0.518223782
Protea_Kudu,HHS Region 10,3 wk ahead,2010/2011,10,1.6,0.340480774
Protea_Kudu,HHS Region 10,3 wk ahead,2010/2011,11,1.1,0.465678345
Protea_Kudu,HHS Region 10,3 wk ahead,2010/2011,12,1.1,0.57432138
Protea_Kudu,HHS Region 10,3 wk ahead,2010/2011,13,1.2,0.532236974
Protea_Kudu,HHS Region 10,3 wk ahead,2010/2011,14,0.8,0.40122588
Protea_Kudu,HHS Region 10,3 wk ahead,2010/2011,15,0.8,0.44572286
Protea_Kudu,HHS Region 10,3 wk ahead,2010/2011,16,0.7,0.28568223
Protea_Kudu,HHS Region 10,3 wk ahead,2010/2011,17,0.7,0.54566983
Protea_Kudu,HHS Region 10,3 wk ahead,2010/2011,18,0.4,0.141748457
