model_name,location,target,season,calendar_week,valid.bin_lag,cdf
ReichLab_sarima_seasonal_difference_FALSE,US National,4 wk ahead,2016/2017,43,1.8,0.7438
ReichLab_sarima_seasonal_difference_FALSE,US National,4 wk ahead,2016/2017,44,1.7,0.6971
ReichLab_sarima_seasonal_difference_FALSE,US National,4 wk ahead,2016/2017,45,1.8,0.5942
ReichLab_sarima_seasonal_difference_FALSE,US National,4 wk ahead,2016/2017,46,2.1,0.7589
ReichLab_sarima_seasonal_difference_FALSE,US National,4 wk ahead,2016/2017,47,2.6,0.859
ReichLab_sarima_seasonal_difference_FALSE,US National,4 wk ahead,2016/2017,48,3.3,0.9683
ReichLab_sarima_seasonal_difference_FALSE,US National,4 wk ahead,2016/2017,49,3,0.9351
ReichLab_sarima_seasonal_difference_FALSE,US National,4 wk ahead,2016/2017,50,3,0.824
ReichLab_sarima_seasonal_difference_FALSE,US National,4 wk ahead,2016/2017,51,3.4,0.7582
ReichLab_sarima_seasonal_difference_FALSE,US National,4 wk ahead,2016/2017,52,3.7,0.6872
ReichLab_sarima_seasonal_difference_FALSE,US National,4 wk ahead,2016/2017,1,4.3,0.857
ReichLab_sarima_seasonal_difference_FALSE,US National,4 wk ahead,2016/2017,2,5,0.9401
ReichLab_sarima_seasonal_difference_FALSE,US National,4 wk ahead,2016/2017,3,4.8,0.9198
ReichLab_sarima_seasonal_difference_FALSE,US National,4 wk ahead,2016/2017,4,4.5,0.7665
ReichLab_sarima_seasonal_difference_FALSE,US National,4 wk ahead,2016/2017,5,3.5,0.2345
ReichLab_sarima_seasonal_difference_FALSE,US National,4 wk ahead,2016/2017,6,3.4,0.1618
ReichLab_sarima_seasonal_difference_FALSE,US National,4 wk ahead,2016/2017,7,3.1,0.3173
ReichLab_sarima_seasonal_difference_FALSE,US National,4 wk ahead,2016/2017,8,3,0.3836
ReichLab_sarima_seasonal_difference_FALSE,US National,4 wk ahead,2016/2017,9,2.7,0.7776
ReichLab_sarima_seasonal_difference_FALSE,US National,4 wk ahead,2016/2017,10,2.3,0.633
ReichLab_sarima_seasonal_difference_FALSE,US National,4 wk ahead,2016/2017,11,1.9,0.4639
ReichLab_sarima_seasonal_difference_FALSE,US National,4 wk ahead,2016/2017,12,1.7,0.1891
ReichLab_sarima_seasonal_difference_FALSE,US National,4 wk ahead,2016/2017,13,1.5,0.1665
ReichLab_sarima_seasonal_difference_FALSE,US National,4 wk ahead,2016/2017,14,1.3,0.1232
ReichLab_sarima_seasonal_difference_FALSE,US National,4 wk ahead,2016/2017,15,1.2,0.3708
ReichLab_sarima_seasonal_difference_FALSE,US National,4 wk ahead,2016/2017,16,1.2,0.4404
ReichLab_sarima_seasonal_difference_FALSE,US National,4 wk ahead,2016/2017,17,1.1,0.6274
ReichLab_sarima_seasonal_difference_FALSE,US National,4 wk ahead,2016/2017,18,1,0.2339
ReichLab_sarima_seasonal_difference_FALSE,HHS Region 1,4 wk ahead,2016/2017,43,0.9,0.707
ReichLab_sarima_seasonal_difference_FALSE,HHS Region 1,4 wk ahead,2016/2017,44,0.8,0.5819
ReichLab_sarima_seasonal_difference_FALSE,HHS Region 1,4 wk ahead,2016/2017,45,0.8,0.3646
ReichLab_sarima_seasonal_difference_FALSE,HHS Region 1,4 wk ahead,2016/2017,46,0.9,0.5383
ReichLab_sarima_seasonal_difference_FALSE,HHS Region 1,4 wk ahead,2016/2017,47,1.1,0.6292
ReichLab_sarima_seasonal_difference_FALSE,HHS Region 1,4 wk ahead,2016/2017,48,1.3,0.7805
ReichLab_sarima_seasonal_difference_FALSE,HHS Region 1,4 wk ahead,2016/2017,49,1.5,0.801
ReichLab_sarima_seasonal_difference_FALSE,HHS Region 1,4 wk ahead,2016/2017,50,1.4,0.7155
ReichLab_sarima_seasonal_difference_FALSE,HHS Region 1,4 wk ahead,2016/2017,51,1.6,0.7653
ReichLab_sarima_seasonal_difference_FALSE,HHS Region 1,4 wk ahead,2016/2017,52,2,0.8168
ReichLab_sarima_seasonal_difference_FALSE,HHS Region 1,4 wk ahead,2016/2017,1,2.4,0.8441
ReichLab_sarima_seasonal_difference_FALSE,HHS Region 1,4 wk ahead,2016/2017,2,3.1,0.9246
ReichLab_sarima_seasonal_difference_FALSE,HHS Region 1,4 wk ahead,2016/2017,3,2.9,0.8743
ReichLab_sarima_seasonal_difference_FALSE,HHS Region 1,4 wk ahead,2016/2017,4,2.9,0.8448
ReichLab_sarima_seasonal_difference_FALSE,HHS Region 1,4 wk ahead,2016/2017,5,2.1,0.5305
ReichLab_sarima_seasonal_difference_FALSE,HHS Region 1,4 wk ahead,2016/2017,6,2,0.3622
ReichLab_sarima_seasonal_difference_FALSE,HHS Region 1,4 wk ahead,2016/2017,7,2,0.5272
ReichLab_sarima_seasonal_difference_FALSE,HHS Region 1,4 wk ahead,2016/2017,8,1.8,0.3975
ReichLab_sarima_seasonal_difference_FALSE,HHS Region 1,4 wk ahead,2016/2017,9,1.9,0.6624
ReichLab_sarima_seasonal_difference_FALSE,HHS Region 1,4 wk ahead,2016/2017,10,2.1,0.6761
ReichLab_sarima_seasonal_difference_FALSE,HHS Region 1,4 wk ahead,2016/2017,11,1.7,0.5834
ReichLab_sarima_seasonal_difference_FALSE,HHS Region 1,4 wk ahead,2016/2017,12,1.4,0.511
ReichLab_sarima_seasonal_difference_FALSE,HHS Region 1,4 wk ahead,2016/2017,13,1,0.3136
ReichLab_sarima_seasonal_difference_FALSE,HHS Region 1,4 wk ahead,2016/2017,14,0.8,0.2092
ReichLab_sarima_seasonal_difference_FALSE,HHS Region 1,4 wk ahead,2016/2017,15,0.6,0.119
ReichLab_sarima_seasonal_difference_FALSE,HHS Region 1,4 wk ahead,2016/2017,16,0.6,0.1754
ReichLab_sarima_seasonal_difference_FALSE,HHS Region 1,4 wk ahead,2016/2017,17,0.5,0.2469
ReichLab_sarima_seasonal_difference_FALSE,HHS Region 1,4 wk ahead,2016/2017,18,0.6,0.3419
ReichLab_sarima_seasonal_difference_FALSE,HHS Region 2,4 wk ahead,2016/2017,43,3.2,0.8265
ReichLab_sarima_seasonal_difference_FALSE,HHS Region 2,4 wk ahead,2016/2017,44,3.1,0.778
ReichLab_sarima_seasonal_difference_FALSE,HHS Region 2,4 wk ahead,2016/2017,45,3.2,0.7581
ReichLab_sarima_seasonal_difference_FALSE,HHS Region 2,4 wk ahead,2016/2017,46,3.3,0.7296
ReichLab_sarima_seasonal_difference_FALSE,HHS Region 2,4 wk ahead,2016/2017,47,4.4,0.8123
ReichLab_sarima_seasonal_difference_FALSE,HHS Region 2,4 wk ahead,2016/2017,48,5.9,0.9224
ReichLab_sarima_seasonal_difference_FALSE,HHS Region 2,4 wk ahead,2016/2017,49,5.2,0.9064
ReichLab_sarima_seasonal_difference_FALSE,HHS Region 2,4 wk ahead,2016/2017,50,5,0.8726
ReichLab_sarima_seasonal_difference_FALSE,HHS Region 2,4 wk ahead,2016/2017,51,5.6,0.8484
ReichLab_sarima_seasonal_difference_FALSE,HHS Region 2,4 wk ahead,2016/2017,52,5.9,0.8176
ReichLab_sarima_seasonal_difference_FALSE,HHS Region 2,4 wk ahead,2016/2017,1,6.4,0.8172
ReichLab_sarima_seasonal_difference_FALSE,HHS Region 2,4 wk ahead,2016/2017,2,6.8,0.8345
ReichLab_sarima_seasonal_difference_FALSE,HHS Region 2,4 wk ahead,2016/2017,3,5.6,0.841
ReichLab_sarima_seasonal_difference_FALSE,HHS Region 2,4 wk ahead,2016/2017,4,4.6,0.5179
ReichLab_sarima_seasonal_difference_FALSE,HHS Region 2,4 wk ahead,2016/2017,5,3,0.1702
ReichLab_sarima_seasonal_difference_FALSE,HHS Region 2,4 wk ahead,2016/2017,6,3,0.1655
ReichLab_sarima_seasonal_difference_FALSE,HHS Region 2,4 wk ahead,2016/2017,7,3.2,0.2659
ReichLab_sarima_seasonal_difference_FALSE,HHS Region 2,4 wk ahead,2016/2017,8,3,0.3438
ReichLab_sarima_seasonal_difference_FALSE,HHS Region 2,4 wk ahead,2016/2017,9,3.6,0.7243
ReichLab_sarima_seasonal_difference_FALSE,HHS Region 2,4 wk ahead,2016/2017,10,3.6,0.848
ReichLab_sarima_seasonal_difference_FALSE,HHS Region 2,4 wk ahead,2016/2017,11,3,0.8028
ReichLab_sarima_seasonal_difference_FALSE,HHS Region 2,4 wk ahead,2016/2017,12,2.2,0.5923
ReichLab_sarima_seasonal_difference_FALSE,HHS Region 2,4 wk ahead,2016/2017,13,2.3,0.3405
ReichLab_sarima_seasonal_difference_FALSE,HHS Region 2,4 wk ahead,2016/2017,14,1.9,0.2271
ReichLab_sarima_seasonal_difference_FALSE,HHS Region 2,4 wk ahead,2016/2017,15,1.9,0.3293
ReichLab_sarima_seasonal_difference_FALSE,HHS Region 2,4 wk ahead,2016/2017,16,2,0.5225
ReichLab_sarima_seasonal_difference_FALSE,HHS Region 2,4 wk ahead,2016/2017,17,1.7,0.5232
ReichLab_sarima_seasonal_difference_FALSE,HHS Region 2,4 wk ahead,2016/2017,18,1.9,0.5605
ReichLab_sarima_seasonal_difference_FALSE,HHS Region 3,4 wk ahead,2016/2017,43,1.6,0.5205
ReichLab_sarima_seasonal_difference_FALSE,HHS Region 3,4 wk ahead,2016/2017,44,1.4,0.4873
ReichLab_sarima_seasonal_difference_FALSE,HHS Region 3,4 wk ahead,2016/2017,45,1.5,0.3984
ReichLab_sarima_seasonal_difference_FALSE,HHS Region 3,4 wk ahead,2016/2017,46,1.8,0.5692
ReichLab_sarima_seasonal_difference_FALSE,HHS Region 3,4 wk ahead,2016/2017,47,2.1,0.5235
ReichLab_sarima_seasonal_difference_FALSE,HHS Region 3,4 wk ahead,2016/2017,48,3,0.7811
ReichLab_sarima_seasonal_difference_FALSE,HHS Region 3,4 wk ahead,2016/2017,49,2.6,0.7664
ReichLab_sarima_seasonal_difference_FALSE,HHS Region 3,4 wk ahead,2016/2017,50,2.7,0.7422
ReichLab_sarima_seasonal_difference_FALSE,HHS Region 3,4 wk ahead,2016/2017,51,3,0.7707
ReichLab_sarima_seasonal_difference_FALSE,HHS Region 3,4 wk ahead,2016/2017,52,3.4,0.7566
ReichLab_sarima_seasonal_difference_FALSE,HHS Region 3,4 wk ahead,2016/2017,1,3.6,0.8061
ReichLab_sarima_seasonal_difference_FALSE,HHS Region 3,4 wk ahead,2016/2017,2,5,0.9445
ReichLab_sarima_seasonal_difference_FALSE,HHS Region 3,4 wk ahead,2016/2017,3,5.1,0.9624
ReichLab_sarima_seasonal_difference_FALSE,HHS Region 3,4 wk ahead,2016/2017,4,4.9,0.9353
ReichLab_sarima_seasonal_difference_FALSE,HHS Region 3,4 wk ahead,2016/2017,5,3.1,0.6316
ReichLab_sarima_seasonal_difference_FALSE,HHS Region 3,4 wk ahead,2016/2017,6,3.1,0.5041
ReichLab_sarima_seasonal_difference_FALSE,HHS Region 3,4 wk ahead,2016/2017,7,3.3,0.5446
ReichLab_sarima_seasonal_difference_FALSE,HHS Region 3,4 wk ahead,2016/2017,8,2.9,0.3998
ReichLab_sarima_seasonal_difference_FALSE,HHS Region 3,4 wk ahead,2016/2017,9,3.1,0.675
ReichLab_sarima_seasonal_difference_FALSE,HHS Region 3,4 wk ahead,2016/2017,10,2.1,0.3309
ReichLab_sarima_seasonal_difference_FALSE,HHS Region 3,4 wk ahead,2016/2017,11,1.6,0.1624
ReichLab_sarima_seasonal_difference_FALSE,HHS Region 3,4 wk ahead,2016/2017,12,1.3,0.0891
ReichLab_sarima_seasonal_difference_FALSE,HHS Region 3,4 wk ahead,2016/2017,13,1,0.0226
ReichLab_sarima_seasonal_difference_FALSE,HHS Region 3,4 wk ahead,2016/2017,14,0.9,0.0343
ReichLab_sarima_seasonal_difference_FALSE,HHS Region 3,4 wk ahead,2016/2017,15,0.8,0.0536
ReichLab_sarima_seasonal_difference_FALSE,HHS Region 3,4 wk ahead,2016/2017,16,0.9,0.1065
ReichLab_sarima_seasonal_difference_FALSE,HHS Region 3,4 wk ahead,2016/2017,17,0.8,0.1386
ReichLab_sarima_seasonal_difference_FALSE,HHS Region 3,4 wk ahead,2016/2017,18,0.9,0.2714
ReichLab_sarima_seasonal_difference_FALSE,HHS Region 4,4 wk ahead,2016/2017,43,2.1,0.8281
ReichLab_sarima_seasonal_difference_FALSE,HHS Region 4,4 wk ahead,2016/2017,44,1.8,0.6679
ReichLab_sarima_seasonal_difference_FALSE,HHS Region 4,4 wk ahead,2016/2017,45,1.7,0.5634
ReichLab_sarima_seasonal_difference_FALSE,HHS Region 4,4 wk ahead,2016/2017,46,2.2,0.6931
ReichLab_sarima_seasonal_difference_FALSE,HHS Region 4,4 wk ahead,2016/2017,47,2.8,0.8007
ReichLab_sarima_seasonal_difference_FALSE,HHS Region 4,4 wk ahead,2016/2017,48,3.3,0.9376
ReichLab_sarima_seasonal_difference_FALSE,HHS Region 4,4 wk ahead,2016/2017,49,2.8,0.9431
ReichLab_sarima_seasonal_difference_FALSE,HHS Region 4,4 wk ahead,2016/2017,50,2.8,0.7917
ReichLab_sarima_seasonal_difference_FALSE,HHS Region 4,4 wk ahead,2016/2017,51,3.6,0.8547
ReichLab_sarima_seasonal_difference_FALSE,HHS Region 4,4 wk ahead,2016/2017,52,3.5,0.7158
ReichLab_sarima_seasonal_difference_FALSE,HHS Region 4,4 wk ahead,2016/2017,1,4.4,0.9446
ReichLab_sarima_seasonal_difference_FALSE,HHS Region 4,4 wk ahead,2016/2017,2,5,0.9637
ReichLab_sarima_seasonal_difference_FALSE,HHS Region 4,4 wk ahead,2016/2017,3,5.4,0.9188
ReichLab_sarima_seasonal_difference_FALSE,HHS Region 4,4 wk ahead,2016/2017,4,5.4,0.9124
ReichLab_sarima_seasonal_difference_FALSE,HHS Region 4,4 wk ahead,2016/2017,5,4.5,0.6236
ReichLab_sarima_seasonal_difference_FALSE,HHS Region 4,4 wk ahead,2016/2017,6,4.4,0.6067
ReichLab_sarima_seasonal_difference_FALSE,HHS Region 4,4 wk ahead,2016/2017,7,3.8,0.5533
ReichLab_sarima_seasonal_difference_FALSE,HHS Region 4,4 wk ahead,2016/2017,8,4.6,0.7027
ReichLab_sarima_seasonal_difference_FALSE,HHS Region 4,4 wk ahead,2016/2017,9,3.6,0.7514
ReichLab_sarima_seasonal_difference_FALSE,HHS Region 4,4 wk ahead,2016/2017,10,2.7,0.461
ReichLab_sarima_seasonal_difference_FALSE,HHS Region 4,4 wk ahead,2016/2017,11,2.1,0.4186
ReichLab_sarima_seasonal_difference_FALSE,HHS Region 4,4 wk ahead,2016/2017,12,1.7,0.0584
ReichLab_sarima_seasonal_difference_FALSE,HHS Region 4,4 wk ahead,2016/2017,13,1.4,0.0731
ReichLab_sarima_seasonal_difference_FALSE,HHS Region 4,4 wk ahead,2016/2017,14,1.2,0.1205
ReichLab_sarima_seasonal_difference_FALSE,HHS Region 4,4 wk ahead,2016/2017,15,1.3,0.4976
ReichLab_sarima_seasonal_difference_FALSE,HHS Region 4,4 wk ahead,2016/2017,16,1.2,0.5246
ReichLab_sarima_seasonal_difference_FALSE,HHS Region 4,4 wk ahead,2016/2017,17,1.1,0.5738
ReichLab_sarima_seasonal_difference_FALSE,HHS Region 4,4 wk ahead,2016/2017,18,0.8,0.2945
ReichLab_sarima_seasonal_difference_FALSE,HHS Region 5,4 wk ahead,2016/2017,43,1.2,0.5178
ReichLab_sarima_seasonal_difference_FALSE,HHS Region 5,4 wk ahead,2016/2017,44,1.1,0.3954
ReichLab_sarima_seasonal_difference_FALSE,HHS Region 5,4 wk ahead,2016/2017,45,1.4,0.3418
ReichLab_sarima_seasonal_difference_FALSE,HHS Region 5,4 wk ahead,2016/2017,46,1.5,0.4369
ReichLab_sarima_seasonal_difference_FALSE,HHS Region 5,4 wk ahead,2016/2017,47,1.7,0.4416
ReichLab_sarima_seasonal_difference_FALSE,HHS Region 5,4 wk ahead,2016/2017,48,2.3,0.8685
ReichLab_sarima_seasonal_difference_FALSE,HHS Region 5,4 wk ahead,2016/2017,49,2,0.8687
ReichLab_sarima_seasonal_difference_FALSE,HHS Region 5,4 wk ahead,2016/2017,50,2,0.9094
ReichLab_sarima_seasonal_difference_FALSE,HHS Region 5,4 wk ahead,2016/2017,51,2.3,0.9278
ReichLab_sarima_seasonal_difference_FALSE,HHS Region 5,4 wk ahead,2016/2017,52,2.7,0.8398
ReichLab_sarima_seasonal_difference_FALSE,HHS Region 5,4 wk ahead,2016/2017,1,3.1,0.9435
ReichLab_sarima_seasonal_difference_FALSE,HHS Region 5,4 wk ahead,2016/2017,2,3.8,0.9681
ReichLab_sarima_seasonal_difference_FALSE,HHS Region 5,4 wk ahead,2016/2017,3,4.2,0.9494
ReichLab_sarima_seasonal_difference_FALSE,HHS Region 5,4 wk ahead,2016/2017,4,4.2,0.9241
ReichLab_sarima_seasonal_difference_FALSE,HHS Region 5,4 wk ahead,2016/2017,5,2.9,0.541
ReichLab_sarima_seasonal_difference_FALSE,HHS Region 5,4 wk ahead,2016/2017,6,3.2,0.4712
ReichLab_sarima_seasonal_difference_FALSE,HHS Region 5,4 wk ahead,2016/2017,7,2.9,0.4028
ReichLab_sarima_seasonal_difference_FALSE,HHS Region 5,4 wk ahead,2016/2017,8,2.7,0.2777
ReichLab_sarima_seasonal_difference_FALSE,HHS Region 5,4 wk ahead,2016/2017,9,2.3,0.4637
ReichLab_sarima_seasonal_difference_FALSE,HHS Region 5,4 wk ahead,2016/2017,10,2,0.3913
ReichLab_sarima_seasonal_difference_FALSE,HHS Region 5,4 wk ahead,2016/2017,11,1.5,0.1966
ReichLab_sarima_seasonal_difference_FALSE,HHS Region 5,4 wk ahead,2016/2017,12,1.3,0.1407
ReichLab_sarima_seasonal_difference_FALSE,HHS Region 5,4 wk ahead,2016/2017,13,1.2,0.2226
ReichLab_sarima_seasonal_difference_FALSE,HHS Region 5,4 wk ahead,2016/2017,14,1,0.1691
ReichLab_sarima_seasonal_difference_FALSE,HHS Region 5,4 wk ahead,2016/2017,15,1,0.3079
ReichLab_sarima_seasonal_difference_FALSE,HHS Region 5,4 wk ahead,2016/2017,16,0.8,0.2308
ReichLab_sarima_seasonal_difference_FALSE,HHS Region 5,4 wk ahead,2016/2017,17,0.7,0.3273
ReichLab_sarima_seasonal_difference_FALSE,HHS Region 5,4 wk ahead,2016/2017,18,0.7,0.1809
ReichLab_sarima_seasonal_difference_FALSE,HHS Region 6,4 wk ahead,2016/2017,43,2.4,0.5061
ReichLab_sarima_seasonal_difference_FALSE,HHS Region 6,4 wk ahead,2016/2017,44,2.4,0.53
ReichLab_sarima_seasonal_difference_FALSE,HHS Region 6,4 wk ahead,2016/2017,45,2.8,0.4697
ReichLab_sarima_seasonal_difference_FALSE,HHS Region 6,4 wk ahead,2016/2017,46,3.3,0.5853
ReichLab_sarima_seasonal_difference_FALSE,HHS Region 6,4 wk ahead,2016/2017,47,3.8,0.6991
ReichLab_sarima_seasonal_difference_FALSE,HHS Region 6,4 wk ahead,2016/2017,48,4.1,0.6943
ReichLab_sarima_seasonal_difference_FALSE,HHS Region 6,4 wk ahead,2016/2017,49,4,0.7008
ReichLab_sarima_seasonal_difference_FALSE,HHS Region 6,4 wk ahead,2016/2017,50,4.8,0.7654
ReichLab_sarima_seasonal_difference_FALSE,HHS Region 6,4 wk ahead,2016/2017,51,5.2,0.7479
ReichLab_sarima_seasonal_difference_FALSE,HHS Region 6,4 wk ahead,2016/2017,52,6,0.8474
ReichLab_sarima_seasonal_difference_FALSE,HHS Region 6,4 wk ahead,2016/2017,1,8.1,0.9267
ReichLab_sarima_seasonal_difference_FALSE,HHS Region 6,4 wk ahead,2016/2017,2,9.8,0.9515
ReichLab_sarima_seasonal_difference_FALSE,HHS Region 6,4 wk ahead,2016/2017,3,8.8,0.9075
ReichLab_sarima_seasonal_difference_FALSE,HHS Region 6,4 wk ahead,2016/2017,4,8.1,0.8784
ReichLab_sarima_seasonal_difference_FALSE,HHS Region 6,4 wk ahead,2016/2017,5,6.8,0.7111
ReichLab_sarima_seasonal_difference_FALSE,HHS Region 6,4 wk ahead,2016/2017,6,6.4,0.6035
ReichLab_sarima_seasonal_difference_FALSE,HHS Region 6,4 wk ahead,2016/2017,7,5.3,0.5662
ReichLab_sarima_seasonal_difference_FALSE,HHS Region 6,4 wk ahead,2016/2017,8,4.3,0.4428
ReichLab_sarima_seasonal_difference_FALSE,HHS Region 6,4 wk ahead,2016/2017,9,3.6,0.4372
ReichLab_sarima_seasonal_difference_FALSE,HHS Region 6,4 wk ahead,2016/2017,10,3.3,0.4086
ReichLab_sarima_seasonal_difference_FALSE,HHS Region 6,4 wk ahead,2016/2017,11,2.9,0.3915
ReichLab_sarima_seasonal_difference_FALSE,HHS Region 6,4 wk ahead,2016/2017,12,2.8,0.4912
ReichLab_sarima_seasonal_difference_FALSE,HHS Region 6,4 wk ahead,2016/2017,13,2.4,0.414
ReichLab_sarima_seasonal_difference_FALSE,HHS Region 6,4 wk ahead,2016/2017,14,2.3,0.4295
ReichLab_sarima_seasonal_difference_FALSE,HHS Region 6,4 wk ahead,2016/2017,15,1.6,0.2646
ReichLab_sarima_seasonal_difference_FALSE,HHS Region 6,4 wk ahead,2016/2017,16,2.1,0.3601
ReichLab_sarima_seasonal_difference_FALSE,HHS Region 6,4 wk ahead,2016/2017,17,1.8,0.3722
ReichLab_sarima_seasonal_difference_FALSE,HHS Region 6,4 wk ahead,2016/2017,18,1.6,0.2645
ReichLab_sarima_seasonal_difference_FALSE,HHS Region 7,4 wk ahead,2016/2017,43,1.3,0.7196
ReichLab_sarima_seasonal_difference_FALSE,HHS Region 7,4 wk ahead,2016/2017,44,1.3,0.6223
ReichLab_sarima_seasonal_difference_FALSE,HHS Region 7,4 wk ahead,2016/2017,45,1.2,0.5162
ReichLab_sarima_seasonal_difference_FALSE,HHS Region 7,4 wk ahead,2016/2017,46,1.2,0.6281
ReichLab_sarima_seasonal_difference_FALSE,HHS Region 7,4 wk ahead,2016/2017,47,1.7,0.6046
ReichLab_sarima_seasonal_difference_FALSE,HHS Region 7,4 wk ahead,2016/2017,48,2.6,0.8013
ReichLab_sarima_seasonal_difference_FALSE,HHS Region 7,4 wk ahead,2016/2017,49,2.8,0.9099
ReichLab_sarima_seasonal_difference_FALSE,HHS Region 7,4 wk ahead,2016/2017,50,2.7,0.9219
ReichLab_sarima_seasonal_difference_FALSE,HHS Region 7,4 wk ahead,2016/2017,51,3.4,0.9012
ReichLab_sarima_seasonal_difference_FALSE,HHS Region 7,4 wk ahead,2016/2017,52,4.5,0.8254
ReichLab_sarima_seasonal_difference_FALSE,HHS Region 7,4 wk ahead,2016/2017,1,5.4,0.9375
ReichLab_sarima_seasonal_difference_FALSE,HHS Region 7,4 wk ahead,2016/2017,2,6.3,0.9381
ReichLab_sarima_seasonal_difference_FALSE,HHS Region 7,4 wk ahead,2016/2017,3,4.8,0.874
ReichLab_sarima_seasonal_difference_FALSE,HHS Region 7,4 wk ahead,2016/2017,4,3.9,0.6919
ReichLab_sarima_seasonal_difference_FALSE,HHS Region 7,4 wk ahead,2016/2017,5,2.7,0.314
ReichLab_sarima_seasonal_difference_FALSE,HHS Region 7,4 wk ahead,2016/2017,6,2.7,0.2804
ReichLab_sarima_seasonal_difference_FALSE,HHS Region 7,4 wk ahead,2016/2017,7,2.3,0.3205
ReichLab_sarima_seasonal_difference_FALSE,HHS Region 7,4 wk ahead,2016/2017,8,1.9,0.2832
ReichLab_sarima_seasonal_difference_FALSE,HHS Region 7,4 wk ahead,2016/2017,9,1.6,0.3507
ReichLab_sarima_seasonal_difference_FALSE,HHS Region 7,4 wk ahead,2016/2017,10,1.3,0.2495
ReichLab_sarima_seasonal_difference_FALSE,HHS Region 7,4 wk ahead,2016/2017,11,0.9,0.1793
ReichLab_sarima_seasonal_difference_FALSE,HHS Region 7,4 wk ahead,2016/2017,12,0.8,0.1714
ReichLab_sarima_seasonal_difference_FALSE,HHS Region 7,4 wk ahead,2016/2017,13,0.7,0.1812
ReichLab_sarima_seasonal_difference_FALSE,HHS Region 7,4 wk ahead,2016/2017,14,0.7,0.215
ReichLab_sarima_seasonal_difference_FALSE,HHS Region 7,4 wk ahead,2016/2017,15,0.4,0.1064
ReichLab_sarima_seasonal_difference_FALSE,HHS Region 7,4 wk ahead,2016/2017,16,0.2,0.0345
ReichLab_sarima_seasonal_difference_FALSE,HHS Region 7,4 wk ahead,2016/2017,17,0.1,0.0099
ReichLab_sarima_seasonal_difference_FALSE,HHS Region 7,4 wk ahead,2016/2017,18,0.1,0.0035
ReichLab_sarima_seasonal_difference_FALSE,HHS Region 8,4 wk ahead,2016/2017,43,0.7,0.4449
ReichLab_sarima_seasonal_difference_FALSE,HHS Region 8,4 wk ahead,2016/2017,44,1.2,0.8605
ReichLab_sarima_seasonal_difference_FALSE,HHS Region 8,4 wk ahead,2016/2017,45,1,0.6666
ReichLab_sarima_seasonal_difference_FALSE,HHS Region 8,4 wk ahead,2016/2017,46,1.2,0.7024
ReichLab_sarima_seasonal_difference_FALSE,HHS Region 8,4 wk ahead,2016/2017,47,2,0.9113
ReichLab_sarima_seasonal_difference_FALSE,HHS Region 8,4 wk ahead,2016/2017,48,1.4,0.6145
ReichLab_sarima_seasonal_difference_FALSE,HHS Region 8,4 wk ahead,2016/2017,49,2.2,0.8897
ReichLab_sarima_seasonal_difference_FALSE,HHS Region 8,4 wk ahead,2016/2017,50,1.8,0.755
ReichLab_sarima_seasonal_difference_FALSE,HHS Region 8,4 wk ahead,2016/2017,51,2.2,0.747
ReichLab_sarima_seasonal_difference_FALSE,HHS Region 8,4 wk ahead,2016/2017,52,2,0.8018
ReichLab_sarima_seasonal_difference_FALSE,HHS Region 8,4 wk ahead,2016/2017,1,2.2,0.7663
ReichLab_sarima_seasonal_difference_FALSE,HHS Region 8,4 wk ahead,2016/2017,2,2.2,0.7147
ReichLab_sarima_seasonal_difference_FALSE,HHS Region 8,4 wk ahead,2016/2017,3,2.6,0.7294
ReichLab_sarima_seasonal_difference_FALSE,HHS Region 8,4 wk ahead,2016/2017,4,1.5,0.4475
ReichLab_sarima_seasonal_difference_FALSE,HHS Region 8,4 wk ahead,2016/2017,5,1.4,0.3951
ReichLab_sarima_seasonal_difference_FALSE,HHS Region 8,4 wk ahead,2016/2017,6,1.3,0.4164
ReichLab_sarima_seasonal_difference_FALSE,HHS Region 8,4 wk ahead,2016/2017,7,1,0.2117
ReichLab_sarima_seasonal_difference_FALSE,HHS Region 8,4 wk ahead,2016/2017,8,1.2,0.4869
ReichLab_sarima_seasonal_difference_FALSE,HHS Region 8,4 wk ahead,2016/2017,9,1,0.4354
ReichLab_sarima_seasonal_difference_FALSE,HHS Region 8,4 wk ahead,2016/2017,10,1,0.4373
ReichLab_sarima_seasonal_difference_FALSE,HHS Region 8,4 wk ahead,2016/2017,11,0.8,0.4699
ReichLab_sarima_seasonal_difference_FALSE,HHS Region 8,4 wk ahead,2016/2017,12,0.8,0.3752
ReichLab_sarima_seasonal_difference_FALSE,HHS Region 8,4 wk ahead,2016/2017,13,0.9,0.5143
ReichLab_sarima_seasonal_difference_FALSE,HHS Region 8,4 wk ahead,2016/2017,14,0.9,0.5382
ReichLab_sarima_seasonal_difference_FALSE,HHS Region 8,4 wk ahead,2016/2017,15,0.5,0.2874
ReichLab_sarima_seasonal_difference_FALSE,HHS Region 8,4 wk ahead,2016/2017,16,0.7,0.5173
ReichLab_sarima_seasonal_difference_FALSE,HHS Region 8,4 wk ahead,2016/2017,17,0.8,0.5168
ReichLab_sarima_seasonal_difference_FALSE,HHS Region 8,4 wk ahead,2016/2017,18,0.4,0.1693
ReichLab_sarima_seasonal_difference_FALSE,HHS Region 9,4 wk ahead,2016/2017,43,1.9,0.8317
ReichLab_sarima_seasonal_difference_FALSE,HHS Region 9,4 wk ahead,2016/2017,44,1.8,0.7773
ReichLab_sarima_seasonal_difference_FALSE,HHS Region 9,4 wk ahead,2016/2017,45,1.9,0.7449
ReichLab_sarima_seasonal_difference_FALSE,HHS Region 9,4 wk ahead,2016/2017,46,2.2,0.8477
ReichLab_sarima_seasonal_difference_FALSE,HHS Region 9,4 wk ahead,2016/2017,47,2.7,0.9477
ReichLab_sarima_seasonal_difference_FALSE,HHS Region 9,4 wk ahead,2016/2017,48,3.2,0.9529
ReichLab_sarima_seasonal_difference_FALSE,HHS Region 9,4 wk ahead,2016/2017,49,3,0.8011
ReichLab_sarima_seasonal_difference_FALSE,HHS Region 9,4 wk ahead,2016/2017,50,2.7,0.64
ReichLab_sarima_seasonal_difference_FALSE,HHS Region 9,4 wk ahead,2016/2017,51,2.6,0.4915
ReichLab_sarima_seasonal_difference_FALSE,HHS Region 9,4 wk ahead,2016/2017,52,2.9,0.7104
ReichLab_sarima_seasonal_difference_FALSE,HHS Region 9,4 wk ahead,2016/2017,1,3,0.545
ReichLab_sarima_seasonal_difference_FALSE,HHS Region 9,4 wk ahead,2016/2017,2,2.6,0.4559
ReichLab_sarima_seasonal_difference_FALSE,HHS Region 9,4 wk ahead,2016/2017,3,2.4,0.4384
ReichLab_sarima_seasonal_difference_FALSE,HHS Region 9,4 wk ahead,2016/2017,4,2.4,0.4144
ReichLab_sarima_seasonal_difference_FALSE,HHS Region 9,4 wk ahead,2016/2017,5,2.2,0.2691
ReichLab_sarima_seasonal_difference_FALSE,HHS Region 9,4 wk ahead,2016/2017,6,2.2,0.4029
ReichLab_sarima_seasonal_difference_FALSE,HHS Region 9,4 wk ahead,2016/2017,7,2.2,0.6175
ReichLab_sarima_seasonal_difference_FALSE,HHS Region 9,4 wk ahead,2016/2017,8,2,0.3949
ReichLab_sarima_seasonal_difference_FALSE,HHS Region 9,4 wk ahead,2016/2017,9,2,0.4352
ReichLab_sarima_seasonal_difference_FALSE,HHS Region 9,4 wk ahead,2016/2017,10,1.8,0.3739
ReichLab_sarima_seasonal_difference_FALSE,HHS Region 9,4 wk ahead,2016/2017,11,1.6,0.278
ReichLab_sarima_seasonal_difference_FALSE,HHS Region 9,4 wk ahead,2016/2017,12,1.6,0.3489
ReichLab_sarima_seasonal_difference_FALSE,HHS Region 9,4 wk ahead,2016/2017,13,1.7,0.6414
ReichLab_sarima_seasonal_difference_FALSE,HHS Region 9,4 wk ahead,2016/2017,14,1.6,0.3544
ReichLab_sarima_seasonal_difference_FALSE,HHS Region 9,4 wk ahead,2016/2017,15,1.5,0.4413
ReichLab_sarima_seasonal_difference_FALSE,HHS Region 9,4 wk ahead,2016/2017,16,1.5,0.361
ReichLab_sarima_seasonal_difference_FALSE,HHS Region 9,4 wk ahead,2016/2017,17,1.4,0.5074
ReichLab_sarima_seasonal_difference_FALSE,HHS Region 9,4 wk ahead,2016/2017,18,1.4,0.3298
ReichLab_sarima_seasonal_difference_FALSE,HHS Region 10,4 wk ahead,2016/2017,43,0.7,0.6286
ReichLab_sarima_seasonal_difference_FALSE,HHS Region 10,4 wk ahead,2016/2017,44,0.7,0.6055
ReichLab_sarima_seasonal_difference_FALSE,HHS Region 10,4 wk ahead,2016/2017,45,0.6,0.4839
ReichLab_sarima_seasonal_difference_FALSE,HHS Region 10,4 wk ahead,2016/2017,46,1.4,0.8935
ReichLab_sarima_seasonal_difference_FALSE,HHS Region 10,4 wk ahead,2016/2017,47,2,0.8965
ReichLab_sarima_seasonal_difference_FALSE,HHS Region 10,4 wk ahead,2016/2017,48,3.6,0.9878
ReichLab_sarima_seasonal_difference_FALSE,HHS Region 10,4 wk ahead,2016/2017,49,2.9,0.9809
ReichLab_sarima_seasonal_difference_FALSE,HHS Region 10,4 wk ahead,2016/2017,50,2.1,0.7638
ReichLab_sarima_seasonal_difference_FALSE,HHS Region 10,4 wk ahead,2016/2017,51,3.2,0.8512
ReichLab_sarima_seasonal_difference_FALSE,HHS Region 10,4 wk ahead,2016/2017,52,2.4,0.4483
ReichLab_sarima_seasonal_difference_FALSE,HHS Region 10,4 wk ahead,2016/2017,1,2.2,0.4186
ReichLab_sarima_seasonal_difference_FALSE,HHS Region 10,4 wk ahead,2016/2017,2,1.9,0.502
ReichLab_sarima_seasonal_difference_FALSE,HHS Region 10,4 wk ahead,2016/2017,3,1.7,0.3247
ReichLab_sarima_seasonal_difference_FALSE,HHS Region 10,4 wk ahead,2016/2017,4,1.4,0.316
ReichLab_sarima_seasonal_difference_FALSE,HHS Region 10,4 wk ahead,2016/2017,5,1.4,0.3202
ReichLab_sarima_seasonal_difference_FALSE,HHS Region 10,4 wk ahead,2016/2017,6,0.9,0.1387
ReichLab_sarima_seasonal_difference_FALSE,HHS Region 10,4 wk ahead,2016/2017,7,1.2,0.322
ReichLab_sarima_seasonal_difference_FALSE,HHS Region 10,4 wk ahead,2016/2017,8,0.8,0.27
ReichLab_sarima_seasonal_difference_FALSE,HHS Region 10,4 wk ahead,2016/2017,9,0.8,0.3854
ReichLab_sarima_seasonal_difference_FALSE,HHS Region 10,4 wk ahead,2016/2017,10,0.7,0.4384
ReichLab_sarima_seasonal_difference_FALSE,HHS Region 10,4 wk ahead,2016/2017,11,0.6,0.2085
ReichLab_sarima_seasonal_difference_FALSE,HHS Region 10,4 wk ahead,2016/2017,12,0.5,0.1735
ReichLab_sarima_seasonal_difference_FALSE,HHS Region 10,4 wk ahead,2016/2017,13,0.4,0.1497
ReichLab_sarima_seasonal_difference_FALSE,HHS Region 10,4 wk ahead,2016/2017,14,0.6,0.2867
ReichLab_sarima_seasonal_difference_FALSE,HHS Region 10,4 wk ahead,2016/2017,15,0.4,0.2242
ReichLab_sarima_seasonal_difference_FALSE,HHS Region 10,4 wk ahead,2016/2017,16,0.5,0.4217
ReichLab_sarima_seasonal_difference_FALSE,HHS Region 10,4 wk ahead,2016/2017,17,0.2,0.1257
ReichLab_sarima_seasonal_difference_FALSE,HHS Region 10,4 wk ahead,2016/2017,18,0.3,0.1705
