model_name,location,target,season,calendar_week,valid.bin_start_incl,cdf
ReichLab_sarima_seasonal_difference_FALSE,US National,2 wk ahead,2016/2017,43,1.6,0.8148
ReichLab_sarima_seasonal_difference_FALSE,US National,2 wk ahead,2016/2017,44,1.6,0.7392
ReichLab_sarima_seasonal_difference_FALSE,US National,2 wk ahead,2016/2017,45,1.9,0.7208
ReichLab_sarima_seasonal_difference_FALSE,US National,2 wk ahead,2016/2017,46,1.8,0.6918
ReichLab_sarima_seasonal_difference_FALSE,US National,2 wk ahead,2016/2017,47,1.9,0.6745
ReichLab_sarima_seasonal_difference_FALSE,US National,2 wk ahead,2016/2017,48,2.2,0.8508
ReichLab_sarima_seasonal_difference_FALSE,US National,2 wk ahead,2016/2017,49,2.7,0.9109
ReichLab_sarima_seasonal_difference_FALSE,US National,2 wk ahead,2016/2017,50,3.4,0.948
ReichLab_sarima_seasonal_difference_FALSE,US National,2 wk ahead,2016/2017,51,3.1,0.7214
ReichLab_sarima_seasonal_difference_FALSE,US National,2 wk ahead,2016/2017,52,3.1,0.4278
ReichLab_sarima_seasonal_difference_FALSE,US National,2 wk ahead,2016/2017,1,3.5,0.6276
ReichLab_sarima_seasonal_difference_FALSE,US National,2 wk ahead,2016/2017,2,3.8,0.7957
ReichLab_sarima_seasonal_difference_FALSE,US National,2 wk ahead,2016/2017,3,4.4,0.9435
ReichLab_sarima_seasonal_difference_FALSE,US National,2 wk ahead,2016/2017,4,5.1,0.9121
ReichLab_sarima_seasonal_difference_FALSE,US National,2 wk ahead,2016/2017,5,4.9,0.5397
ReichLab_sarima_seasonal_difference_FALSE,US National,2 wk ahead,2016/2017,6,4.6,0.315
ReichLab_sarima_seasonal_difference_FALSE,US National,2 wk ahead,2016/2017,7,3.6,0.154
ReichLab_sarima_seasonal_difference_FALSE,US National,2 wk ahead,2016/2017,8,3.5,0.1677
ReichLab_sarima_seasonal_difference_FALSE,US National,2 wk ahead,2016/2017,9,3.2,0.7324
ReichLab_sarima_seasonal_difference_FALSE,US National,2 wk ahead,2016/2017,10,3.1,0.7644
ReichLab_sarima_seasonal_difference_FALSE,US National,2 wk ahead,2016/2017,11,2.8,0.7811
ReichLab_sarima_seasonal_difference_FALSE,US National,2 wk ahead,2016/2017,12,2.4,0.3992
ReichLab_sarima_seasonal_difference_FALSE,US National,2 wk ahead,2016/2017,13,2,0.1801
ReichLab_sarima_seasonal_difference_FALSE,US National,2 wk ahead,2016/2017,14,1.8,0.1561
ReichLab_sarima_seasonal_difference_FALSE,US National,2 wk ahead,2016/2017,15,1.6,0.487
ReichLab_sarima_seasonal_difference_FALSE,US National,2 wk ahead,2016/2017,16,1.4,0.4295
ReichLab_sarima_seasonal_difference_FALSE,US National,2 wk ahead,2016/2017,17,1.3,0.7704
ReichLab_sarima_seasonal_difference_FALSE,US National,2 wk ahead,2016/2017,18,1.3,0.4527
ReichLab_sarima_seasonal_difference_FALSE,HHS Region 1,2 wk ahead,2016/2017,43,0.9,0.7826
ReichLab_sarima_seasonal_difference_FALSE,HHS Region 1,2 wk ahead,2016/2017,44,0.9,0.6974
ReichLab_sarima_seasonal_difference_FALSE,HHS Region 1,2 wk ahead,2016/2017,45,1,0.4603
ReichLab_sarima_seasonal_difference_FALSE,HHS Region 1,2 wk ahead,2016/2017,46,0.9,0.5471
ReichLab_sarima_seasonal_difference_FALSE,HHS Region 1,2 wk ahead,2016/2017,47,0.9,0.5092
ReichLab_sarima_seasonal_difference_FALSE,HHS Region 1,2 wk ahead,2016/2017,48,1,0.7167
ReichLab_sarima_seasonal_difference_FALSE,HHS Region 1,2 wk ahead,2016/2017,49,1.2,0.6756
ReichLab_sarima_seasonal_difference_FALSE,HHS Region 1,2 wk ahead,2016/2017,50,1.4,0.7108
ReichLab_sarima_seasonal_difference_FALSE,HHS Region 1,2 wk ahead,2016/2017,51,1.6,0.7994
ReichLab_sarima_seasonal_difference_FALSE,HHS Region 1,2 wk ahead,2016/2017,52,1.5,0.6681
ReichLab_sarima_seasonal_difference_FALSE,HHS Region 1,2 wk ahead,2016/2017,1,1.7,0.65
ReichLab_sarima_seasonal_difference_FALSE,HHS Region 1,2 wk ahead,2016/2017,2,2.1,0.8081
ReichLab_sarima_seasonal_difference_FALSE,HHS Region 1,2 wk ahead,2016/2017,3,2.5,0.8267
ReichLab_sarima_seasonal_difference_FALSE,HHS Region 1,2 wk ahead,2016/2017,4,3.2,0.8828
ReichLab_sarima_seasonal_difference_FALSE,HHS Region 1,2 wk ahead,2016/2017,5,3,0.6829
ReichLab_sarima_seasonal_difference_FALSE,HHS Region 1,2 wk ahead,2016/2017,6,3,0.5382
ReichLab_sarima_seasonal_difference_FALSE,HHS Region 1,2 wk ahead,2016/2017,7,2.2,0.4904
ReichLab_sarima_seasonal_difference_FALSE,HHS Region 1,2 wk ahead,2016/2017,8,2.1,0.3175
ReichLab_sarima_seasonal_difference_FALSE,HHS Region 1,2 wk ahead,2016/2017,9,2.1,0.6856
ReichLab_sarima_seasonal_difference_FALSE,HHS Region 1,2 wk ahead,2016/2017,10,1.9,0.503
ReichLab_sarima_seasonal_difference_FALSE,HHS Region 1,2 wk ahead,2016/2017,11,2,0.5967
ReichLab_sarima_seasonal_difference_FALSE,HHS Region 1,2 wk ahead,2016/2017,12,2.2,0.7741
ReichLab_sarima_seasonal_difference_FALSE,HHS Region 1,2 wk ahead,2016/2017,13,1.8,0.5892
ReichLab_sarima_seasonal_difference_FALSE,HHS Region 1,2 wk ahead,2016/2017,14,1.5,0.4475
ReichLab_sarima_seasonal_difference_FALSE,HHS Region 1,2 wk ahead,2016/2017,15,1.1,0.2834
ReichLab_sarima_seasonal_difference_FALSE,HHS Region 1,2 wk ahead,2016/2017,16,0.9,0.2767
ReichLab_sarima_seasonal_difference_FALSE,HHS Region 1,2 wk ahead,2016/2017,17,0.7,0.3768
ReichLab_sarima_seasonal_difference_FALSE,HHS Region 1,2 wk ahead,2016/2017,18,0.7,0.3586
ReichLab_sarima_seasonal_difference_FALSE,HHS Region 2,2 wk ahead,2016/2017,43,2.5,0.6942
ReichLab_sarima_seasonal_difference_FALSE,HHS Region 2,2 wk ahead,2016/2017,44,2.5,0.6286
ReichLab_sarima_seasonal_difference_FALSE,HHS Region 2,2 wk ahead,2016/2017,45,3.3,0.817
ReichLab_sarima_seasonal_difference_FALSE,HHS Region 2,2 wk ahead,2016/2017,46,3.2,0.6865
ReichLab_sarima_seasonal_difference_FALSE,HHS Region 2,2 wk ahead,2016/2017,47,3.3,0.577
ReichLab_sarima_seasonal_difference_FALSE,HHS Region 2,2 wk ahead,2016/2017,48,3.4,0.6062
ReichLab_sarima_seasonal_difference_FALSE,HHS Region 2,2 wk ahead,2016/2017,49,4.5,0.8151
ReichLab_sarima_seasonal_difference_FALSE,HHS Region 2,2 wk ahead,2016/2017,50,6,0.9443
ReichLab_sarima_seasonal_difference_FALSE,HHS Region 2,2 wk ahead,2016/2017,51,5.3,0.8154
ReichLab_sarima_seasonal_difference_FALSE,HHS Region 2,2 wk ahead,2016/2017,52,5.1,0.6282
ReichLab_sarima_seasonal_difference_FALSE,HHS Region 2,2 wk ahead,2016/2017,1,5.7,0.6734
ReichLab_sarima_seasonal_difference_FALSE,HHS Region 2,2 wk ahead,2016/2017,2,6,0.7288
ReichLab_sarima_seasonal_difference_FALSE,HHS Region 2,2 wk ahead,2016/2017,3,6.5,0.9089
ReichLab_sarima_seasonal_difference_FALSE,HHS Region 2,2 wk ahead,2016/2017,4,6.9,0.7101
ReichLab_sarima_seasonal_difference_FALSE,HHS Region 2,2 wk ahead,2016/2017,5,5.7,0.4934
ReichLab_sarima_seasonal_difference_FALSE,HHS Region 2,2 wk ahead,2016/2017,6,4.7,0.2981
ReichLab_sarima_seasonal_difference_FALSE,HHS Region 2,2 wk ahead,2016/2017,7,3.1,0.1074
ReichLab_sarima_seasonal_difference_FALSE,HHS Region 2,2 wk ahead,2016/2017,8,3.1,0.1889
ReichLab_sarima_seasonal_difference_FALSE,HHS Region 2,2 wk ahead,2016/2017,9,3.3,0.5066
ReichLab_sarima_seasonal_difference_FALSE,HHS Region 2,2 wk ahead,2016/2017,10,3.1,0.6967
ReichLab_sarima_seasonal_difference_FALSE,HHS Region 2,2 wk ahead,2016/2017,11,3.7,0.926
ReichLab_sarima_seasonal_difference_FALSE,HHS Region 2,2 wk ahead,2016/2017,12,3.7,0.9224
ReichLab_sarima_seasonal_difference_FALSE,HHS Region 2,2 wk ahead,2016/2017,13,3.1,0.4044
ReichLab_sarima_seasonal_difference_FALSE,HHS Region 2,2 wk ahead,2016/2017,14,2.3,0.1787
ReichLab_sarima_seasonal_difference_FALSE,HHS Region 2,2 wk ahead,2016/2017,15,2.4,0.3682
ReichLab_sarima_seasonal_difference_FALSE,HHS Region 2,2 wk ahead,2016/2017,16,2,0.4422
ReichLab_sarima_seasonal_difference_FALSE,HHS Region 2,2 wk ahead,2016/2017,17,2,0.6489
ReichLab_sarima_seasonal_difference_FALSE,HHS Region 2,2 wk ahead,2016/2017,18,2.1,0.5488
ReichLab_sarima_seasonal_difference_FALSE,HHS Region 3,2 wk ahead,2016/2017,43,1.4,0.524
ReichLab_sarima_seasonal_difference_FALSE,HHS Region 3,2 wk ahead,2016/2017,44,1.4,0.5994
ReichLab_sarima_seasonal_difference_FALSE,HHS Region 3,2 wk ahead,2016/2017,45,1.7,0.5952
ReichLab_sarima_seasonal_difference_FALSE,HHS Region 3,2 wk ahead,2016/2017,46,1.5,0.6184
ReichLab_sarima_seasonal_difference_FALSE,HHS Region 3,2 wk ahead,2016/2017,47,1.6,0.4538
ReichLab_sarima_seasonal_difference_FALSE,HHS Region 3,2 wk ahead,2016/2017,48,1.9,0.4745
ReichLab_sarima_seasonal_difference_FALSE,HHS Region 3,2 wk ahead,2016/2017,49,2.2,0.6127
ReichLab_sarima_seasonal_difference_FALSE,HHS Region 3,2 wk ahead,2016/2017,50,3.1,0.8132
ReichLab_sarima_seasonal_difference_FALSE,HHS Region 3,2 wk ahead,2016/2017,51,2.7,0.708
ReichLab_sarima_seasonal_difference_FALSE,HHS Region 3,2 wk ahead,2016/2017,52,2.8,0.5592
ReichLab_sarima_seasonal_difference_FALSE,HHS Region 3,2 wk ahead,2016/2017,1,3.1,0.6284
ReichLab_sarima_seasonal_difference_FALSE,HHS Region 3,2 wk ahead,2016/2017,2,3.5,0.6543
ReichLab_sarima_seasonal_difference_FALSE,HHS Region 3,2 wk ahead,2016/2017,3,3.7,0.8217
ReichLab_sarima_seasonal_difference_FALSE,HHS Region 3,2 wk ahead,2016/2017,4,5.1,0.9191
ReichLab_sarima_seasonal_difference_FALSE,HHS Region 3,2 wk ahead,2016/2017,5,5.2,0.9131
ReichLab_sarima_seasonal_difference_FALSE,HHS Region 3,2 wk ahead,2016/2017,6,5,0.7672
ReichLab_sarima_seasonal_difference_FALSE,HHS Region 3,2 wk ahead,2016/2017,7,3.2,0.2463
ReichLab_sarima_seasonal_difference_FALSE,HHS Region 3,2 wk ahead,2016/2017,8,3.2,0.2622
ReichLab_sarima_seasonal_difference_FALSE,HHS Region 3,2 wk ahead,2016/2017,9,3.4,0.6836
ReichLab_sarima_seasonal_difference_FALSE,HHS Region 3,2 wk ahead,2016/2017,10,3,0.5289
ReichLab_sarima_seasonal_difference_FALSE,HHS Region 3,2 wk ahead,2016/2017,11,3.2,0.5992
ReichLab_sarima_seasonal_difference_FALSE,HHS Region 3,2 wk ahead,2016/2017,12,2.2,0.2284
ReichLab_sarima_seasonal_difference_FALSE,HHS Region 3,2 wk ahead,2016/2017,13,1.7,0.0745
ReichLab_sarima_seasonal_difference_FALSE,HHS Region 3,2 wk ahead,2016/2017,14,1.4,0.1017
ReichLab_sarima_seasonal_difference_FALSE,HHS Region 3,2 wk ahead,2016/2017,15,1.1,0.0946
ReichLab_sarima_seasonal_difference_FALSE,HHS Region 3,2 wk ahead,2016/2017,16,1,0.0933
ReichLab_sarima_seasonal_difference_FALSE,HHS Region 3,2 wk ahead,2016/2017,17,0.9,0.2388
ReichLab_sarima_seasonal_difference_FALSE,HHS Region 3,2 wk ahead,2016/2017,18,1,0.4106
ReichLab_sarima_seasonal_difference_FALSE,HHS Region 4,2 wk ahead,2016/2017,43,1.7,0.8035
ReichLab_sarima_seasonal_difference_FALSE,HHS Region 4,2 wk ahead,2016/2017,44,1.9,0.7678
ReichLab_sarima_seasonal_difference_FALSE,HHS Region 4,2 wk ahead,2016/2017,45,2.2,0.7683
ReichLab_sarima_seasonal_difference_FALSE,HHS Region 4,2 wk ahead,2016/2017,46,1.9,0.5454
ReichLab_sarima_seasonal_difference_FALSE,HHS Region 4,2 wk ahead,2016/2017,47,1.8,0.3773
ReichLab_sarima_seasonal_difference_FALSE,HHS Region 4,2 wk ahead,2016/2017,48,2.3,0.794
ReichLab_sarima_seasonal_difference_FALSE,HHS Region 4,2 wk ahead,2016/2017,49,2.9,0.9657
ReichLab_sarima_seasonal_difference_FALSE,HHS Region 4,2 wk ahead,2016/2017,50,3.4,0.928
ReichLab_sarima_seasonal_difference_FALSE,HHS Region 4,2 wk ahead,2016/2017,51,2.9,0.7371
ReichLab_sarima_seasonal_difference_FALSE,HHS Region 4,2 wk ahead,2016/2017,52,2.9,0.4713
ReichLab_sarima_seasonal_difference_FALSE,HHS Region 4,2 wk ahead,2016/2017,1,3.7,0.9072
ReichLab_sarima_seasonal_difference_FALSE,HHS Region 4,2 wk ahead,2016/2017,2,3.6,0.8694
ReichLab_sarima_seasonal_difference_FALSE,HHS Region 4,2 wk ahead,2016/2017,3,4.5,0.8768
ReichLab_sarima_seasonal_difference_FALSE,HHS Region 4,2 wk ahead,2016/2017,4,5.1,0.9374
ReichLab_sarima_seasonal_difference_FALSE,HHS Region 4,2 wk ahead,2016/2017,5,5.5,0.752
ReichLab_sarima_seasonal_difference_FALSE,HHS Region 4,2 wk ahead,2016/2017,6,5.5,0.7063
ReichLab_sarima_seasonal_difference_FALSE,HHS Region 4,2 wk ahead,2016/2017,7,4.6,0.4927
ReichLab_sarima_seasonal_difference_FALSE,HHS Region 4,2 wk ahead,2016/2017,8,4.5,0.3772
ReichLab_sarima_seasonal_difference_FALSE,HHS Region 4,2 wk ahead,2016/2017,9,3.9,0.6734
ReichLab_sarima_seasonal_difference_FALSE,HHS Region 4,2 wk ahead,2016/2017,10,4.7,0.8171
ReichLab_sarima_seasonal_difference_FALSE,HHS Region 4,2 wk ahead,2016/2017,11,3.7,0.7938
ReichLab_sarima_seasonal_difference_FALSE,HHS Region 4,2 wk ahead,2016/2017,12,2.8,0.1269
ReichLab_sarima_seasonal_difference_FALSE,HHS Region 4,2 wk ahead,2016/2017,13,2.2,0.0876
ReichLab_sarima_seasonal_difference_FALSE,HHS Region 4,2 wk ahead,2016/2017,14,1.8,0.1419
ReichLab_sarima_seasonal_difference_FALSE,HHS Region 4,2 wk ahead,2016/2017,15,1.5,0.4165
ReichLab_sarima_seasonal_difference_FALSE,HHS Region 4,2 wk ahead,2016/2017,16,1.3,0.4042
ReichLab_sarima_seasonal_difference_FALSE,HHS Region 4,2 wk ahead,2016/2017,17,1.4,0.7416
ReichLab_sarima_seasonal_difference_FALSE,HHS Region 4,2 wk ahead,2016/2017,18,1.3,0.7539
ReichLab_sarima_seasonal_difference_FALSE,HHS Region 5,2 wk ahead,2016/2017,43,1.2,0.6892
ReichLab_sarima_seasonal_difference_FALSE,HHS Region 5,2 wk ahead,2016/2017,44,1.2,0.6382
ReichLab_sarima_seasonal_difference_FALSE,HHS Region 5,2 wk ahead,2016/2017,45,1.3,0.4292
ReichLab_sarima_seasonal_difference_FALSE,HHS Region 5,2 wk ahead,2016/2017,46,1.2,0.4229
ReichLab_sarima_seasonal_difference_FALSE,HHS Region 5,2 wk ahead,2016/2017,47,1.5,0.5144
ReichLab_sarima_seasonal_difference_FALSE,HHS Region 5,2 wk ahead,2016/2017,48,1.6,0.6433
ReichLab_sarima_seasonal_difference_FALSE,HHS Region 5,2 wk ahead,2016/2017,49,1.8,0.6407
ReichLab_sarima_seasonal_difference_FALSE,HHS Region 5,2 wk ahead,2016/2017,50,2.4,0.9579
ReichLab_sarima_seasonal_difference_FALSE,HHS Region 5,2 wk ahead,2016/2017,51,2.1,0.9062
ReichLab_sarima_seasonal_difference_FALSE,HHS Region 5,2 wk ahead,2016/2017,52,2.1,0.5136
ReichLab_sarima_seasonal_difference_FALSE,HHS Region 5,2 wk ahead,2016/2017,1,2.4,0.8336
ReichLab_sarima_seasonal_difference_FALSE,HHS Region 5,2 wk ahead,2016/2017,2,2.8,0.9198
ReichLab_sarima_seasonal_difference_FALSE,HHS Region 5,2 wk ahead,2016/2017,3,3.2,0.8867
ReichLab_sarima_seasonal_difference_FALSE,HHS Region 5,2 wk ahead,2016/2017,4,3.9,0.9198
ReichLab_sarima_seasonal_difference_FALSE,HHS Region 5,2 wk ahead,2016/2017,5,4.3,0.8902
ReichLab_sarima_seasonal_difference_FALSE,HHS Region 5,2 wk ahead,2016/2017,6,4.3,0.7609
ReichLab_sarima_seasonal_difference_FALSE,HHS Region 5,2 wk ahead,2016/2017,7,3,0.261
ReichLab_sarima_seasonal_difference_FALSE,HHS Region 5,2 wk ahead,2016/2017,8,3.3,0.2565
ReichLab_sarima_seasonal_difference_FALSE,HHS Region 5,2 wk ahead,2016/2017,9,3,0.62
ReichLab_sarima_seasonal_difference_FALSE,HHS Region 5,2 wk ahead,2016/2017,10,2.8,0.5279
ReichLab_sarima_seasonal_difference_FALSE,HHS Region 5,2 wk ahead,2016/2017,11,2.4,0.3901
ReichLab_sarima_seasonal_difference_FALSE,HHS Region 5,2 wk ahead,2016/2017,12,2.1,0.3193
ReichLab_sarima_seasonal_difference_FALSE,HHS Region 5,2 wk ahead,2016/2017,13,1.6,0.327
ReichLab_sarima_seasonal_difference_FALSE,HHS Region 5,2 wk ahead,2016/2017,14,1.4,0.2522
ReichLab_sarima_seasonal_difference_FALSE,HHS Region 5,2 wk ahead,2016/2017,15,1.3,0.4131
ReichLab_sarima_seasonal_difference_FALSE,HHS Region 5,2 wk ahead,2016/2017,16,1.1,0.4194
ReichLab_sarima_seasonal_difference_FALSE,HHS Region 5,2 wk ahead,2016/2017,17,1.1,0.6538
ReichLab_sarima_seasonal_difference_FALSE,HHS Region 5,2 wk ahead,2016/2017,18,0.9,0.2371
ReichLab_sarima_seasonal_difference_FALSE,HHS Region 6,2 wk ahead,2016/2017,43,2.1,0.557
ReichLab_sarima_seasonal_difference_FALSE,HHS Region 6,2 wk ahead,2016/2017,44,2.3,0.5544
ReichLab_sarima_seasonal_difference_FALSE,HHS Region 6,2 wk ahead,2016/2017,45,2.5,0.4618
ReichLab_sarima_seasonal_difference_FALSE,HHS Region 6,2 wk ahead,2016/2017,46,2.5,0.5561
ReichLab_sarima_seasonal_difference_FALSE,HHS Region 6,2 wk ahead,2016/2017,47,2.9,0.5516
ReichLab_sarima_seasonal_difference_FALSE,HHS Region 6,2 wk ahead,2016/2017,48,3.4,0.5963
ReichLab_sarima_seasonal_difference_FALSE,HHS Region 6,2 wk ahead,2016/2017,49,3.9,0.7323
ReichLab_sarima_seasonal_difference_FALSE,HHS Region 6,2 wk ahead,2016/2017,50,4.2,0.7017
ReichLab_sarima_seasonal_difference_FALSE,HHS Region 6,2 wk ahead,2016/2017,51,4.1,0.5755
ReichLab_sarima_seasonal_difference_FALSE,HHS Region 6,2 wk ahead,2016/2017,52,4.9,0.7425
ReichLab_sarima_seasonal_difference_FALSE,HHS Region 6,2 wk ahead,2016/2017,1,5.3,0.7696
ReichLab_sarima_seasonal_difference_FALSE,HHS Region 6,2 wk ahead,2016/2017,2,6.1,0.8141
ReichLab_sarima_seasonal_difference_FALSE,HHS Region 6,2 wk ahead,2016/2017,3,8.2,0.9009
ReichLab_sarima_seasonal_difference_FALSE,HHS Region 6,2 wk ahead,2016/2017,4,9.9,0.9218
ReichLab_sarima_seasonal_difference_FALSE,HHS Region 6,2 wk ahead,2016/2017,5,8.9,0.7728
ReichLab_sarima_seasonal_difference_FALSE,HHS Region 6,2 wk ahead,2016/2017,6,8.2,0.6476
ReichLab_sarima_seasonal_difference_FALSE,HHS Region 6,2 wk ahead,2016/2017,7,6.9,0.5773
ReichLab_sarima_seasonal_difference_FALSE,HHS Region 6,2 wk ahead,2016/2017,8,6.5,0.5231
ReichLab_sarima_seasonal_difference_FALSE,HHS Region 6,2 wk ahead,2016/2017,9,5.4,0.546
ReichLab_sarima_seasonal_difference_FALSE,HHS Region 6,2 wk ahead,2016/2017,10,4.4,0.3824
ReichLab_sarima_seasonal_difference_FALSE,HHS Region 6,2 wk ahead,2016/2017,11,3.7,0.3985
ReichLab_sarima_seasonal_difference_FALSE,HHS Region 6,2 wk ahead,2016/2017,12,3.4,0.4799
ReichLab_sarima_seasonal_difference_FALSE,HHS Region 6,2 wk ahead,2016/2017,13,3,0.4565
ReichLab_sarima_seasonal_difference_FALSE,HHS Region 6,2 wk ahead,2016/2017,14,2.9,0.5475
ReichLab_sarima_seasonal_difference_FALSE,HHS Region 6,2 wk ahead,2016/2017,15,2.5,0.4429
ReichLab_sarima_seasonal_difference_FALSE,HHS Region 6,2 wk ahead,2016/2017,16,2.4,0.3162
ReichLab_sarima_seasonal_difference_FALSE,HHS Region 6,2 wk ahead,2016/2017,17,1.7,0.2845
ReichLab_sarima_seasonal_difference_FALSE,HHS Region 6,2 wk ahead,2016/2017,18,2.2,0.4162
ReichLab_sarima_seasonal_difference_FALSE,HHS Region 7,2 wk ahead,2016/2017,43,0.9,0.5967
ReichLab_sarima_seasonal_difference_FALSE,HHS Region 7,2 wk ahead,2016/2017,44,1,0.4877
ReichLab_sarima_seasonal_difference_FALSE,HHS Region 7,2 wk ahead,2016/2017,45,1.4,0.6627
ReichLab_sarima_seasonal_difference_FALSE,HHS Region 7,2 wk ahead,2016/2017,46,1.4,0.8685
ReichLab_sarima_seasonal_difference_FALSE,HHS Region 7,2 wk ahead,2016/2017,47,1.3,0.4962
ReichLab_sarima_seasonal_difference_FALSE,HHS Region 7,2 wk ahead,2016/2017,48,1.3,0.3754
ReichLab_sarima_seasonal_difference_FALSE,HHS Region 7,2 wk ahead,2016/2017,49,1.8,0.7706
ReichLab_sarima_seasonal_difference_FALSE,HHS Region 7,2 wk ahead,2016/2017,50,2.7,0.9514
ReichLab_sarima_seasonal_difference_FALSE,HHS Region 7,2 wk ahead,2016/2017,51,2.9,0.8802
ReichLab_sarima_seasonal_difference_FALSE,HHS Region 7,2 wk ahead,2016/2017,52,2.8,0.466
ReichLab_sarima_seasonal_difference_FALSE,HHS Region 7,2 wk ahead,2016/2017,1,3.5,0.7577
ReichLab_sarima_seasonal_difference_FALSE,HHS Region 7,2 wk ahead,2016/2017,2,4.6,0.8268
ReichLab_sarima_seasonal_difference_FALSE,HHS Region 7,2 wk ahead,2016/2017,3,5.5,0.9268
ReichLab_sarima_seasonal_difference_FALSE,HHS Region 7,2 wk ahead,2016/2017,4,6.4,0.9038
ReichLab_sarima_seasonal_difference_FALSE,HHS Region 7,2 wk ahead,2016/2017,5,4.9,0.5622
ReichLab_sarima_seasonal_difference_FALSE,HHS Region 7,2 wk ahead,2016/2017,6,4,0.3403
ReichLab_sarima_seasonal_difference_FALSE,HHS Region 7,2 wk ahead,2016/2017,7,2.8,0.2388
ReichLab_sarima_seasonal_difference_FALSE,HHS Region 7,2 wk ahead,2016/2017,8,2.8,0.3242
ReichLab_sarima_seasonal_difference_FALSE,HHS Region 7,2 wk ahead,2016/2017,9,2.4,0.5179
ReichLab_sarima_seasonal_difference_FALSE,HHS Region 7,2 wk ahead,2016/2017,10,2,0.3364
ReichLab_sarima_seasonal_difference_FALSE,HHS Region 7,2 wk ahead,2016/2017,11,1.7,0.3563
ReichLab_sarima_seasonal_difference_FALSE,HHS Region 7,2 wk ahead,2016/2017,12,1.4,0.3357
ReichLab_sarima_seasonal_difference_FALSE,HHS Region 7,2 wk ahead,2016/2017,13,1,0.2351
ReichLab_sarima_seasonal_difference_FALSE,HHS Region 7,2 wk ahead,2016/2017,14,0.9,0.2192
ReichLab_sarima_seasonal_difference_FALSE,HHS Region 7,2 wk ahead,2016/2017,15,0.8,0.3269
ReichLab_sarima_seasonal_difference_FALSE,HHS Region 7,2 wk ahead,2016/2017,16,0.8,0.5365
ReichLab_sarima_seasonal_difference_FALSE,HHS Region 7,2 wk ahead,2016/2017,17,0.5,0.2209
ReichLab_sarima_seasonal_difference_FALSE,HHS Region 7,2 wk ahead,2016/2017,18,0.3,0.0306
ReichLab_sarima_seasonal_difference_FALSE,HHS Region 8,2 wk ahead,2016/2017,43,0.7,0.4406
ReichLab_sarima_seasonal_difference_FALSE,HHS Region 8,2 wk ahead,2016/2017,44,0.9,0.8227
ReichLab_sarima_seasonal_difference_FALSE,HHS Region 8,2 wk ahead,2016/2017,45,0.8,0.5256
ReichLab_sarima_seasonal_difference_FALSE,HHS Region 8,2 wk ahead,2016/2017,46,1.3,0.7924
ReichLab_sarima_seasonal_difference_FALSE,HHS Region 8,2 wk ahead,2016/2017,47,1.1,0.7809
ReichLab_sarima_seasonal_difference_FALSE,HHS Region 8,2 wk ahead,2016/2017,48,1.3,0.6068
ReichLab_sarima_seasonal_difference_FALSE,HHS Region 8,2 wk ahead,2016/2017,49,2.1,0.9043
ReichLab_sarima_seasonal_difference_FALSE,HHS Region 8,2 wk ahead,2016/2017,50,1.5,0.6136
ReichLab_sarima_seasonal_difference_FALSE,HHS Region 8,2 wk ahead,2016/2017,51,2.3,0.7496
ReichLab_sarima_seasonal_difference_FALSE,HHS Region 8,2 wk ahead,2016/2017,52,1.9,0.793
ReichLab_sarima_seasonal_difference_FALSE,HHS Region 8,2 wk ahead,2016/2017,1,2.3,0.7977
ReichLab_sarima_seasonal_difference_FALSE,HHS Region 8,2 wk ahead,2016/2017,2,2.1,0.6871
ReichLab_sarima_seasonal_difference_FALSE,HHS Region 8,2 wk ahead,2016/2017,3,2.3,0.6314
ReichLab_sarima_seasonal_difference_FALSE,HHS Region 8,2 wk ahead,2016/2017,4,2.3,0.6207
ReichLab_sarima_seasonal_difference_FALSE,HHS Region 8,2 wk ahead,2016/2017,5,2.7,0.672
ReichLab_sarima_seasonal_difference_FALSE,HHS Region 8,2 wk ahead,2016/2017,6,1.6,0.4069
ReichLab_sarima_seasonal_difference_FALSE,HHS Region 8,2 wk ahead,2016/2017,7,1.5,0.2465
ReichLab_sarima_seasonal_difference_FALSE,HHS Region 8,2 wk ahead,2016/2017,8,1.4,0.487
ReichLab_sarima_seasonal_difference_FALSE,HHS Region 8,2 wk ahead,2016/2017,9,1.1,0.3933
ReichLab_sarima_seasonal_difference_FALSE,HHS Region 8,2 wk ahead,2016/2017,10,1.3,0.5065
ReichLab_sarima_seasonal_difference_FALSE,HHS Region 8,2 wk ahead,2016/2017,11,1.1,0.5904
ReichLab_sarima_seasonal_difference_FALSE,HHS Region 8,2 wk ahead,2016/2017,12,1.1,0.4334
ReichLab_sarima_seasonal_difference_FALSE,HHS Region 8,2 wk ahead,2016/2017,13,0.9,0.4252
ReichLab_sarima_seasonal_difference_FALSE,HHS Region 8,2 wk ahead,2016/2017,14,0.9,0.4859
ReichLab_sarima_seasonal_difference_FALSE,HHS Region 8,2 wk ahead,2016/2017,15,1,0.6252
ReichLab_sarima_seasonal_difference_FALSE,HHS Region 8,2 wk ahead,2016/2017,16,1,0.6973
ReichLab_sarima_seasonal_difference_FALSE,HHS Region 8,2 wk ahead,2016/2017,17,0.6,0.2809
ReichLab_sarima_seasonal_difference_FALSE,HHS Region 8,2 wk ahead,2016/2017,18,0.8,0.4187
ReichLab_sarima_seasonal_difference_FALSE,HHS Region 9,2 wk ahead,2016/2017,43,1.6,0.8585
ReichLab_sarima_seasonal_difference_FALSE,HHS Region 9,2 wk ahead,2016/2017,44,1.7,0.844
ReichLab_sarima_seasonal_difference_FALSE,HHS Region 9,2 wk ahead,2016/2017,45,2,0.8696
ReichLab_sarima_seasonal_difference_FALSE,HHS Region 9,2 wk ahead,2016/2017,46,1.9,0.8695
ReichLab_sarima_seasonal_difference_FALSE,HHS Region 9,2 wk ahead,2016/2017,47,2,0.9374
ReichLab_sarima_seasonal_difference_FALSE,HHS Region 9,2 wk ahead,2016/2017,48,2.3,0.9296
ReichLab_sarima_seasonal_difference_FALSE,HHS Region 9,2 wk ahead,2016/2017,49,2.8,0.7903
ReichLab_sarima_seasonal_difference_FALSE,HHS Region 9,2 wk ahead,2016/2017,50,3.3,0.8005
ReichLab_sarima_seasonal_difference_FALSE,HHS Region 9,2 wk ahead,2016/2017,51,3.1,0.6197
ReichLab_sarima_seasonal_difference_FALSE,HHS Region 9,2 wk ahead,2016/2017,52,2.8,0.7189
ReichLab_sarima_seasonal_difference_FALSE,HHS Region 9,2 wk ahead,2016/2017,1,2.7,0.3829
ReichLab_sarima_seasonal_difference_FALSE,HHS Region 9,2 wk ahead,2016/2017,2,3,0.5824
ReichLab_sarima_seasonal_difference_FALSE,HHS Region 9,2 wk ahead,2016/2017,3,3.1,0.6972
ReichLab_sarima_seasonal_difference_FALSE,HHS Region 9,2 wk ahead,2016/2017,4,2.7,0.4574
ReichLab_sarima_seasonal_difference_FALSE,HHS Region 9,2 wk ahead,2016/2017,5,2.5,0.2497
ReichLab_sarima_seasonal_difference_FALSE,HHS Region 9,2 wk ahead,2016/2017,6,2.5,0.4605
ReichLab_sarima_seasonal_difference_FALSE,HHS Region 9,2 wk ahead,2016/2017,7,2.3,0.6862
ReichLab_sarima_seasonal_difference_FALSE,HHS Region 9,2 wk ahead,2016/2017,8,2.3,0.4668
ReichLab_sarima_seasonal_difference_FALSE,HHS Region 9,2 wk ahead,2016/2017,9,2.3,0.525
ReichLab_sarima_seasonal_difference_FALSE,HHS Region 9,2 wk ahead,2016/2017,10,2.1,0.4419
ReichLab_sarima_seasonal_difference_FALSE,HHS Region 9,2 wk ahead,2016/2017,11,2.1,0.4325
ReichLab_sarima_seasonal_difference_FALSE,HHS Region 9,2 wk ahead,2016/2017,12,1.9,0.4676
ReichLab_sarima_seasonal_difference_FALSE,HHS Region 9,2 wk ahead,2016/2017,13,1.7,0.6947
ReichLab_sarima_seasonal_difference_FALSE,HHS Region 9,2 wk ahead,2016/2017,14,1.7,0.3768
ReichLab_sarima_seasonal_difference_FALSE,HHS Region 9,2 wk ahead,2016/2017,15,1.8,0.6281
ReichLab_sarima_seasonal_difference_FALSE,HHS Region 9,2 wk ahead,2016/2017,16,1.7,0.4313
ReichLab_sarima_seasonal_difference_FALSE,HHS Region 9,2 wk ahead,2016/2017,17,1.6,0.6762
ReichLab_sarima_seasonal_difference_FALSE,HHS Region 9,2 wk ahead,2016/2017,18,1.6,0.4182
ReichLab_sarima_seasonal_difference_FALSE,HHS Region 10,2 wk ahead,2016/2017,43,0.7,0.7037
ReichLab_sarima_seasonal_difference_FALSE,HHS Region 10,2 wk ahead,2016/2017,44,0.6,0.5987
ReichLab_sarima_seasonal_difference_FALSE,HHS Region 10,2 wk ahead,2016/2017,45,0.8,0.6944
ReichLab_sarima_seasonal_difference_FALSE,HHS Region 10,2 wk ahead,2016/2017,46,0.8,0.7068
ReichLab_sarima_seasonal_difference_FALSE,HHS Region 10,2 wk ahead,2016/2017,47,0.7,0.3167
ReichLab_sarima_seasonal_difference_FALSE,HHS Region 10,2 wk ahead,2016/2017,48,1.5,0.8804
ReichLab_sarima_seasonal_difference_FALSE,HHS Region 10,2 wk ahead,2016/2017,49,2.1,0.9824
ReichLab_sarima_seasonal_difference_FALSE,HHS Region 10,2 wk ahead,2016/2017,50,3.7,0.9798
ReichLab_sarima_seasonal_difference_FALSE,HHS Region 10,2 wk ahead,2016/2017,51,3,0.8754
ReichLab_sarima_seasonal_difference_FALSE,HHS Region 10,2 wk ahead,2016/2017,52,2.2,0.2655
ReichLab_sarima_seasonal_difference_FALSE,HHS Region 10,2 wk ahead,2016/2017,1,3.3,0.6162
ReichLab_sarima_seasonal_difference_FALSE,HHS Region 10,2 wk ahead,2016/2017,2,2.5,0.655
ReichLab_sarima_seasonal_difference_FALSE,HHS Region 10,2 wk ahead,2016/2017,3,2.3,0.4622
ReichLab_sarima_seasonal_difference_FALSE,HHS Region 10,2 wk ahead,2016/2017,4,2,0.4793
ReichLab_sarima_seasonal_difference_FALSE,HHS Region 10,2 wk ahead,2016/2017,5,1.8,0.3723
ReichLab_sarima_seasonal_difference_FALSE,HHS Region 10,2 wk ahead,2016/2017,6,1.5,0.2911
ReichLab_sarima_seasonal_difference_FALSE,HHS Region 10,2 wk ahead,2016/2017,7,1.5,0.4005
ReichLab_sarima_seasonal_difference_FALSE,HHS Region 10,2 wk ahead,2016/2017,8,1,0.3252
ReichLab_sarima_seasonal_difference_FALSE,HHS Region 10,2 wk ahead,2016/2017,9,1.3,0.713
ReichLab_sarima_seasonal_difference_FALSE,HHS Region 10,2 wk ahead,2016/2017,10,0.9,0.6573
ReichLab_sarima_seasonal_difference_FALSE,HHS Region 10,2 wk ahead,2016/2017,11,0.9,0.3386
ReichLab_sarima_seasonal_difference_FALSE,HHS Region 10,2 wk ahead,2016/2017,12,0.8,0.3057
ReichLab_sarima_seasonal_difference_FALSE,HHS Region 10,2 wk ahead,2016/2017,13,0.7,0.3872
ReichLab_sarima_seasonal_difference_FALSE,HHS Region 10,2 wk ahead,2016/2017,14,0.6,0.2569
ReichLab_sarima_seasonal_difference_FALSE,HHS Region 10,2 wk ahead,2016/2017,15,0.5,0.2905
ReichLab_sarima_seasonal_difference_FALSE,HHS Region 10,2 wk ahead,2016/2017,16,0.7,0.6534
ReichLab_sarima_seasonal_difference_FALSE,HHS Region 10,2 wk ahead,2016/2017,17,0.5,0.5321
ReichLab_sarima_seasonal_difference_FALSE,HHS Region 10,2 wk ahead,2016/2017,18,0.6,0.4347
