model_name,location,target,season,calendar_week,valid.bin_start_incl,cdf
target-based-weights,US National,2 wk ahead,2016/2017,43,1.6,0.70181860337
target-based-weights,US National,2 wk ahead,2016/2017,44,1.6,0.53997136477
target-based-weights,US National,2 wk ahead,2016/2017,45,1.9,0.59604174655
target-based-weights,US National,2 wk ahead,2016/2017,46,1.8,0.48124292741
target-based-weights,US National,2 wk ahead,2016/2017,47,1.9,0.311583261262
target-based-weights,US National,2 wk ahead,2016/2017,48,2.2,0.54524405253
target-based-weights,US National,2 wk ahead,2016/2017,49,2.7,0.58541923333
target-based-weights,US National,2 wk ahead,2016/2017,50,3.4,0.806759048384
target-based-weights,US National,2 wk ahead,2016/2017,51,3.1,0.527723181764
target-based-weights,US National,2 wk ahead,2016/2017,52,3.1,0.48056427
target-based-weights,US National,2 wk ahead,2016/2017,1,3.5,0.644782513903
target-based-weights,US National,2 wk ahead,2016/2017,2,3.8,0.726821144369
target-based-weights,US National,2 wk ahead,2016/2017,3,4.4,0.886808814018
target-based-weights,US National,2 wk ahead,2016/2017,4,5.1,0.948223191403
target-based-weights,US National,2 wk ahead,2016/2017,5,4.9,0.76119729706
target-based-weights,US National,2 wk ahead,2016/2017,6,4.6,0.419526966169
target-based-weights,US National,2 wk ahead,2016/2017,7,3.6,0.18027828662
target-based-weights,US National,2 wk ahead,2016/2017,8,3.5,0.3077279693
target-based-weights,US National,2 wk ahead,2016/2017,9,3.2,0.71782951319
target-based-weights,US National,2 wk ahead,2016/2017,10,3.1,0.69933281751
target-based-weights,US National,2 wk ahead,2016/2017,11,2.8,0.62400807416
target-based-weights,US National,2 wk ahead,2016/2017,12,2.4,0.41501237175
target-based-weights,US National,2 wk ahead,2016/2017,13,2,0.20130003811
target-based-weights,US National,2 wk ahead,2016/2017,14,1.8,0.26058240401
target-based-weights,US National,2 wk ahead,2016/2017,15,1.6,0.37062073162
target-based-weights,US National,2 wk ahead,2016/2017,16,1.4,0.22325494768
target-based-weights,US National,2 wk ahead,2016/2017,17,1.3,0.51857814848
target-based-weights,US National,2 wk ahead,2016/2017,18,1.3,0.47638597246
target-based-weights,HHS Region 1,2 wk ahead,2016/2017,43,0.9,0.8244403141
target-based-weights,HHS Region 1,2 wk ahead,2016/2017,44,0.9,0.6561501528
target-based-weights,HHS Region 1,2 wk ahead,2016/2017,45,1,0.4165351613
target-based-weights,HHS Region 1,2 wk ahead,2016/2017,46,0.9,0.3568407204
target-based-weights,HHS Region 1,2 wk ahead,2016/2017,47,0.9,0.23667659293
target-based-weights,HHS Region 1,2 wk ahead,2016/2017,48,1,0.46021489612
target-based-weights,HHS Region 1,2 wk ahead,2016/2017,49,1.2,0.48093507561
target-based-weights,HHS Region 1,2 wk ahead,2016/2017,50,1.4,0.42863385189
target-based-weights,HHS Region 1,2 wk ahead,2016/2017,51,1.6,0.6118772718
target-based-weights,HHS Region 1,2 wk ahead,2016/2017,52,1.5,0.431764297
target-based-weights,HHS Region 1,2 wk ahead,2016/2017,1,1.7,0.45299705004
target-based-weights,HHS Region 1,2 wk ahead,2016/2017,2,2.1,0.7954959551
target-based-weights,HHS Region 1,2 wk ahead,2016/2017,3,2.5,0.84698833573
target-based-weights,HHS Region 1,2 wk ahead,2016/2017,4,3.2,0.91081412685
target-based-weights,HHS Region 1,2 wk ahead,2016/2017,5,3,0.603909398107
target-based-weights,HHS Region 1,2 wk ahead,2016/2017,6,3,0.466376999913
target-based-weights,HHS Region 1,2 wk ahead,2016/2017,7,2.2,0.299197525926
target-based-weights,HHS Region 1,2 wk ahead,2016/2017,8,2.1,0.24762870296
target-based-weights,HHS Region 1,2 wk ahead,2016/2017,9,2.1,0.7015594143
target-based-weights,HHS Region 1,2 wk ahead,2016/2017,10,1.9,0.61582728831
target-based-weights,HHS Region 1,2 wk ahead,2016/2017,11,2,0.82732881791
target-based-weights,HHS Region 1,2 wk ahead,2016/2017,12,2.2,0.90646634036
target-based-weights,HHS Region 1,2 wk ahead,2016/2017,13,1.8,0.72238793021
target-based-weights,HHS Region 1,2 wk ahead,2016/2017,14,1.5,0.48451896966
target-based-weights,HHS Region 1,2 wk ahead,2016/2017,15,1.1,0.37856181478
target-based-weights,HHS Region 1,2 wk ahead,2016/2017,16,0.9,0.16074015089
target-based-weights,HHS Region 1,2 wk ahead,2016/2017,17,0.7,0.3334836625
target-based-weights,HHS Region 1,2 wk ahead,2016/2017,18,0.7,0.33282466515
target-based-weights,HHS Region 2,2 wk ahead,2016/2017,43,2.5,0.680562589498
target-based-weights,HHS Region 2,2 wk ahead,2016/2017,44,2.5,0.649931488205
target-based-weights,HHS Region 2,2 wk ahead,2016/2017,45,3.3,0.852285328307
target-based-weights,HHS Region 2,2 wk ahead,2016/2017,46,3.2,0.649507794835
target-based-weights,HHS Region 2,2 wk ahead,2016/2017,47,3.3,0.293719231884
target-based-weights,HHS Region 2,2 wk ahead,2016/2017,48,3.4,0.309976025255
target-based-weights,HHS Region 2,2 wk ahead,2016/2017,49,4.5,0.534546140038
target-based-weights,HHS Region 2,2 wk ahead,2016/2017,50,6,0.94403962707
target-based-weights,HHS Region 2,2 wk ahead,2016/2017,51,5.3,0.812070773557
target-based-weights,HHS Region 2,2 wk ahead,2016/2017,52,5.1,0.547312015
target-based-weights,HHS Region 2,2 wk ahead,2016/2017,1,5.7,0.697881914884
target-based-weights,HHS Region 2,2 wk ahead,2016/2017,2,6,0.853259354215
target-based-weights,HHS Region 2,2 wk ahead,2016/2017,3,6.5,0.931533014707
target-based-weights,HHS Region 2,2 wk ahead,2016/2017,4,6.9,0.824655531224
target-based-weights,HHS Region 2,2 wk ahead,2016/2017,5,5.7,0.564908206721
target-based-weights,HHS Region 2,2 wk ahead,2016/2017,6,4.7,0.131413851845
target-based-weights,HHS Region 2,2 wk ahead,2016/2017,7,3.1,0.015439004728
target-based-weights,HHS Region 2,2 wk ahead,2016/2017,8,3.1,0.192792177283
target-based-weights,HHS Region 2,2 wk ahead,2016/2017,9,3.3,0.703103424132
target-based-weights,HHS Region 2,2 wk ahead,2016/2017,10,3.1,0.836954013213
target-based-weights,HHS Region 2,2 wk ahead,2016/2017,11,3.7,0.97563491611
target-based-weights,HHS Region 2,2 wk ahead,2016/2017,12,3.7,0.951371839505
target-based-weights,HHS Region 2,2 wk ahead,2016/2017,13,3.1,0.551801594941
target-based-weights,HHS Region 2,2 wk ahead,2016/2017,14,2.3,0.134339145872
target-based-weights,HHS Region 2,2 wk ahead,2016/2017,15,2.4,0.298992439786
target-based-weights,HHS Region 2,2 wk ahead,2016/2017,16,2,0.40176149752
target-based-weights,HHS Region 2,2 wk ahead,2016/2017,17,2,0.61410067326
target-based-weights,HHS Region 2,2 wk ahead,2016/2017,18,2.1,0.6489390679
target-based-weights,HHS Region 3,2 wk ahead,2016/2017,43,1.4,0.62633637321
target-based-weights,HHS Region 3,2 wk ahead,2016/2017,44,1.4,0.60865982728
target-based-weights,HHS Region 3,2 wk ahead,2016/2017,45,1.7,0.5541971393
target-based-weights,HHS Region 3,2 wk ahead,2016/2017,46,1.5,0.26149102732
target-based-weights,HHS Region 3,2 wk ahead,2016/2017,47,1.6,0.13749544444
target-based-weights,HHS Region 3,2 wk ahead,2016/2017,48,1.9,0.317262125883
target-based-weights,HHS Region 3,2 wk ahead,2016/2017,49,2.2,0.324170180946
target-based-weights,HHS Region 3,2 wk ahead,2016/2017,50,3.1,0.645507810127
target-based-weights,HHS Region 3,2 wk ahead,2016/2017,51,2.7,0.3974130694
target-based-weights,HHS Region 3,2 wk ahead,2016/2017,52,2.8,0.269878519083
target-based-weights,HHS Region 3,2 wk ahead,2016/2017,1,3.1,0.465241020914
target-based-weights,HHS Region 3,2 wk ahead,2016/2017,2,3.5,0.568966387041
target-based-weights,HHS Region 3,2 wk ahead,2016/2017,3,3.7,0.73602121699
target-based-weights,HHS Region 3,2 wk ahead,2016/2017,4,5.1,0.887578173708
target-based-weights,HHS Region 3,2 wk ahead,2016/2017,5,5.2,0.896527763325
target-based-weights,HHS Region 3,2 wk ahead,2016/2017,6,5,0.594149692027
target-based-weights,HHS Region 3,2 wk ahead,2016/2017,7,3.2,0.050453957632
target-based-weights,HHS Region 3,2 wk ahead,2016/2017,8,3.2,0.102251859969
target-based-weights,HHS Region 3,2 wk ahead,2016/2017,9,3.4,0.7577743812
target-based-weights,HHS Region 3,2 wk ahead,2016/2017,10,3,0.74537598781
target-based-weights,HHS Region 3,2 wk ahead,2016/2017,11,3.2,0.86469913699
target-based-weights,HHS Region 3,2 wk ahead,2016/2017,12,2.2,0.29381363809
target-based-weights,HHS Region 3,2 wk ahead,2016/2017,13,1.7,0.033421176878
target-based-weights,HHS Region 3,2 wk ahead,2016/2017,14,1.4,0.03371098321
target-based-weights,HHS Region 3,2 wk ahead,2016/2017,15,1.1,0.0805320272
target-based-weights,HHS Region 3,2 wk ahead,2016/2017,16,1,0.04789449471
target-based-weights,HHS Region 3,2 wk ahead,2016/2017,17,0.9,0.087016299
target-based-weights,HHS Region 3,2 wk ahead,2016/2017,18,1,0.1697994445
target-based-weights,HHS Region 4,2 wk ahead,2016/2017,43,1.7,0.84381298368
target-based-weights,HHS Region 4,2 wk ahead,2016/2017,44,1.9,0.80160195476
target-based-weights,HHS Region 4,2 wk ahead,2016/2017,45,2.2,0.81398061467
target-based-weights,HHS Region 4,2 wk ahead,2016/2017,46,1.9,0.32083193141
target-based-weights,HHS Region 4,2 wk ahead,2016/2017,47,1.8,0.112598334244
target-based-weights,HHS Region 4,2 wk ahead,2016/2017,48,2.3,0.475118552999
target-based-weights,HHS Region 4,2 wk ahead,2016/2017,49,2.9,0.75429493272
target-based-weights,HHS Region 4,2 wk ahead,2016/2017,50,3.4,0.812213029147
target-based-weights,HHS Region 4,2 wk ahead,2016/2017,51,2.9,0.6227530011
target-based-weights,HHS Region 4,2 wk ahead,2016/2017,52,2.9,0.481313560349
target-based-weights,HHS Region 4,2 wk ahead,2016/2017,1,3.7,0.9483612079
target-based-weights,HHS Region 4,2 wk ahead,2016/2017,2,3.6,0.87352189241
target-based-weights,HHS Region 4,2 wk ahead,2016/2017,3,4.5,0.89202713954
target-based-weights,HHS Region 4,2 wk ahead,2016/2017,4,5.1,0.961814677708
target-based-weights,HHS Region 4,2 wk ahead,2016/2017,5,5.5,0.917378581268
target-based-weights,HHS Region 4,2 wk ahead,2016/2017,6,5.5,0.89591882664
target-based-weights,HHS Region 4,2 wk ahead,2016/2017,7,4.6,0.50589473074
target-based-weights,HHS Region 4,2 wk ahead,2016/2017,8,4.5,0.600506985465
target-based-weights,HHS Region 4,2 wk ahead,2016/2017,9,3.9,0.715301483161
target-based-weights,HHS Region 4,2 wk ahead,2016/2017,10,4.7,0.88550295376
target-based-weights,HHS Region 4,2 wk ahead,2016/2017,11,3.7,0.79258229952
target-based-weights,HHS Region 4,2 wk ahead,2016/2017,12,2.8,0.28415872912
target-based-weights,HHS Region 4,2 wk ahead,2016/2017,13,2.2,0.187729198434
target-based-weights,HHS Region 4,2 wk ahead,2016/2017,14,1.8,0.17005661576
target-based-weights,HHS Region 4,2 wk ahead,2016/2017,15,1.5,0.31138119613
target-based-weights,HHS Region 4,2 wk ahead,2016/2017,16,1.3,0.33038942167
target-based-weights,HHS Region 4,2 wk ahead,2016/2017,17,1.4,0.6901495553
target-based-weights,HHS Region 4,2 wk ahead,2016/2017,18,1.3,0.70039453422
target-based-weights,HHS Region 5,2 wk ahead,2016/2017,43,1.2,0.56830758207
target-based-weights,HHS Region 5,2 wk ahead,2016/2017,44,1.2,0.47388885413
target-based-weights,HHS Region 5,2 wk ahead,2016/2017,45,1.3,0.25068739681
target-based-weights,HHS Region 5,2 wk ahead,2016/2017,46,1.2,0.3406890794
target-based-weights,HHS Region 5,2 wk ahead,2016/2017,47,1.5,0.57480061042
target-based-weights,HHS Region 5,2 wk ahead,2016/2017,48,1.6,0.73353853582
target-based-weights,HHS Region 5,2 wk ahead,2016/2017,49,1.8,0.44092562004
target-based-weights,HHS Region 5,2 wk ahead,2016/2017,50,2.4,0.750498349864
target-based-weights,HHS Region 5,2 wk ahead,2016/2017,51,2.1,0.50899118291
target-based-weights,HHS Region 5,2 wk ahead,2016/2017,52,2.1,0.21940609232
target-based-weights,HHS Region 5,2 wk ahead,2016/2017,1,2.4,0.64883616047
target-based-weights,HHS Region 5,2 wk ahead,2016/2017,2,2.8,0.78592510566
target-based-weights,HHS Region 5,2 wk ahead,2016/2017,3,3.2,0.80653155161
target-based-weights,HHS Region 5,2 wk ahead,2016/2017,4,3.9,0.94212168663
target-based-weights,HHS Region 5,2 wk ahead,2016/2017,5,4.3,0.93191340571
target-based-weights,HHS Region 5,2 wk ahead,2016/2017,6,4.3,0.819125197771
target-based-weights,HHS Region 5,2 wk ahead,2016/2017,7,3,0.14956191182
target-based-weights,HHS Region 5,2 wk ahead,2016/2017,8,3.3,0.455361181827
target-based-weights,HHS Region 5,2 wk ahead,2016/2017,9,3,0.82559645626
target-based-weights,HHS Region 5,2 wk ahead,2016/2017,10,2.8,0.8018811403
target-based-weights,HHS Region 5,2 wk ahead,2016/2017,11,2.4,0.59067666526
target-based-weights,HHS Region 5,2 wk ahead,2016/2017,12,2.1,0.461928060392
target-based-weights,HHS Region 5,2 wk ahead,2016/2017,13,1.6,0.23085553826
target-based-weights,HHS Region 5,2 wk ahead,2016/2017,14,1.4,0.25970519386
target-based-weights,HHS Region 5,2 wk ahead,2016/2017,15,1.3,0.6037596241
target-based-weights,HHS Region 5,2 wk ahead,2016/2017,16,1.1,0.56415142175
target-based-weights,HHS Region 5,2 wk ahead,2016/2017,17,1.1,0.70546391795
target-based-weights,HHS Region 5,2 wk ahead,2016/2017,18,0.9,0.29313363215
target-based-weights,HHS Region 6,2 wk ahead,2016/2017,43,2.1,0.51780287106
target-based-weights,HHS Region 6,2 wk ahead,2016/2017,44,2.3,0.592563593469
target-based-weights,HHS Region 6,2 wk ahead,2016/2017,45,2.5,0.44641596518
target-based-weights,HHS Region 6,2 wk ahead,2016/2017,46,2.5,0.46488919369
target-based-weights,HHS Region 6,2 wk ahead,2016/2017,47,2.9,0.415362357735
target-based-weights,HHS Region 6,2 wk ahead,2016/2017,48,3.4,0.661670286538
target-based-weights,HHS Region 6,2 wk ahead,2016/2017,49,3.9,0.414852409489
target-based-weights,HHS Region 6,2 wk ahead,2016/2017,50,4.2,0.31972522797
target-based-weights,HHS Region 6,2 wk ahead,2016/2017,51,4.1,0.345627213296
target-based-weights,HHS Region 6,2 wk ahead,2016/2017,52,4.9,0.67556210737
target-based-weights,HHS Region 6,2 wk ahead,2016/2017,1,5.3,0.777779711894
target-based-weights,HHS Region 6,2 wk ahead,2016/2017,2,6.1,0.843988311475
target-based-weights,HHS Region 6,2 wk ahead,2016/2017,3,8.2,0.970647951699
target-based-weights,HHS Region 6,2 wk ahead,2016/2017,4,9.9,0.995303750235
target-based-weights,HHS Region 6,2 wk ahead,2016/2017,5,8.9,0.842260523129
target-based-weights,HHS Region 6,2 wk ahead,2016/2017,6,8.2,0.457781383252
target-based-weights,HHS Region 6,2 wk ahead,2016/2017,7,6.9,0.527267391158
target-based-weights,HHS Region 6,2 wk ahead,2016/2017,8,6.5,0.639638554379
target-based-weights,HHS Region 6,2 wk ahead,2016/2017,9,5.4,0.642229574501
target-based-weights,HHS Region 6,2 wk ahead,2016/2017,10,4.4,0.367129342064
target-based-weights,HHS Region 6,2 wk ahead,2016/2017,11,3.7,0.421018022825
target-based-weights,HHS Region 6,2 wk ahead,2016/2017,12,3.4,0.605845142526
target-based-weights,HHS Region 6,2 wk ahead,2016/2017,13,3,0.63463846252
target-based-weights,HHS Region 6,2 wk ahead,2016/2017,14,2.9,0.72800351128
target-based-weights,HHS Region 6,2 wk ahead,2016/2017,15,2.5,0.56530659408
target-based-weights,HHS Region 6,2 wk ahead,2016/2017,16,2.4,0.29685491466
target-based-weights,HHS Region 6,2 wk ahead,2016/2017,17,1.7,0.07307587212
target-based-weights,HHS Region 6,2 wk ahead,2016/2017,18,2.2,0.49234150242
target-based-weights,HHS Region 7,2 wk ahead,2016/2017,43,0.9,0.6213053742
target-based-weights,HHS Region 7,2 wk ahead,2016/2017,44,1,0.5488608469
target-based-weights,HHS Region 7,2 wk ahead,2016/2017,45,1.4,0.8022729425
target-based-weights,HHS Region 7,2 wk ahead,2016/2017,46,1.4,0.828019464
target-based-weights,HHS Region 7,2 wk ahead,2016/2017,47,1.3,0.3318477291
target-based-weights,HHS Region 7,2 wk ahead,2016/2017,48,1.3,0.16269958023
target-based-weights,HHS Region 7,2 wk ahead,2016/2017,49,1.8,0.5520753545
target-based-weights,HHS Region 7,2 wk ahead,2016/2017,50,2.7,0.86207994563
target-based-weights,HHS Region 7,2 wk ahead,2016/2017,51,2.9,0.8451377813
target-based-weights,HHS Region 7,2 wk ahead,2016/2017,52,2.8,0.4292711093
target-based-weights,HHS Region 7,2 wk ahead,2016/2017,1,3.5,0.63415645562
target-based-weights,HHS Region 7,2 wk ahead,2016/2017,2,4.6,0.87477486663
target-based-weights,HHS Region 7,2 wk ahead,2016/2017,3,5.5,0.935002749095
target-based-weights,HHS Region 7,2 wk ahead,2016/2017,4,6.4,0.95353142851
target-based-weights,HHS Region 7,2 wk ahead,2016/2017,5,4.9,0.238580298489
target-based-weights,HHS Region 7,2 wk ahead,2016/2017,6,4,0.087267108712
target-based-weights,HHS Region 7,2 wk ahead,2016/2017,7,2.8,0.08876464054
target-based-weights,HHS Region 7,2 wk ahead,2016/2017,8,2.8,0.4516688197
target-based-weights,HHS Region 7,2 wk ahead,2016/2017,9,2.4,0.67124868045
target-based-weights,HHS Region 7,2 wk ahead,2016/2017,10,2,0.51978753588
target-based-weights,HHS Region 7,2 wk ahead,2016/2017,11,1.7,0.51083847065
target-based-weights,HHS Region 7,2 wk ahead,2016/2017,12,1.4,0.36587475979
target-based-weights,HHS Region 7,2 wk ahead,2016/2017,13,1,0.16429906883
target-based-weights,HHS Region 7,2 wk ahead,2016/2017,14,0.9,0.24460874506
target-based-weights,HHS Region 7,2 wk ahead,2016/2017,15,0.8,0.4006569143
target-based-weights,HHS Region 7,2 wk ahead,2016/2017,16,0.8,0.616819396
target-based-weights,HHS Region 7,2 wk ahead,2016/2017,17,0.5,0.179955211
target-based-weights,HHS Region 7,2 wk ahead,2016/2017,18,0.3,0.072681017
target-based-weights,HHS Region 8,2 wk ahead,2016/2017,43,0.7,0.148496409
target-based-weights,HHS Region 8,2 wk ahead,2016/2017,44,0.9,0.7790833766
target-based-weights,HHS Region 8,2 wk ahead,2016/2017,45,0.8,0.4050683897
target-based-weights,HHS Region 8,2 wk ahead,2016/2017,46,1.3,0.8978624225
target-based-weights,HHS Region 8,2 wk ahead,2016/2017,47,1.1,0.7730889546
target-based-weights,HHS Region 8,2 wk ahead,2016/2017,48,1.3,0.52228028207
target-based-weights,HHS Region 8,2 wk ahead,2016/2017,49,2.1,0.9104533397
target-based-weights,HHS Region 8,2 wk ahead,2016/2017,50,1.5,0.217509986308
target-based-weights,HHS Region 8,2 wk ahead,2016/2017,51,2.3,0.65740352133
target-based-weights,HHS Region 8,2 wk ahead,2016/2017,52,1.9,0.395291430074
target-based-weights,HHS Region 8,2 wk ahead,2016/2017,1,2.3,0.5611561318
target-based-weights,HHS Region 8,2 wk ahead,2016/2017,2,2.1,0.33177285954
target-based-weights,HHS Region 8,2 wk ahead,2016/2017,3,2.3,0.261286835076
target-based-weights,HHS Region 8,2 wk ahead,2016/2017,4,2.3,0.45931224944
target-based-weights,HHS Region 8,2 wk ahead,2016/2017,5,2.7,0.61649963839
target-based-weights,HHS Region 8,2 wk ahead,2016/2017,6,1.6,0.04403308875
target-based-weights,HHS Region 8,2 wk ahead,2016/2017,7,1.5,0.03374557917
target-based-weights,HHS Region 8,2 wk ahead,2016/2017,8,1.4,0.11664784144
target-based-weights,HHS Region 8,2 wk ahead,2016/2017,9,1.1,0.2271697902
target-based-weights,HHS Region 8,2 wk ahead,2016/2017,10,1.3,0.34484295918
target-based-weights,HHS Region 8,2 wk ahead,2016/2017,11,1.1,0.34661391133
target-based-weights,HHS Region 8,2 wk ahead,2016/2017,12,1.1,0.33321197916
target-based-weights,HHS Region 8,2 wk ahead,2016/2017,13,0.9,0.31856506222
target-based-weights,HHS Region 8,2 wk ahead,2016/2017,14,0.9,0.29032532826
target-based-weights,HHS Region 8,2 wk ahead,2016/2017,15,1,0.6864307398
target-based-weights,HHS Region 8,2 wk ahead,2016/2017,16,1,0.75175639342
target-based-weights,HHS Region 8,2 wk ahead,2016/2017,17,0.6,0.20438726046
target-based-weights,HHS Region 8,2 wk ahead,2016/2017,18,0.8,0.47041424412
target-based-weights,HHS Region 9,2 wk ahead,2016/2017,43,1.6,0.635907844
target-based-weights,HHS Region 9,2 wk ahead,2016/2017,44,1.7,0.6936368467
target-based-weights,HHS Region 9,2 wk ahead,2016/2017,45,2,0.75064011133
target-based-weights,HHS Region 9,2 wk ahead,2016/2017,46,1.9,0.7456260075
target-based-weights,HHS Region 9,2 wk ahead,2016/2017,47,2,0.52660467532
target-based-weights,HHS Region 9,2 wk ahead,2016/2017,48,2.3,0.5937262704
target-based-weights,HHS Region 9,2 wk ahead,2016/2017,49,2.8,0.48510826029
target-based-weights,HHS Region 9,2 wk ahead,2016/2017,50,3.3,0.508192165241
target-based-weights,HHS Region 9,2 wk ahead,2016/2017,51,3.1,0.3381385812
target-based-weights,HHS Region 9,2 wk ahead,2016/2017,52,2.8,0.25409562537
target-based-weights,HHS Region 9,2 wk ahead,2016/2017,1,2.7,0.0827522826
target-based-weights,HHS Region 9,2 wk ahead,2016/2017,2,3,0.307920536426
target-based-weights,HHS Region 9,2 wk ahead,2016/2017,3,3.1,0.45984703853
target-based-weights,HHS Region 9,2 wk ahead,2016/2017,4,2.7,0.209954953391
target-based-weights,HHS Region 9,2 wk ahead,2016/2017,5,2.5,0.092044968089
target-based-weights,HHS Region 9,2 wk ahead,2016/2017,6,2.5,0.327486794086
target-based-weights,HHS Region 9,2 wk ahead,2016/2017,7,2.3,0.4563899408
target-based-weights,HHS Region 9,2 wk ahead,2016/2017,8,2.3,0.46663994026
target-based-weights,HHS Region 9,2 wk ahead,2016/2017,9,2.3,0.5727737529
target-based-weights,HHS Region 9,2 wk ahead,2016/2017,10,2.1,0.43033342511
target-based-weights,HHS Region 9,2 wk ahead,2016/2017,11,2.1,0.43979166113
target-based-weights,HHS Region 9,2 wk ahead,2016/2017,12,1.9,0.3952868183
target-based-weights,HHS Region 9,2 wk ahead,2016/2017,13,1.7,0.28326658124
target-based-weights,HHS Region 9,2 wk ahead,2016/2017,14,1.7,0.206404858
target-based-weights,HHS Region 9,2 wk ahead,2016/2017,15,1.8,0.7017184086
target-based-weights,HHS Region 9,2 wk ahead,2016/2017,16,1.7,0.48352550526
target-based-weights,HHS Region 9,2 wk ahead,2016/2017,17,1.6,0.344505739
target-based-weights,HHS Region 9,2 wk ahead,2016/2017,18,1.6,0.295410523
target-based-weights,HHS Region 10,2 wk ahead,2016/2017,43,0.7,0.759487798
target-based-weights,HHS Region 10,2 wk ahead,2016/2017,44,0.6,0.675165194
target-based-weights,HHS Region 10,2 wk ahead,2016/2017,45,0.8,0.554438705
target-based-weights,HHS Region 10,2 wk ahead,2016/2017,46,0.8,0.625054982
target-based-weights,HHS Region 10,2 wk ahead,2016/2017,47,0.7,0.1654885438
target-based-weights,HHS Region 10,2 wk ahead,2016/2017,48,1.5,0.8868797111
target-based-weights,HHS Region 10,2 wk ahead,2016/2017,49,2.1,0.9862990415
target-based-weights,HHS Region 10,2 wk ahead,2016/2017,50,3.7,0.8534483763
target-based-weights,HHS Region 10,2 wk ahead,2016/2017,51,3,0.6729955662
target-based-weights,HHS Region 10,2 wk ahead,2016/2017,52,2.2,0.100383549577
target-based-weights,HHS Region 10,2 wk ahead,2016/2017,1,3.3,0.45044597483
target-based-weights,HHS Region 10,2 wk ahead,2016/2017,2,2.5,0.49237772287
target-based-weights,HHS Region 10,2 wk ahead,2016/2017,3,2.3,0.38959080964
target-based-weights,HHS Region 10,2 wk ahead,2016/2017,4,2,0.4281184885
target-based-weights,HHS Region 10,2 wk ahead,2016/2017,5,1.8,0.35748483563
target-based-weights,HHS Region 10,2 wk ahead,2016/2017,6,1.5,0.3445315966
target-based-weights,HHS Region 10,2 wk ahead,2016/2017,7,1.5,0.4483616871
target-based-weights,HHS Region 10,2 wk ahead,2016/2017,8,1,0.3956714894
target-based-weights,HHS Region 10,2 wk ahead,2016/2017,9,1.3,0.81479109
target-based-weights,HHS Region 10,2 wk ahead,2016/2017,10,0.9,0.675090877
target-based-weights,HHS Region 10,2 wk ahead,2016/2017,11,0.9,0.429568916
target-based-weights,HHS Region 10,2 wk ahead,2016/2017,12,0.8,0.559512278
target-based-weights,HHS Region 10,2 wk ahead,2016/2017,13,0.7,0.512403295
target-based-weights,HHS Region 10,2 wk ahead,2016/2017,14,0.6,0.290447256
target-based-weights,HHS Region 10,2 wk ahead,2016/2017,15,0.5,0.185120396
target-based-weights,HHS Region 10,2 wk ahead,2016/2017,16,0.7,0.815946249
target-based-weights,HHS Region 10,2 wk ahead,2016/2017,17,0.5,0.417460228
target-based-weights,HHS Region 10,2 wk ahead,2016/2017,18,0.6,0.696236786
