model_name,location,target,season,calendar_week,valid.bin_start_incl,cdf
Delphi_BasisRegression,US National,2 wk ahead,2018/2019,43,1.9,0.8328282734
Delphi_BasisRegression,US National,2 wk ahead,2018/2019,44,2,0.6582032765
Delphi_BasisRegression,US National,2 wk ahead,2018/2019,45,2.2,0.6202779382
Delphi_BasisRegression,US National,2 wk ahead,2018/2019,46,2.1,0.2645270323
Delphi_BasisRegression,US National,2 wk ahead,2018/2019,47,2.3,0.1952881608
Delphi_BasisRegression,US National,2 wk ahead,2018/2019,48,2.6,0.3444629198
Delphi_BasisRegression,US National,2 wk ahead,2018/2019,49,3.1,0.8052889646
Delphi_BasisRegression,US National,2 wk ahead,2018/2019,50,4,0.9800023588
Delphi_BasisRegression,US National,2 wk ahead,2018/2019,51,3.5,0.8460787263
Delphi_BasisRegression,US National,2 wk ahead,2018/2019,52,3.1,0.193740882
Delphi_BasisRegression,US National,2 wk ahead,2018/2019,1,3.3,0.2599393992
Delphi_BasisRegression,US National,2 wk ahead,2018/2019,2,3.8,0.7615699616
Delphi_BasisRegression,US National,2 wk ahead,2018/2019,3,4.3,0.9538142588
Delphi_BasisRegression,US National,2 wk ahead,2018/2019,4,4.9,0.9820176861
Delphi_BasisRegression,US National,2 wk ahead,2018/2019,5,5.1,0.9824648076
Delphi_BasisRegression,US National,2 wk ahead,2018/2019,6,4.9,0.9820178337
Delphi_BasisRegression,US National,2 wk ahead,2018/2019,7,4.6,0.9719010843
Delphi_BasisRegression,US National,2 wk ahead,2018/2019,8,4.4,0.9801919459
Delphi_BasisRegression,US National,2 wk ahead,2018/2019,9,4.2,0.9802566563
Delphi_BasisRegression,US National,2 wk ahead,2018/2019,10,3.7,0.933020675
Delphi_BasisRegression,US National,2 wk ahead,2018/2019,11,3.1,0.7097718108
Delphi_BasisRegression,US National,2 wk ahead,2018/2019,12,2.7,0.7202973129
Delphi_BasisRegression,US National,2 wk ahead,2018/2019,13,2.3,0.8345210102
Delphi_BasisRegression,US National,2 wk ahead,2018/2019,14,2,0.8922450592
Delphi_BasisRegression,US National,2 wk ahead,2018/2019,15,1.7,0.7864001985
Delphi_BasisRegression,US National,2 wk ahead,2018/2019,16,1.6,0.8813502421
Delphi_BasisRegression,US National,2 wk ahead,2018/2019,17,1.5,0.87201949
Delphi_BasisRegression,US National,2 wk ahead,2018/2019,18,1.5,0.9046072686
Delphi_BasisRegression,HHS Region 1,2 wk ahead,2018/2019,43,1.4,0.9203836944
Delphi_BasisRegression,HHS Region 1,2 wk ahead,2018/2019,44,1.3,0.8161711065
Delphi_BasisRegression,HHS Region 1,2 wk ahead,2018/2019,45,1.6,0.9504429822
Delphi_BasisRegression,HHS Region 1,2 wk ahead,2018/2019,46,1.4,0.782798339
Delphi_BasisRegression,HHS Region 1,2 wk ahead,2018/2019,47,1.9,0.9334247209
Delphi_BasisRegression,HHS Region 1,2 wk ahead,2018/2019,48,1.9,0.8636886517
Delphi_BasisRegression,HHS Region 1,2 wk ahead,2018/2019,49,2.4,0.9629078071
Delphi_BasisRegression,HHS Region 1,2 wk ahead,2018/2019,50,3.3,0.9784572612
Delphi_BasisRegression,HHS Region 1,2 wk ahead,2018/2019,51,3.2,0.9782395273
Delphi_BasisRegression,HHS Region 1,2 wk ahead,2018/2019,52,3.4,0.9638418839
Delphi_BasisRegression,HHS Region 1,2 wk ahead,2018/2019,1,3.6,0.9772379127
Delphi_BasisRegression,HHS Region 1,2 wk ahead,2018/2019,2,3.6,0.9690936976
Delphi_BasisRegression,HHS Region 1,2 wk ahead,2018/2019,3,3.6,0.9625911017
Delphi_BasisRegression,HHS Region 1,2 wk ahead,2018/2019,4,3.9,0.9788318502
Delphi_BasisRegression,HHS Region 1,2 wk ahead,2018/2019,5,3.7,0.9756432896
Delphi_BasisRegression,HHS Region 1,2 wk ahead,2018/2019,6,3.6,0.9780356375
Delphi_BasisRegression,HHS Region 1,2 wk ahead,2018/2019,7,3.2,0.9620372975
Delphi_BasisRegression,HHS Region 1,2 wk ahead,2018/2019,8,3.1,0.9780076104
Delphi_BasisRegression,HHS Region 1,2 wk ahead,2018/2019,9,2.8,0.9772850304
Delphi_BasisRegression,HHS Region 1,2 wk ahead,2018/2019,10,2.7,0.9749764793
Delphi_BasisRegression,HHS Region 1,2 wk ahead,2018/2019,11,2.8,0.977261879
Delphi_BasisRegression,HHS Region 1,2 wk ahead,2018/2019,12,2.5,0.9708706498
Delphi_BasisRegression,HHS Region 1,2 wk ahead,2018/2019,13,2.3,0.975150243
Delphi_BasisRegression,HHS Region 1,2 wk ahead,2018/2019,14,2.1,0.9634795907
Delphi_BasisRegression,HHS Region 1,2 wk ahead,2018/2019,15,1.5,0.7161072184
Delphi_BasisRegression,HHS Region 1,2 wk ahead,2018/2019,16,1.3,0.5248231569
Delphi_BasisRegression,HHS Region 1,2 wk ahead,2018/2019,17,1.2,0.7871530423
Delphi_BasisRegression,HHS Region 1,2 wk ahead,2018/2019,18,1.2,0.9209556543
Delphi_BasisRegression,HHS Region 2,2 wk ahead,2018/2019,43,2.6,0.8940493515
Delphi_BasisRegression,HHS Region 2,2 wk ahead,2018/2019,44,2.8,0.9155020108
Delphi_BasisRegression,HHS Region 2,2 wk ahead,2018/2019,45,3.1,0.9727514934
Delphi_BasisRegression,HHS Region 2,2 wk ahead,2018/2019,46,2.8,0.7542979536
Delphi_BasisRegression,HHS Region 2,2 wk ahead,2018/2019,47,3.3,0.9295231243
Delphi_BasisRegression,HHS Region 2,2 wk ahead,2018/2019,48,3.7,0.9511540749
Delphi_BasisRegression,HHS Region 2,2 wk ahead,2018/2019,49,4.4,0.9793307897
Delphi_BasisRegression,HHS Region 2,2 wk ahead,2018/2019,50,4.9,0.9820134651
Delphi_BasisRegression,HHS Region 2,2 wk ahead,2018/2019,51,4.7,0.9801158959
Delphi_BasisRegression,HHS Region 2,2 wk ahead,2018/2019,52,4.1,0.7196735448
Delphi_BasisRegression,HHS Region 2,2 wk ahead,2018/2019,1,4.7,0.8408700879
Delphi_BasisRegression,HHS Region 2,2 wk ahead,2018/2019,2,4.9,0.9408215261
Delphi_BasisRegression,HHS Region 2,2 wk ahead,2018/2019,3,4.9,0.9105761298
Delphi_BasisRegression,HHS Region 2,2 wk ahead,2018/2019,4,5.1,0.9785296558
Delphi_BasisRegression,HHS Region 2,2 wk ahead,2018/2019,5,5.2,0.9820371721
Delphi_BasisRegression,HHS Region 2,2 wk ahead,2018/2019,6,4.9,0.981685762
Delphi_BasisRegression,HHS Region 2,2 wk ahead,2018/2019,7,4.2,0.8891353945
Delphi_BasisRegression,HHS Region 2,2 wk ahead,2018/2019,8,4,0.928640744
Delphi_BasisRegression,HHS Region 2,2 wk ahead,2018/2019,9,4,0.9784826892
Delphi_BasisRegression,HHS Region 2,2 wk ahead,2018/2019,10,3.8,0.9732821369
Delphi_BasisRegression,HHS Region 2,2 wk ahead,2018/2019,11,3.6,0.9754737688
Delphi_BasisRegression,HHS Region 2,2 wk ahead,2018/2019,12,3.3,0.9699035036
Delphi_BasisRegression,HHS Region 2,2 wk ahead,2018/2019,13,3.1,0.9764132754
Delphi_BasisRegression,HHS Region 2,2 wk ahead,2018/2019,14,2.9,0.9705396963
Delphi_BasisRegression,HHS Region 2,2 wk ahead,2018/2019,15,2.4,0.8846478732
Delphi_BasisRegression,HHS Region 2,2 wk ahead,2018/2019,16,2.2,0.758675921
Delphi_BasisRegression,HHS Region 2,2 wk ahead,2018/2019,17,2.2,0.8100273105
Delphi_BasisRegression,HHS Region 2,2 wk ahead,2018/2019,18,2.4,0.9387986616
Delphi_BasisRegression,HHS Region 3,2 wk ahead,2018/2019,43,1.6,0.4361243844
Delphi_BasisRegression,HHS Region 3,2 wk ahead,2018/2019,44,1.5,0.1190793142
Delphi_BasisRegression,HHS Region 3,2 wk ahead,2018/2019,45,1.8,0.2712126706
Delphi_BasisRegression,HHS Region 3,2 wk ahead,2018/2019,46,1.7,0.052420621
Delphi_BasisRegression,HHS Region 3,2 wk ahead,2018/2019,47,1.7,0.0136212826
Delphi_BasisRegression,HHS Region 3,2 wk ahead,2018/2019,48,2.1,0.1213700444
Delphi_BasisRegression,HHS Region 3,2 wk ahead,2018/2019,49,2.4,0.3421526529
Delphi_BasisRegression,HHS Region 3,2 wk ahead,2018/2019,50,3,0.8091398415
Delphi_BasisRegression,HHS Region 3,2 wk ahead,2018/2019,51,3.1,0.5640069996
Delphi_BasisRegression,HHS Region 3,2 wk ahead,2018/2019,52,2.7,0.1760432564
Delphi_BasisRegression,HHS Region 3,2 wk ahead,2018/2019,1,3,0.1795859787
Delphi_BasisRegression,HHS Region 3,2 wk ahead,2018/2019,2,3.4,0.6538079167
Delphi_BasisRegression,HHS Region 3,2 wk ahead,2018/2019,3,3.6,0.7206882738
Delphi_BasisRegression,HHS Region 3,2 wk ahead,2018/2019,4,4.2,0.9633480029
Delphi_BasisRegression,HHS Region 3,2 wk ahead,2018/2019,5,4.5,0.9783541616
Delphi_BasisRegression,HHS Region 3,2 wk ahead,2018/2019,6,4.6,0.9810478277
Delphi_BasisRegression,HHS Region 3,2 wk ahead,2018/2019,7,4.4,0.9630915831
Delphi_BasisRegression,HHS Region 3,2 wk ahead,2018/2019,8,4.2,0.9725847859
Delphi_BasisRegression,HHS Region 3,2 wk ahead,2018/2019,9,4.3,0.9806447195
Delphi_BasisRegression,HHS Region 3,2 wk ahead,2018/2019,10,3.6,0.944672537
Delphi_BasisRegression,HHS Region 3,2 wk ahead,2018/2019,11,3.1,0.7018142549
Delphi_BasisRegression,HHS Region 3,2 wk ahead,2018/2019,12,2.5,0.3909819168
Delphi_BasisRegression,HHS Region 3,2 wk ahead,2018/2019,13,2,0.2150529413
Delphi_BasisRegression,HHS Region 3,2 wk ahead,2018/2019,14,1.5,0.1568487765
Delphi_BasisRegression,HHS Region 3,2 wk ahead,2018/2019,15,1.2,0.1847167013
Delphi_BasisRegression,HHS Region 3,2 wk ahead,2018/2019,16,1.1,0.3074267763
Delphi_BasisRegression,HHS Region 3,2 wk ahead,2018/2019,17,1,0.4243045045
Delphi_BasisRegression,HHS Region 3,2 wk ahead,2018/2019,18,0.9,0.3461966695
Delphi_BasisRegression,HHS Region 4,2 wk ahead,2018/2019,43,1.9,0.9218428054
Delphi_BasisRegression,HHS Region 4,2 wk ahead,2018/2019,44,2,0.801384042
Delphi_BasisRegression,HHS Region 4,2 wk ahead,2018/2019,45,2.3,0.8609544628
Delphi_BasisRegression,HHS Region 4,2 wk ahead,2018/2019,46,2.2,0.4344930436
Delphi_BasisRegression,HHS Region 4,2 wk ahead,2018/2019,47,2.3,0.271786843
Delphi_BasisRegression,HHS Region 4,2 wk ahead,2018/2019,48,2.8,0.6849594138
Delphi_BasisRegression,HHS Region 4,2 wk ahead,2018/2019,49,3.2,0.8939337817
Delphi_BasisRegression,HHS Region 4,2 wk ahead,2018/2019,50,4.1,0.9802401991
Delphi_BasisRegression,HHS Region 4,2 wk ahead,2018/2019,51,3.4,0.8574962839
Delphi_BasisRegression,HHS Region 4,2 wk ahead,2018/2019,52,2.8,0.1739488978
Delphi_BasisRegression,HHS Region 4,2 wk ahead,2018/2019,1,3,0.252012572
Delphi_BasisRegression,HHS Region 4,2 wk ahead,2018/2019,2,4,0.9261308361
Delphi_BasisRegression,HHS Region 4,2 wk ahead,2018/2019,3,4.9,0.9820145711
Delphi_BasisRegression,HHS Region 4,2 wk ahead,2018/2019,4,5.9,0.9842422066
Delphi_BasisRegression,HHS Region 4,2 wk ahead,2018/2019,5,5.9,0.9842421807
Delphi_BasisRegression,HHS Region 4,2 wk ahead,2018/2019,6,5.3,0.9804560883
Delphi_BasisRegression,HHS Region 4,2 wk ahead,2018/2019,7,4.3,0.871873673
Delphi_BasisRegression,HHS Region 4,2 wk ahead,2018/2019,8,3.9,0.8528487207
Delphi_BasisRegression,HHS Region 4,2 wk ahead,2018/2019,9,3.5,0.8492794919
Delphi_BasisRegression,HHS Region 4,2 wk ahead,2018/2019,10,3,0.6740578254
Delphi_BasisRegression,HHS Region 4,2 wk ahead,2018/2019,11,2.6,0.6570965771
Delphi_BasisRegression,HHS Region 4,2 wk ahead,2018/2019,12,2.3,0.7007721836
Delphi_BasisRegression,HHS Region 4,2 wk ahead,2018/2019,13,2,0.7993106179
Delphi_BasisRegression,HHS Region 4,2 wk ahead,2018/2019,14,1.7,0.827154279
Delphi_BasisRegression,HHS Region 4,2 wk ahead,2018/2019,15,1.6,0.812352716
Delphi_BasisRegression,HHS Region 4,2 wk ahead,2018/2019,16,1.5,0.876991553
Delphi_BasisRegression,HHS Region 4,2 wk ahead,2018/2019,17,1.4,0.83087432
Delphi_BasisRegression,HHS Region 4,2 wk ahead,2018/2019,18,1.3,0.81045189
Delphi_BasisRegression,HHS Region 5,2 wk ahead,2018/2019,43,1.3,0.610104387
Delphi_BasisRegression,HHS Region 5,2 wk ahead,2018/2019,44,1.3,0.2205787501
Delphi_BasisRegression,HHS Region 5,2 wk ahead,2018/2019,45,1.6,0.4488026987
Delphi_BasisRegression,HHS Region 5,2 wk ahead,2018/2019,46,1.5,0.1423797962
Delphi_BasisRegression,HHS Region 5,2 wk ahead,2018/2019,47,1.5,0.078599614
Delphi_BasisRegression,HHS Region 5,2 wk ahead,2018/2019,48,1.7,0.1160259109
Delphi_BasisRegression,HHS Region 5,2 wk ahead,2018/2019,49,2.2,0.5513401329
Delphi_BasisRegression,HHS Region 5,2 wk ahead,2018/2019,50,3,0.9767008389
Delphi_BasisRegression,HHS Region 5,2 wk ahead,2018/2019,51,2.4,0.4848288585
Delphi_BasisRegression,HHS Region 5,2 wk ahead,2018/2019,52,2.2,0.1321342648
Delphi_BasisRegression,HHS Region 5,2 wk ahead,2018/2019,1,2.3,0.1150532627
Delphi_BasisRegression,HHS Region 5,2 wk ahead,2018/2019,2,2.4,0.3830961672
Delphi_BasisRegression,HHS Region 5,2 wk ahead,2018/2019,3,2.5,0.3330776064
Delphi_BasisRegression,HHS Region 5,2 wk ahead,2018/2019,4,2.3,0.1365543354
Delphi_BasisRegression,HHS Region 5,2 wk ahead,2018/2019,5,2.5,0.3052631261
Delphi_BasisRegression,HHS Region 5,2 wk ahead,2018/2019,6,2.9,0.8751987507
Delphi_BasisRegression,HHS Region 5,2 wk ahead,2018/2019,7,3,0.9547993641
Delphi_BasisRegression,HHS Region 5,2 wk ahead,2018/2019,8,3.3,0.9784523979
Delphi_BasisRegression,HHS Region 5,2 wk ahead,2018/2019,9,3.6,0.9791272699
Delphi_BasisRegression,HHS Region 5,2 wk ahead,2018/2019,10,3.2,0.9757179794
Delphi_BasisRegression,HHS Region 5,2 wk ahead,2018/2019,11,2.6,0.8014305098
Delphi_BasisRegression,HHS Region 5,2 wk ahead,2018/2019,12,2.1,0.3850163601
Delphi_BasisRegression,HHS Region 5,2 wk ahead,2018/2019,13,1.8,0.6053309257
Delphi_BasisRegression,HHS Region 5,2 wk ahead,2018/2019,14,1.6,0.8159827285
Delphi_BasisRegression,HHS Region 5,2 wk ahead,2018/2019,15,1.3,0.6418851029
Delphi_BasisRegression,HHS Region 5,2 wk ahead,2018/2019,16,1.2,0.7955398127
Delphi_BasisRegression,HHS Region 5,2 wk ahead,2018/2019,17,1.1,0.8487552244
Delphi_BasisRegression,HHS Region 5,2 wk ahead,2018/2019,18,1.1,0.893188301
Delphi_BasisRegression,HHS Region 6,2 wk ahead,2018/2019,43,3,0.714289543
Delphi_BasisRegression,HHS Region 6,2 wk ahead,2018/2019,44,3.3,0.7592429998
Delphi_BasisRegression,HHS Region 6,2 wk ahead,2018/2019,45,3.6,0.7205737551
Delphi_BasisRegression,HHS Region 6,2 wk ahead,2018/2019,46,3.4,0.3455769626
Delphi_BasisRegression,HHS Region 6,2 wk ahead,2018/2019,47,3.3,0.0873507201
Delphi_BasisRegression,HHS Region 6,2 wk ahead,2018/2019,48,3.9,0.1986898228
Delphi_BasisRegression,HHS Region 6,2 wk ahead,2018/2019,49,4.6,0.6010631704
Delphi_BasisRegression,HHS Region 6,2 wk ahead,2018/2019,50,6,0.9678348977
Delphi_BasisRegression,HHS Region 6,2 wk ahead,2018/2019,51,4.9,0.3293330429
Delphi_BasisRegression,HHS Region 6,2 wk ahead,2018/2019,52,4.4,0.0319131717
Delphi_BasisRegression,HHS Region 6,2 wk ahead,2018/2019,1,5.1,0.1253722148
Delphi_BasisRegression,HHS Region 6,2 wk ahead,2018/2019,2,6.5,0.876058161
Delphi_BasisRegression,HHS Region 6,2 wk ahead,2018/2019,3,8.2,0.9893364844
Delphi_BasisRegression,HHS Region 6,2 wk ahead,2018/2019,4,9.8,0.9929156495
Delphi_BasisRegression,HHS Region 6,2 wk ahead,2018/2019,5,10.1,0.9935831932
Delphi_BasisRegression,HHS Region 6,2 wk ahead,2018/2019,6,9.4,0.9916770203
Delphi_BasisRegression,HHS Region 6,2 wk ahead,2018/2019,7,9.2,0.9835403189
Delphi_BasisRegression,HHS Region 6,2 wk ahead,2018/2019,8,8.2,0.9888299606
Delphi_BasisRegression,HHS Region 6,2 wk ahead,2018/2019,9,7.3,0.9680974742
Delphi_BasisRegression,HHS Region 6,2 wk ahead,2018/2019,10,5.5,0.5085202549
Delphi_BasisRegression,HHS Region 6,2 wk ahead,2018/2019,11,4.5,0.3030873604
Delphi_BasisRegression,HHS Region 6,2 wk ahead,2018/2019,12,4,0.4530590496
Delphi_BasisRegression,HHS Region 6,2 wk ahead,2018/2019,13,3.5,0.7079170317
Delphi_BasisRegression,HHS Region 6,2 wk ahead,2018/2019,14,3,0.8402943883
Delphi_BasisRegression,HHS Region 6,2 wk ahead,2018/2019,15,2.5,0.764442826
Delphi_BasisRegression,HHS Region 6,2 wk ahead,2018/2019,16,2.3,0.857434318
Delphi_BasisRegression,HHS Region 6,2 wk ahead,2018/2019,17,2.2,0.846889575
Delphi_BasisRegression,HHS Region 6,2 wk ahead,2018/2019,18,2.2,0.83170711
Delphi_BasisRegression,HHS Region 7,2 wk ahead,2018/2019,43,1.3,0.7960000055
Delphi_BasisRegression,HHS Region 7,2 wk ahead,2018/2019,44,1,0.0585781871
Delphi_BasisRegression,HHS Region 7,2 wk ahead,2018/2019,45,1.4,0.3245154
Delphi_BasisRegression,HHS Region 7,2 wk ahead,2018/2019,46,1.4,0.2534885247
Delphi_BasisRegression,HHS Region 7,2 wk ahead,2018/2019,47,1.4,0.1511839591
Delphi_BasisRegression,HHS Region 7,2 wk ahead,2018/2019,48,2,0.3508302024
Delphi_BasisRegression,HHS Region 7,2 wk ahead,2018/2019,49,2.4,0.6886438133
Delphi_BasisRegression,HHS Region 7,2 wk ahead,2018/2019,50,4.3,0.9806840136
Delphi_BasisRegression,HHS Region 7,2 wk ahead,2018/2019,51,3.2,0.7194174295
Delphi_BasisRegression,HHS Region 7,2 wk ahead,2018/2019,52,2.5,0.1239406948
Delphi_BasisRegression,HHS Region 7,2 wk ahead,2018/2019,1,3.2,0.3427929292
Delphi_BasisRegression,HHS Region 7,2 wk ahead,2018/2019,2,3.3,0.4021175175
Delphi_BasisRegression,HHS Region 7,2 wk ahead,2018/2019,3,4,0.7088557473
Delphi_BasisRegression,HHS Region 7,2 wk ahead,2018/2019,4,4,0.791734687
Delphi_BasisRegression,HHS Region 7,2 wk ahead,2018/2019,5,4.4,0.9587799972
Delphi_BasisRegression,HHS Region 7,2 wk ahead,2018/2019,6,5.3,0.9829079156
Delphi_BasisRegression,HHS Region 7,2 wk ahead,2018/2019,7,4.9,0.9793343983
Delphi_BasisRegression,HHS Region 7,2 wk ahead,2018/2019,8,5.1,0.9824628833
Delphi_BasisRegression,HHS Region 7,2 wk ahead,2018/2019,9,5.7,0.9837974903
Delphi_BasisRegression,HHS Region 7,2 wk ahead,2018/2019,10,4.8,0.9792123679
Delphi_BasisRegression,HHS Region 7,2 wk ahead,2018/2019,11,3.9,0.7825099841
Delphi_BasisRegression,HHS Region 7,2 wk ahead,2018/2019,12,2.3,0.2098735232
Delphi_BasisRegression,HHS Region 7,2 wk ahead,2018/2019,13,1.9,0.332208845
Delphi_BasisRegression,HHS Region 7,2 wk ahead,2018/2019,14,1.2,0.362947361
Delphi_BasisRegression,HHS Region 7,2 wk ahead,2018/2019,15,1,0.50191153
Delphi_BasisRegression,HHS Region 7,2 wk ahead,2018/2019,16,0.9,0.79467181
Delphi_BasisRegression,HHS Region 7,2 wk ahead,2018/2019,17,0.8,0.84441787
Delphi_BasisRegression,HHS Region 7,2 wk ahead,2018/2019,18,0.8,0.86777781
Delphi_BasisRegression,HHS Region 8,2 wk ahead,2018/2019,43,2,0.9487058386
Delphi_BasisRegression,HHS Region 8,2 wk ahead,2018/2019,44,2.2,0.9443620946
Delphi_BasisRegression,HHS Region 8,2 wk ahead,2018/2019,45,2.4,0.9682017439
Delphi_BasisRegression,HHS Region 8,2 wk ahead,2018/2019,46,2.5,0.9600072973
Delphi_BasisRegression,HHS Region 8,2 wk ahead,2018/2019,47,2.7,0.9602431094
Delphi_BasisRegression,HHS Region 8,2 wk ahead,2018/2019,48,3.3,0.9784612567
Delphi_BasisRegression,HHS Region 8,2 wk ahead,2018/2019,49,3.9,0.9797946873
Delphi_BasisRegression,HHS Region 8,2 wk ahead,2018/2019,50,5.4,0.9831306894
Delphi_BasisRegression,HHS Region 8,2 wk ahead,2018/2019,51,4.4,0.9804209774
Delphi_BasisRegression,HHS Region 8,2 wk ahead,2018/2019,52,3.8,0.8888952835
Delphi_BasisRegression,HHS Region 8,2 wk ahead,2018/2019,1,3.7,0.8601902489
Delphi_BasisRegression,HHS Region 8,2 wk ahead,2018/2019,2,3.9,0.9578334113
Delphi_BasisRegression,HHS Region 8,2 wk ahead,2018/2019,3,4.6,0.9813508895
Delphi_BasisRegression,HHS Region 8,2 wk ahead,2018/2019,4,5,0.9821543188
Delphi_BasisRegression,HHS Region 8,2 wk ahead,2018/2019,5,5.6,0.9835750294
Delphi_BasisRegression,HHS Region 8,2 wk ahead,2018/2019,6,5.9,0.9842421995
Delphi_BasisRegression,HHS Region 8,2 wk ahead,2018/2019,7,5.6,0.9834701568
Delphi_BasisRegression,HHS Region 8,2 wk ahead,2018/2019,8,5.7,0.9837891614
Delphi_BasisRegression,HHS Region 8,2 wk ahead,2018/2019,9,5,0.9822404888
Delphi_BasisRegression,HHS Region 8,2 wk ahead,2018/2019,10,3.9,0.8002811314
Delphi_BasisRegression,HHS Region 8,2 wk ahead,2018/2019,11,3.1,0.589999248
Delphi_BasisRegression,HHS Region 8,2 wk ahead,2018/2019,12,3,0.8639112576
Delphi_BasisRegression,HHS Region 8,2 wk ahead,2018/2019,13,2.4,0.9263058975
Delphi_BasisRegression,HHS Region 8,2 wk ahead,2018/2019,14,2.4,0.963408487
Delphi_BasisRegression,HHS Region 8,2 wk ahead,2018/2019,15,2.1,0.969533788
Delphi_BasisRegression,HHS Region 8,2 wk ahead,2018/2019,16,2.2,0.975356124
Delphi_BasisRegression,HHS Region 8,2 wk ahead,2018/2019,17,2,0.9662605
Delphi_BasisRegression,HHS Region 8,2 wk ahead,2018/2019,18,2,0.973975361
Delphi_BasisRegression,HHS Region 9,2 wk ahead,2018/2019,43,1.8,0.3715489034
Delphi_BasisRegression,HHS Region 9,2 wk ahead,2018/2019,44,2,0.4824405145
Delphi_BasisRegression,HHS Region 9,2 wk ahead,2018/2019,45,2.1,0.2587842008
Delphi_BasisRegression,HHS Region 9,2 wk ahead,2018/2019,46,2.3,0.34103425
Delphi_BasisRegression,HHS Region 9,2 wk ahead,2018/2019,47,2.4,0.1061387141
Delphi_BasisRegression,HHS Region 9,2 wk ahead,2018/2019,48,2.8,0.1735881257
Delphi_BasisRegression,HHS Region 9,2 wk ahead,2018/2019,49,3,0.1988031811
Delphi_BasisRegression,HHS Region 9,2 wk ahead,2018/2019,50,3.3,0.3457382204
Delphi_BasisRegression,HHS Region 9,2 wk ahead,2018/2019,51,3.3,0.2630744667
Delphi_BasisRegression,HHS Region 9,2 wk ahead,2018/2019,52,3.2,0.1696443694
Delphi_BasisRegression,HHS Region 9,2 wk ahead,2018/2019,1,2.9,0.024416788
Delphi_BasisRegression,HHS Region 9,2 wk ahead,2018/2019,2,2.9,0.0119509711
Delphi_BasisRegression,HHS Region 9,2 wk ahead,2018/2019,3,3.3,0.287309766
Delphi_BasisRegression,HHS Region 9,2 wk ahead,2018/2019,4,3.3,0.4106565161
Delphi_BasisRegression,HHS Region 9,2 wk ahead,2018/2019,5,3.7,0.8978376351
Delphi_BasisRegression,HHS Region 9,2 wk ahead,2018/2019,6,3.6,0.9609443518
Delphi_BasisRegression,HHS Region 9,2 wk ahead,2018/2019,7,3.7,0.9752384503
Delphi_BasisRegression,HHS Region 9,2 wk ahead,2018/2019,8,3.6,0.9742986195
Delphi_BasisRegression,HHS Region 9,2 wk ahead,2018/2019,9,3.4,0.975144031
Delphi_BasisRegression,HHS Region 9,2 wk ahead,2018/2019,10,3.5,0.9482332737
Delphi_BasisRegression,HHS Region 9,2 wk ahead,2018/2019,11,3,0.8189362917
Delphi_BasisRegression,HHS Region 9,2 wk ahead,2018/2019,12,3,0.9417767377
Delphi_BasisRegression,HHS Region 9,2 wk ahead,2018/2019,13,2.5,0.8327166733
Delphi_BasisRegression,HHS Region 9,2 wk ahead,2018/2019,14,2.3,0.8955183026
Delphi_BasisRegression,HHS Region 9,2 wk ahead,2018/2019,15,2.1,0.7372437132
Delphi_BasisRegression,HHS Region 9,2 wk ahead,2018/2019,16,1.8,0.3216193897
Delphi_BasisRegression,HHS Region 9,2 wk ahead,2018/2019,17,1.8,0.603633239
Delphi_BasisRegression,HHS Region 9,2 wk ahead,2018/2019,18,1.8,0.829887943
Delphi_BasisRegression,HHS Region 10,2 wk ahead,2018/2019,43,0.7,0.0371412446
Delphi_BasisRegression,HHS Region 10,2 wk ahead,2018/2019,44,0.9,0.1685936261
Delphi_BasisRegression,HHS Region 10,2 wk ahead,2018/2019,45,1,0.2166728039
Delphi_BasisRegression,HHS Region 10,2 wk ahead,2018/2019,46,0.9,0.0519733814
Delphi_BasisRegression,HHS Region 10,2 wk ahead,2018/2019,47,0.9,0.0140139035
Delphi_BasisRegression,HHS Region 10,2 wk ahead,2018/2019,48,1.1,0.0182879051
Delphi_BasisRegression,HHS Region 10,2 wk ahead,2018/2019,49,1.2,0.0167622058
Delphi_BasisRegression,HHS Region 10,2 wk ahead,2018/2019,50,1.6,0.1154130801
Delphi_BasisRegression,HHS Region 10,2 wk ahead,2018/2019,51,1.7,0.1943229858
Delphi_BasisRegression,HHS Region 10,2 wk ahead,2018/2019,52,1.6,0.0255079604
Delphi_BasisRegression,HHS Region 10,2 wk ahead,2018/2019,1,1.8,0.052237001
Delphi_BasisRegression,HHS Region 10,2 wk ahead,2018/2019,2,2.2,0.2850511306
Delphi_BasisRegression,HHS Region 10,2 wk ahead,2018/2019,3,2.5,0.7022119234
Delphi_BasisRegression,HHS Region 10,2 wk ahead,2018/2019,4,3,0.9606705765
Delphi_BasisRegression,HHS Region 10,2 wk ahead,2018/2019,5,3.5,0.9789075068
Delphi_BasisRegression,HHS Region 10,2 wk ahead,2018/2019,6,3.2,0.9782468765
Delphi_BasisRegression,HHS Region 10,2 wk ahead,2018/2019,7,3,0.9380420756
Delphi_BasisRegression,HHS Region 10,2 wk ahead,2018/2019,8,3.5,0.9788767131
Delphi_BasisRegression,HHS Region 10,2 wk ahead,2018/2019,9,4.3,0.9806876901
Delphi_BasisRegression,HHS Region 10,2 wk ahead,2018/2019,10,3.8,0.9795708619
Delphi_BasisRegression,HHS Region 10,2 wk ahead,2018/2019,11,2.4,0.3902081397
Delphi_BasisRegression,HHS Region 10,2 wk ahead,2018/2019,12,1.6,0.0561494888
Delphi_BasisRegression,HHS Region 10,2 wk ahead,2018/2019,13,1,0.0084434874
Delphi_BasisRegression,HHS Region 10,2 wk ahead,2018/2019,14,1,0.1118530949
Delphi_BasisRegression,HHS Region 10,2 wk ahead,2018/2019,15,0.9,0.50458775
Delphi_BasisRegression,HHS Region 10,2 wk ahead,2018/2019,16,0.9,0.81403012
Delphi_BasisRegression,HHS Region 10,2 wk ahead,2018/2019,17,0.8,0.80265492
Delphi_BasisRegression,HHS Region 10,2 wk ahead,2018/2019,18,0.7,0.68873877
