model_name,location,target,season,calendar_week,valid.bin_start_incl,cdf
Delphi_MarkovianDeltaDensity,US National,1 wk ahead,2015/2016,43,1.5,0.36170289522
Delphi_MarkovianDeltaDensity,US National,1 wk ahead,2015/2016,44,1.5,0.2518004167
Delphi_MarkovianDeltaDensity,US National,1 wk ahead,2015/2016,45,1.6,0.39287133924
Delphi_MarkovianDeltaDensity,US National,1 wk ahead,2015/2016,46,1.9,0.62921752057
Delphi_MarkovianDeltaDensity,US National,1 wk ahead,2015/2016,47,1.7,0.01051564598
Delphi_MarkovianDeltaDensity,US National,1 wk ahead,2015/2016,48,1.8,0.13094886656
Delphi_MarkovianDeltaDensity,US National,1 wk ahead,2015/2016,49,1.9,0.00992487649
Delphi_MarkovianDeltaDensity,US National,1 wk ahead,2015/2016,50,2.4,0.1824350721
Delphi_MarkovianDeltaDensity,US National,1 wk ahead,2015/2016,51,2.5,0.16385999556
Delphi_MarkovianDeltaDensity,US National,1 wk ahead,2015/2016,52,2,0.840049831
Delphi_MarkovianDeltaDensity,US National,1 wk ahead,2015/2016,1,2,0.73213243467
Delphi_MarkovianDeltaDensity,US National,1 wk ahead,2015/2016,2,2.2,0.03354721079
Delphi_MarkovianDeltaDensity,US National,1 wk ahead,2015/2016,3,2.3,0.64268911226
Delphi_MarkovianDeltaDensity,US National,1 wk ahead,2015/2016,4,2.4,0.68935325239
Delphi_MarkovianDeltaDensity,US National,1 wk ahead,2015/2016,5,2.8,0.99711640196
Delphi_MarkovianDeltaDensity,US National,1 wk ahead,2015/2016,6,3.2,0.91178081362
Delphi_MarkovianDeltaDensity,US National,1 wk ahead,2015/2016,7,3.2,0.86903624472
Delphi_MarkovianDeltaDensity,US National,1 wk ahead,2015/2016,8,3.3,0.9845542796
Delphi_MarkovianDeltaDensity,US National,1 wk ahead,2015/2016,9,3.6,0.97597233578
Delphi_MarkovianDeltaDensity,US National,1 wk ahead,2015/2016,10,3.1,0.50716951271
Delphi_MarkovianDeltaDensity,US National,1 wk ahead,2015/2016,11,2.8,0.28952316553
Delphi_MarkovianDeltaDensity,US National,1 wk ahead,2015/2016,12,2.5,0.79520496754
Delphi_MarkovianDeltaDensity,US National,1 wk ahead,2015/2016,13,2.1,0.1454751339
Delphi_MarkovianDeltaDensity,US National,1 wk ahead,2015/2016,14,2,0.6987428731
Delphi_MarkovianDeltaDensity,US National,1 wk ahead,2015/2016,15,1.9,0.60898756001
Delphi_MarkovianDeltaDensity,US National,1 wk ahead,2015/2016,16,1.7,0.24250084799
Delphi_MarkovianDeltaDensity,US National,1 wk ahead,2015/2016,17,1.6,0.27131297313
Delphi_MarkovianDeltaDensity,US National,1 wk ahead,2015/2016,18,1.4,0.00411357492
Delphi_MarkovianDeltaDensity,HHS Region 1,1 wk ahead,2015/2016,43,0.9,0.90157541438
Delphi_MarkovianDeltaDensity,HHS Region 1,1 wk ahead,2015/2016,44,0.8,0.73461797698
Delphi_MarkovianDeltaDensity,HHS Region 1,1 wk ahead,2015/2016,45,0.7,0.22784192647
Delphi_MarkovianDeltaDensity,HHS Region 1,1 wk ahead,2015/2016,46,1,0.99646740786
Delphi_MarkovianDeltaDensity,HHS Region 1,1 wk ahead,2015/2016,47,0.8,0.99691201825
Delphi_MarkovianDeltaDensity,HHS Region 1,1 wk ahead,2015/2016,48,1,0.93777725805
Delphi_MarkovianDeltaDensity,HHS Region 1,1 wk ahead,2015/2016,49,1,0.91278582926
Delphi_MarkovianDeltaDensity,HHS Region 1,1 wk ahead,2015/2016,50,1.4,0.99697298866
Delphi_MarkovianDeltaDensity,HHS Region 1,1 wk ahead,2015/2016,51,1.6,0.64999847458
Delphi_MarkovianDeltaDensity,HHS Region 1,1 wk ahead,2015/2016,52,1.3,0.99732979425
Delphi_MarkovianDeltaDensity,HHS Region 1,1 wk ahead,2015/2016,1,1.4,0.90038657001
Delphi_MarkovianDeltaDensity,HHS Region 1,1 wk ahead,2015/2016,2,1.5,0.49951679042
Delphi_MarkovianDeltaDensity,HHS Region 1,1 wk ahead,2015/2016,3,1.7,0.54040756044
Delphi_MarkovianDeltaDensity,HHS Region 1,1 wk ahead,2015/2016,4,1.8,0.64330725271
Delphi_MarkovianDeltaDensity,HHS Region 1,1 wk ahead,2015/2016,5,2,0.87909943521
Delphi_MarkovianDeltaDensity,HHS Region 1,1 wk ahead,2015/2016,6,2,0.78872954605
Delphi_MarkovianDeltaDensity,HHS Region 1,1 wk ahead,2015/2016,7,2,0.41437157089
Delphi_MarkovianDeltaDensity,HHS Region 1,1 wk ahead,2015/2016,8,2,0.91514791263
Delphi_MarkovianDeltaDensity,HHS Region 1,1 wk ahead,2015/2016,9,2.5,0.99752434329
Delphi_MarkovianDeltaDensity,HHS Region 1,1 wk ahead,2015/2016,10,2.2,0.62868665012
Delphi_MarkovianDeltaDensity,HHS Region 1,1 wk ahead,2015/2016,11,2,0.55532850606
Delphi_MarkovianDeltaDensity,HHS Region 1,1 wk ahead,2015/2016,12,2,0.55202567273
Delphi_MarkovianDeltaDensity,HHS Region 1,1 wk ahead,2015/2016,13,1.7,0.37139096314
Delphi_MarkovianDeltaDensity,HHS Region 1,1 wk ahead,2015/2016,14,1.6,0.74230743495
Delphi_MarkovianDeltaDensity,HHS Region 1,1 wk ahead,2015/2016,15,1.6,0.77919928109
Delphi_MarkovianDeltaDensity,HHS Region 1,1 wk ahead,2015/2016,16,1.1,0.23994992048
Delphi_MarkovianDeltaDensity,HHS Region 1,1 wk ahead,2015/2016,17,1.1,0.82478535782
Delphi_MarkovianDeltaDensity,HHS Region 1,1 wk ahead,2015/2016,18,0.9,0.71266321048
Delphi_MarkovianDeltaDensity,HHS Region 2,1 wk ahead,2015/2016,43,1.2,0.24074357115
Delphi_MarkovianDeltaDensity,HHS Region 2,1 wk ahead,2015/2016,44,1.1,0.00613513893
Delphi_MarkovianDeltaDensity,HHS Region 2,1 wk ahead,2015/2016,45,1.4,0.55619746627
Delphi_MarkovianDeltaDensity,HHS Region 2,1 wk ahead,2015/2016,46,1.4,0.38525237574
Delphi_MarkovianDeltaDensity,HHS Region 2,1 wk ahead,2015/2016,47,1.6,0.10806963061
Delphi_MarkovianDeltaDensity,HHS Region 2,1 wk ahead,2015/2016,48,1.9,0.05470383174
Delphi_MarkovianDeltaDensity,HHS Region 2,1 wk ahead,2015/2016,49,1.7,0.00126628459
Delphi_MarkovianDeltaDensity,HHS Region 2,1 wk ahead,2015/2016,50,2.3,0.05706086829
Delphi_MarkovianDeltaDensity,HHS Region 2,1 wk ahead,2015/2016,51,2.3,0.01448258418
Delphi_MarkovianDeltaDensity,HHS Region 2,1 wk ahead,2015/2016,52,1.8,0.99744429237
Delphi_MarkovianDeltaDensity,HHS Region 2,1 wk ahead,2015/2016,1,2.4,0.72289978117
Delphi_MarkovianDeltaDensity,HHS Region 2,1 wk ahead,2015/2016,2,2.2,0.00052190029
Delphi_MarkovianDeltaDensity,HHS Region 2,1 wk ahead,2015/2016,3,2.3,0.02689646374
Delphi_MarkovianDeltaDensity,HHS Region 2,1 wk ahead,2015/2016,4,2.5,0.48466754755
Delphi_MarkovianDeltaDensity,HHS Region 2,1 wk ahead,2015/2016,5,3.2,0.99678383035
Delphi_MarkovianDeltaDensity,HHS Region 2,1 wk ahead,2015/2016,6,2.8,0.00754342968
Delphi_MarkovianDeltaDensity,HHS Region 2,1 wk ahead,2015/2016,7,3.2,0.50960108389
Delphi_MarkovianDeltaDensity,HHS Region 2,1 wk ahead,2015/2016,8,3.7,0.72991108817
Delphi_MarkovianDeltaDensity,HHS Region 2,1 wk ahead,2015/2016,9,4,0.29031535819
Delphi_MarkovianDeltaDensity,HHS Region 2,1 wk ahead,2015/2016,10,4.1,0.15975562692
Delphi_MarkovianDeltaDensity,HHS Region 2,1 wk ahead,2015/2016,11,3.3,0.00690339076
Delphi_MarkovianDeltaDensity,HHS Region 2,1 wk ahead,2015/2016,12,2.3,0.00053781888
Delphi_MarkovianDeltaDensity,HHS Region 2,1 wk ahead,2015/2016,13,2,0.16419282833
Delphi_MarkovianDeltaDensity,HHS Region 2,1 wk ahead,2015/2016,14,2.2,0.02426841547
Delphi_MarkovianDeltaDensity,HHS Region 2,1 wk ahead,2015/2016,15,2,0.00047786572
Delphi_MarkovianDeltaDensity,HHS Region 2,1 wk ahead,2015/2016,16,1.7,0.0004114958
Delphi_MarkovianDeltaDensity,HHS Region 2,1 wk ahead,2015/2016,17,1.5,0.00036583782
Delphi_MarkovianDeltaDensity,HHS Region 2,1 wk ahead,2015/2016,18,1.3,0.00191092232
Delphi_MarkovianDeltaDensity,HHS Region 3,1 wk ahead,2015/2016,43,1.5,0.65465115349
Delphi_MarkovianDeltaDensity,HHS Region 3,1 wk ahead,2015/2016,44,1.6,0.60268800427
Delphi_MarkovianDeltaDensity,HHS Region 3,1 wk ahead,2015/2016,45,1.7,0.57799792511
Delphi_MarkovianDeltaDensity,HHS Region 3,1 wk ahead,2015/2016,46,2.2,0.65482938202
Delphi_MarkovianDeltaDensity,HHS Region 3,1 wk ahead,2015/2016,47,1.8,0.04446840321
Delphi_MarkovianDeltaDensity,HHS Region 3,1 wk ahead,2015/2016,48,2,0.35481305355
Delphi_MarkovianDeltaDensity,HHS Region 3,1 wk ahead,2015/2016,49,2.3,0.15432829638
Delphi_MarkovianDeltaDensity,HHS Region 3,1 wk ahead,2015/2016,50,2.8,0.757627802
Delphi_MarkovianDeltaDensity,HHS Region 3,1 wk ahead,2015/2016,51,3,0.71018614575
Delphi_MarkovianDeltaDensity,HHS Region 3,1 wk ahead,2015/2016,52,2.4,0.9859259301
Delphi_MarkovianDeltaDensity,HHS Region 3,1 wk ahead,2015/2016,1,2.3,0.54400164553
Delphi_MarkovianDeltaDensity,HHS Region 3,1 wk ahead,2015/2016,2,2.3,0.51877408
Delphi_MarkovianDeltaDensity,HHS Region 3,1 wk ahead,2015/2016,3,2.2,0.68794246377
Delphi_MarkovianDeltaDensity,HHS Region 3,1 wk ahead,2015/2016,4,2,0.17744702929
Delphi_MarkovianDeltaDensity,HHS Region 3,1 wk ahead,2015/2016,5,2.3,0.81180654074
Delphi_MarkovianDeltaDensity,HHS Region 3,1 wk ahead,2015/2016,6,2.6,0.7285820245
Delphi_MarkovianDeltaDensity,HHS Region 3,1 wk ahead,2015/2016,7,2.9,0.89505631914
Delphi_MarkovianDeltaDensity,HHS Region 3,1 wk ahead,2015/2016,8,3.3,0.94666561598
Delphi_MarkovianDeltaDensity,HHS Region 3,1 wk ahead,2015/2016,9,4,0.99794825949
Delphi_MarkovianDeltaDensity,HHS Region 3,1 wk ahead,2015/2016,10,3.2,0.45027289623
Delphi_MarkovianDeltaDensity,HHS Region 3,1 wk ahead,2015/2016,11,3,0.46270812304
Delphi_MarkovianDeltaDensity,HHS Region 3,1 wk ahead,2015/2016,12,2.5,0.26320172039
Delphi_MarkovianDeltaDensity,HHS Region 3,1 wk ahead,2015/2016,13,2.1,0.18114931766
Delphi_MarkovianDeltaDensity,HHS Region 3,1 wk ahead,2015/2016,14,2.2,0.96260498214
Delphi_MarkovianDeltaDensity,HHS Region 3,1 wk ahead,2015/2016,15,2.3,0.98531214324
Delphi_MarkovianDeltaDensity,HHS Region 3,1 wk ahead,2015/2016,16,2.2,0.90214553502
Delphi_MarkovianDeltaDensity,HHS Region 3,1 wk ahead,2015/2016,17,1.9,0.41296900061
Delphi_MarkovianDeltaDensity,HHS Region 3,1 wk ahead,2015/2016,18,1.7,0.53859730206
Delphi_MarkovianDeltaDensity,HHS Region 4,1 wk ahead,2015/2016,43,1.1,0.36844552605
Delphi_MarkovianDeltaDensity,HHS Region 4,1 wk ahead,2015/2016,44,1.2,0.69347921244
Delphi_MarkovianDeltaDensity,HHS Region 4,1 wk ahead,2015/2016,45,1.3,0.46206062956
Delphi_MarkovianDeltaDensity,HHS Region 4,1 wk ahead,2015/2016,46,1.7,0.89815730686
Delphi_MarkovianDeltaDensity,HHS Region 4,1 wk ahead,2015/2016,47,1.4,0.32405817628
Delphi_MarkovianDeltaDensity,HHS Region 4,1 wk ahead,2015/2016,48,1.4,0.18148069119
Delphi_MarkovianDeltaDensity,HHS Region 4,1 wk ahead,2015/2016,49,1.5,0.03253952372
Delphi_MarkovianDeltaDensity,HHS Region 4,1 wk ahead,2015/2016,50,1.9,0.30184641641
Delphi_MarkovianDeltaDensity,HHS Region 4,1 wk ahead,2015/2016,51,1.8,0.26604981458
Delphi_MarkovianDeltaDensity,HHS Region 4,1 wk ahead,2015/2016,52,1.4,0.99728352068
Delphi_MarkovianDeltaDensity,HHS Region 4,1 wk ahead,2015/2016,1,1.5,0.367078226
Delphi_MarkovianDeltaDensity,HHS Region 4,1 wk ahead,2015/2016,2,1.8,0.25276857134
Delphi_MarkovianDeltaDensity,HHS Region 4,1 wk ahead,2015/2016,3,1.9,0.36066354869
Delphi_MarkovianDeltaDensity,HHS Region 4,1 wk ahead,2015/2016,4,2.1,0.88944477876
Delphi_MarkovianDeltaDensity,HHS Region 4,1 wk ahead,2015/2016,5,2.3,0.57848669475
Delphi_MarkovianDeltaDensity,HHS Region 4,1 wk ahead,2015/2016,6,2.9,0.92215096804
Delphi_MarkovianDeltaDensity,HHS Region 4,1 wk ahead,2015/2016,7,3.4,0.92592954812
Delphi_MarkovianDeltaDensity,HHS Region 4,1 wk ahead,2015/2016,8,3.3,0.67459268128
Delphi_MarkovianDeltaDensity,HHS Region 4,1 wk ahead,2015/2016,9,3.6,0.91838893657
Delphi_MarkovianDeltaDensity,HHS Region 4,1 wk ahead,2015/2016,10,2.9,0.07645297693
Delphi_MarkovianDeltaDensity,HHS Region 4,1 wk ahead,2015/2016,11,2.8,0.5720708271
Delphi_MarkovianDeltaDensity,HHS Region 4,1 wk ahead,2015/2016,12,2.7,0.69539960419
Delphi_MarkovianDeltaDensity,HHS Region 4,1 wk ahead,2015/2016,13,2.1,0.26081987534
Delphi_MarkovianDeltaDensity,HHS Region 4,1 wk ahead,2015/2016,14,2,0.5438280023
Delphi_MarkovianDeltaDensity,HHS Region 4,1 wk ahead,2015/2016,15,2,0.98372714945
Delphi_MarkovianDeltaDensity,HHS Region 4,1 wk ahead,2015/2016,16,1.8,0.8927160296
Delphi_MarkovianDeltaDensity,HHS Region 4,1 wk ahead,2015/2016,17,1.7,0.80712290602
Delphi_MarkovianDeltaDensity,HHS Region 4,1 wk ahead,2015/2016,18,1.4,0.02877696965
Delphi_MarkovianDeltaDensity,HHS Region 5,1 wk ahead,2015/2016,43,1.2,0.86938538494
Delphi_MarkovianDeltaDensity,HHS Region 5,1 wk ahead,2015/2016,44,1.3,0.92579441267
Delphi_MarkovianDeltaDensity,HHS Region 5,1 wk ahead,2015/2016,45,1.2,0.21279626738
Delphi_MarkovianDeltaDensity,HHS Region 5,1 wk ahead,2015/2016,46,1.4,0.46267604545
Delphi_MarkovianDeltaDensity,HHS Region 5,1 wk ahead,2015/2016,47,1.1,0.03333170823
Delphi_MarkovianDeltaDensity,HHS Region 5,1 wk ahead,2015/2016,48,1.4,0.48465123796
Delphi_MarkovianDeltaDensity,HHS Region 5,1 wk ahead,2015/2016,49,1.5,0.65307296069
Delphi_MarkovianDeltaDensity,HHS Region 5,1 wk ahead,2015/2016,50,1.8,0.53361206078
Delphi_MarkovianDeltaDensity,HHS Region 5,1 wk ahead,2015/2016,51,1.7,0.33039052606
Delphi_MarkovianDeltaDensity,HHS Region 5,1 wk ahead,2015/2016,52,1.4,0.374019296
Delphi_MarkovianDeltaDensity,HHS Region 5,1 wk ahead,2015/2016,1,1.4,0.86772601758
Delphi_MarkovianDeltaDensity,HHS Region 5,1 wk ahead,2015/2016,2,1.4,0.04076609905
Delphi_MarkovianDeltaDensity,HHS Region 5,1 wk ahead,2015/2016,3,1.4,0.38090805884
Delphi_MarkovianDeltaDensity,HHS Region 5,1 wk ahead,2015/2016,4,1.6,0.52207395858
Delphi_MarkovianDeltaDensity,HHS Region 5,1 wk ahead,2015/2016,5,1.8,0.83181661326
Delphi_MarkovianDeltaDensity,HHS Region 5,1 wk ahead,2015/2016,6,2.1,0.64379034442
Delphi_MarkovianDeltaDensity,HHS Region 5,1 wk ahead,2015/2016,7,2.6,0.9332060057
Delphi_MarkovianDeltaDensity,HHS Region 5,1 wk ahead,2015/2016,8,2.9,0.99171517478
Delphi_MarkovianDeltaDensity,HHS Region 5,1 wk ahead,2015/2016,9,3.3,0.9282796181
Delphi_MarkovianDeltaDensity,HHS Region 5,1 wk ahead,2015/2016,10,2.6,0.00844125767
Delphi_MarkovianDeltaDensity,HHS Region 5,1 wk ahead,2015/2016,11,2.3,0.2422996511
Delphi_MarkovianDeltaDensity,HHS Region 5,1 wk ahead,2015/2016,12,2,0.35091885167
Delphi_MarkovianDeltaDensity,HHS Region 5,1 wk ahead,2015/2016,13,1.6,0.16688680809
Delphi_MarkovianDeltaDensity,HHS Region 5,1 wk ahead,2015/2016,14,1.5,0.34420854545
Delphi_MarkovianDeltaDensity,HHS Region 5,1 wk ahead,2015/2016,15,1.5,0.66044848993
Delphi_MarkovianDeltaDensity,HHS Region 5,1 wk ahead,2015/2016,16,1.4,0.70261080949
Delphi_MarkovianDeltaDensity,HHS Region 5,1 wk ahead,2015/2016,17,1,0.1097938913
Delphi_MarkovianDeltaDensity,HHS Region 5,1 wk ahead,2015/2016,18,1.2,0.99730659634
Delphi_MarkovianDeltaDensity,HHS Region 6,1 wk ahead,2015/2016,43,3,0.00142115003
Delphi_MarkovianDeltaDensity,HHS Region 6,1 wk ahead,2015/2016,44,3.5,0.60377287081
Delphi_MarkovianDeltaDensity,HHS Region 6,1 wk ahead,2015/2016,45,3.4,0.38395395214
Delphi_MarkovianDeltaDensity,HHS Region 6,1 wk ahead,2015/2016,46,4.2,0.63736949405
Delphi_MarkovianDeltaDensity,HHS Region 6,1 wk ahead,2015/2016,47,3.9,0.06811684368
Delphi_MarkovianDeltaDensity,HHS Region 6,1 wk ahead,2015/2016,48,4,0.03668982708
Delphi_MarkovianDeltaDensity,HHS Region 6,1 wk ahead,2015/2016,49,4.1,0.04595043959
Delphi_MarkovianDeltaDensity,HHS Region 6,1 wk ahead,2015/2016,50,4.5,0.18005082823
Delphi_MarkovianDeltaDensity,HHS Region 6,1 wk ahead,2015/2016,51,5,0.49316362941
Delphi_MarkovianDeltaDensity,HHS Region 6,1 wk ahead,2015/2016,52,4.1,0.00095735516
Delphi_MarkovianDeltaDensity,HHS Region 6,1 wk ahead,2015/2016,1,3.8,0.31786571723
Delphi_MarkovianDeltaDensity,HHS Region 6,1 wk ahead,2015/2016,2,4.1,0.62778215823
Delphi_MarkovianDeltaDensity,HHS Region 6,1 wk ahead,2015/2016,3,4.5,0.59617074905
Delphi_MarkovianDeltaDensity,HHS Region 6,1 wk ahead,2015/2016,4,4.4,0.14242414458
Delphi_MarkovianDeltaDensity,HHS Region 6,1 wk ahead,2015/2016,5,5.1,0.83197837767
Delphi_MarkovianDeltaDensity,HHS Region 6,1 wk ahead,2015/2016,6,5.6,0.74758521588
Delphi_MarkovianDeltaDensity,HHS Region 6,1 wk ahead,2015/2016,7,4.5,0.05870071422
Delphi_MarkovianDeltaDensity,HHS Region 6,1 wk ahead,2015/2016,8,4.7,0.98217855022
Delphi_MarkovianDeltaDensity,HHS Region 6,1 wk ahead,2015/2016,9,4.4,0.51019527649
Delphi_MarkovianDeltaDensity,HHS Region 6,1 wk ahead,2015/2016,10,3.9,0.11780374814
Delphi_MarkovianDeltaDensity,HHS Region 6,1 wk ahead,2015/2016,11,3.6,0.35806523939
Delphi_MarkovianDeltaDensity,HHS Region 6,1 wk ahead,2015/2016,12,3.3,0.60617230437
Delphi_MarkovianDeltaDensity,HHS Region 6,1 wk ahead,2015/2016,13,2.9,0.26590596159
Delphi_MarkovianDeltaDensity,HHS Region 6,1 wk ahead,2015/2016,14,3.1,0.86275703591
Delphi_MarkovianDeltaDensity,HHS Region 6,1 wk ahead,2015/2016,15,3,0.9550712253
Delphi_MarkovianDeltaDensity,HHS Region 6,1 wk ahead,2015/2016,16,2.8,0.87761398681
Delphi_MarkovianDeltaDensity,HHS Region 6,1 wk ahead,2015/2016,17,2.7,0.6843765925
Delphi_MarkovianDeltaDensity,HHS Region 6,1 wk ahead,2015/2016,18,2.3,0.43718466654
Delphi_MarkovianDeltaDensity,HHS Region 7,1 wk ahead,2015/2016,43,1.2,0.99622712708
Delphi_MarkovianDeltaDensity,HHS Region 7,1 wk ahead,2015/2016,44,1.2,0.82446581784
Delphi_MarkovianDeltaDensity,HHS Region 7,1 wk ahead,2015/2016,45,1.1,0.14435758241
Delphi_MarkovianDeltaDensity,HHS Region 7,1 wk ahead,2015/2016,46,1.3,0.87882295215
Delphi_MarkovianDeltaDensity,HHS Region 7,1 wk ahead,2015/2016,47,1,0.07264791537
Delphi_MarkovianDeltaDensity,HHS Region 7,1 wk ahead,2015/2016,48,0.9,0.12286508294
Delphi_MarkovianDeltaDensity,HHS Region 7,1 wk ahead,2015/2016,49,1.2,0.39077107449
Delphi_MarkovianDeltaDensity,HHS Region 7,1 wk ahead,2015/2016,50,1.4,0.2842424477
Delphi_MarkovianDeltaDensity,HHS Region 7,1 wk ahead,2015/2016,51,1.6,0.16371760459
Delphi_MarkovianDeltaDensity,HHS Region 7,1 wk ahead,2015/2016,52,1.4,0.60821514377
Delphi_MarkovianDeltaDensity,HHS Region 7,1 wk ahead,2015/2016,1,1.1,0.05177071878
Delphi_MarkovianDeltaDensity,HHS Region 7,1 wk ahead,2015/2016,2,1.2,0.24200792725
Delphi_MarkovianDeltaDensity,HHS Region 7,1 wk ahead,2015/2016,3,1.2,0.05523460361
Delphi_MarkovianDeltaDensity,HHS Region 7,1 wk ahead,2015/2016,4,1.1,0.05856684267
Delphi_MarkovianDeltaDensity,HHS Region 7,1 wk ahead,2015/2016,5,1.5,0.6075868105
Delphi_MarkovianDeltaDensity,HHS Region 7,1 wk ahead,2015/2016,6,1.8,0.93640679281
Delphi_MarkovianDeltaDensity,HHS Region 7,1 wk ahead,2015/2016,7,1.8,0.42192308443
Delphi_MarkovianDeltaDensity,HHS Region 7,1 wk ahead,2015/2016,8,2.4,0.92880714872
Delphi_MarkovianDeltaDensity,HHS Region 7,1 wk ahead,2015/2016,9,2.5,0.65067841228
Delphi_MarkovianDeltaDensity,HHS Region 7,1 wk ahead,2015/2016,10,2,0.20001303079
Delphi_MarkovianDeltaDensity,HHS Region 7,1 wk ahead,2015/2016,11,2.1,0.88644166933
Delphi_MarkovianDeltaDensity,HHS Region 7,1 wk ahead,2015/2016,12,2.1,0.71315852488
Delphi_MarkovianDeltaDensity,HHS Region 7,1 wk ahead,2015/2016,13,1.5,0.25437761471
Delphi_MarkovianDeltaDensity,HHS Region 7,1 wk ahead,2015/2016,14,1.4,0.53502861822
Delphi_MarkovianDeltaDensity,HHS Region 7,1 wk ahead,2015/2016,15,1.2,0.3044817572
Delphi_MarkovianDeltaDensity,HHS Region 7,1 wk ahead,2015/2016,16,1,0.64865561364
Delphi_MarkovianDeltaDensity,HHS Region 7,1 wk ahead,2015/2016,17,0.9,0.5235365752
Delphi_MarkovianDeltaDensity,HHS Region 7,1 wk ahead,2015/2016,18,0.7,0.41021087972
Delphi_MarkovianDeltaDensity,HHS Region 8,1 wk ahead,2015/2016,43,0.7,0.7017270003
Delphi_MarkovianDeltaDensity,HHS Region 8,1 wk ahead,2015/2016,44,0.7,0.37502597925
Delphi_MarkovianDeltaDensity,HHS Region 8,1 wk ahead,2015/2016,45,0.8,0.43899962973
Delphi_MarkovianDeltaDensity,HHS Region 8,1 wk ahead,2015/2016,46,1,0.92510979986
Delphi_MarkovianDeltaDensity,HHS Region 8,1 wk ahead,2015/2016,47,0.7,0.00020065635
Delphi_MarkovianDeltaDensity,HHS Region 8,1 wk ahead,2015/2016,48,0.9,0.44663301626
Delphi_MarkovianDeltaDensity,HHS Region 8,1 wk ahead,2015/2016,49,0.9,0.27035115104
Delphi_MarkovianDeltaDensity,HHS Region 8,1 wk ahead,2015/2016,50,1.2,0.95611390831
Delphi_MarkovianDeltaDensity,HHS Region 8,1 wk ahead,2015/2016,51,1.5,0.68596672889
Delphi_MarkovianDeltaDensity,HHS Region 8,1 wk ahead,2015/2016,52,1.1,0.414622856
Delphi_MarkovianDeltaDensity,HHS Region 8,1 wk ahead,2015/2016,1,1.2,0.6506785689
Delphi_MarkovianDeltaDensity,HHS Region 8,1 wk ahead,2015/2016,2,1.2,0.09060829652
Delphi_MarkovianDeltaDensity,HHS Region 8,1 wk ahead,2015/2016,3,1.3,0.36525026633
Delphi_MarkovianDeltaDensity,HHS Region 8,1 wk ahead,2015/2016,4,1.6,0.96686385554
Delphi_MarkovianDeltaDensity,HHS Region 8,1 wk ahead,2015/2016,5,1.8,0.93918302615
Delphi_MarkovianDeltaDensity,HHS Region 8,1 wk ahead,2015/2016,6,2.1,0.9828691976
Delphi_MarkovianDeltaDensity,HHS Region 8,1 wk ahead,2015/2016,7,2.2,0.75190259577
Delphi_MarkovianDeltaDensity,HHS Region 8,1 wk ahead,2015/2016,8,2,0.4457164624
Delphi_MarkovianDeltaDensity,HHS Region 8,1 wk ahead,2015/2016,9,2.1,0.87201339431
Delphi_MarkovianDeltaDensity,HHS Region 8,1 wk ahead,2015/2016,10,2.2,0.77413575014
Delphi_MarkovianDeltaDensity,HHS Region 8,1 wk ahead,2015/2016,11,1.9,0.455577163
Delphi_MarkovianDeltaDensity,HHS Region 8,1 wk ahead,2015/2016,12,1.8,0.78825445239
Delphi_MarkovianDeltaDensity,HHS Region 8,1 wk ahead,2015/2016,13,1.7,0.67625961795
Delphi_MarkovianDeltaDensity,HHS Region 8,1 wk ahead,2015/2016,14,1.3,0.48304403552
Delphi_MarkovianDeltaDensity,HHS Region 8,1 wk ahead,2015/2016,15,1.2,0.75082627163
Delphi_MarkovianDeltaDensity,HHS Region 8,1 wk ahead,2015/2016,16,1,0.60614435191
Delphi_MarkovianDeltaDensity,HHS Region 8,1 wk ahead,2015/2016,17,1,0.99725097157
Delphi_MarkovianDeltaDensity,HHS Region 8,1 wk ahead,2015/2016,18,0.8,0.690233943
Delphi_MarkovianDeltaDensity,HHS Region 9,1 wk ahead,2015/2016,43,1.9,0.89418412428
Delphi_MarkovianDeltaDensity,HHS Region 9,1 wk ahead,2015/2016,44,1.8,0.79738443853
Delphi_MarkovianDeltaDensity,HHS Region 9,1 wk ahead,2015/2016,45,2,0.82795450621
Delphi_MarkovianDeltaDensity,HHS Region 9,1 wk ahead,2015/2016,46,2.3,0.99197744494
Delphi_MarkovianDeltaDensity,HHS Region 9,1 wk ahead,2015/2016,47,2,0.43214899134
Delphi_MarkovianDeltaDensity,HHS Region 9,1 wk ahead,2015/2016,48,2,0.18894931406
Delphi_MarkovianDeltaDensity,HHS Region 9,1 wk ahead,2015/2016,49,2.1,0.29806429491
Delphi_MarkovianDeltaDensity,HHS Region 9,1 wk ahead,2015/2016,50,2.8,0.30203958626
Delphi_MarkovianDeltaDensity,HHS Region 9,1 wk ahead,2015/2016,51,3,0.410889466
Delphi_MarkovianDeltaDensity,HHS Region 9,1 wk ahead,2015/2016,52,2.4,0.000557174101
Delphi_MarkovianDeltaDensity,HHS Region 9,1 wk ahead,2015/2016,1,2.4,0.87759075457
Delphi_MarkovianDeltaDensity,HHS Region 9,1 wk ahead,2015/2016,2,2.6,0.29195370133
Delphi_MarkovianDeltaDensity,HHS Region 9,1 wk ahead,2015/2016,3,2.8,0.64435309478
Delphi_MarkovianDeltaDensity,HHS Region 9,1 wk ahead,2015/2016,4,3.2,0.99753038771
Delphi_MarkovianDeltaDensity,HHS Region 9,1 wk ahead,2015/2016,5,4,0.99794895746
Delphi_MarkovianDeltaDensity,HHS Region 9,1 wk ahead,2015/2016,6,4.4,0.79936914614
Delphi_MarkovianDeltaDensity,HHS Region 9,1 wk ahead,2015/2016,7,3.9,0.53921150932
Delphi_MarkovianDeltaDensity,HHS Region 9,1 wk ahead,2015/2016,8,3.8,0.53722205593
Delphi_MarkovianDeltaDensity,HHS Region 9,1 wk ahead,2015/2016,9,3.8,0.88359219386
Delphi_MarkovianDeltaDensity,HHS Region 9,1 wk ahead,2015/2016,10,3.3,0.31482215936
Delphi_MarkovianDeltaDensity,HHS Region 9,1 wk ahead,2015/2016,11,3,0.26572394112
Delphi_MarkovianDeltaDensity,HHS Region 9,1 wk ahead,2015/2016,12,2.8,0.47713659544
Delphi_MarkovianDeltaDensity,HHS Region 9,1 wk ahead,2015/2016,13,2.3,0.20568067289
Delphi_MarkovianDeltaDensity,HHS Region 9,1 wk ahead,2015/2016,14,2,0.31940415228
Delphi_MarkovianDeltaDensity,HHS Region 9,1 wk ahead,2015/2016,15,1.8,0.21018484057
Delphi_MarkovianDeltaDensity,HHS Region 9,1 wk ahead,2015/2016,16,1.8,0.14082353255
Delphi_MarkovianDeltaDensity,HHS Region 9,1 wk ahead,2015/2016,17,1.8,0.70235964782
Delphi_MarkovianDeltaDensity,HHS Region 9,1 wk ahead,2015/2016,18,1.5,0.04198072821
Delphi_MarkovianDeltaDensity,HHS Region 10,1 wk ahead,2015/2016,43,0.5,0.08772816633
Delphi_MarkovianDeltaDensity,HHS Region 10,1 wk ahead,2015/2016,44,0.9,0.9210579589
Delphi_MarkovianDeltaDensity,HHS Region 10,1 wk ahead,2015/2016,45,0.7,0.51104414245
Delphi_MarkovianDeltaDensity,HHS Region 10,1 wk ahead,2015/2016,46,0.8,0.33450260264
Delphi_MarkovianDeltaDensity,HHS Region 10,1 wk ahead,2015/2016,47,0.8,0.15821854552
Delphi_MarkovianDeltaDensity,HHS Region 10,1 wk ahead,2015/2016,48,0.6,0.23081418
Delphi_MarkovianDeltaDensity,HHS Region 10,1 wk ahead,2015/2016,49,0.7,0.45498465746
Delphi_MarkovianDeltaDensity,HHS Region 10,1 wk ahead,2015/2016,50,0.7,0.26772996408
Delphi_MarkovianDeltaDensity,HHS Region 10,1 wk ahead,2015/2016,51,0.8,0.36778647157
Delphi_MarkovianDeltaDensity,HHS Region 10,1 wk ahead,2015/2016,52,0.9,0.893602875904
Delphi_MarkovianDeltaDensity,HHS Region 10,1 wk ahead,2015/2016,1,1.1,0.79465810323
Delphi_MarkovianDeltaDensity,HHS Region 10,1 wk ahead,2015/2016,2,1.4,0.46838806572
Delphi_MarkovianDeltaDensity,HHS Region 10,1 wk ahead,2015/2016,3,1.4,0.4488761133
Delphi_MarkovianDeltaDensity,HHS Region 10,1 wk ahead,2015/2016,4,1.7,0.851552827
Delphi_MarkovianDeltaDensity,HHS Region 10,1 wk ahead,2015/2016,5,1.7,0.69341393373
Delphi_MarkovianDeltaDensity,HHS Region 10,1 wk ahead,2015/2016,6,2.4,0.90600383994
Delphi_MarkovianDeltaDensity,HHS Region 10,1 wk ahead,2015/2016,7,2.1,0.82845763368
Delphi_MarkovianDeltaDensity,HHS Region 10,1 wk ahead,2015/2016,8,2,0.67084277232
Delphi_MarkovianDeltaDensity,HHS Region 10,1 wk ahead,2015/2016,9,2.2,0.91902494093
Delphi_MarkovianDeltaDensity,HHS Region 10,1 wk ahead,2015/2016,10,2.2,0.87012798804
Delphi_MarkovianDeltaDensity,HHS Region 10,1 wk ahead,2015/2016,11,1.7,0.82514753031
Delphi_MarkovianDeltaDensity,HHS Region 10,1 wk ahead,2015/2016,12,1.8,0.92384170719
Delphi_MarkovianDeltaDensity,HHS Region 10,1 wk ahead,2015/2016,13,1.7,0.98833850232
Delphi_MarkovianDeltaDensity,HHS Region 10,1 wk ahead,2015/2016,14,1,0.10158000714
Delphi_MarkovianDeltaDensity,HHS Region 10,1 wk ahead,2015/2016,15,0.8,0.37587245769
Delphi_MarkovianDeltaDensity,HHS Region 10,1 wk ahead,2015/2016,16,0.7,0.35166490284
Delphi_MarkovianDeltaDensity,HHS Region 10,1 wk ahead,2015/2016,17,0.9,0.99027259234
Delphi_MarkovianDeltaDensity,HHS Region 10,1 wk ahead,2015/2016,18,0.5,0.11413311292
