model_name,location,target,season,calendar_week,valid.bin_start_incl,cdf
ReichLab_sarima_seasonal_difference_TRUE,US National,2 wk ahead,2015/2016,43,1.5,0.5579
ReichLab_sarima_seasonal_difference_TRUE,US National,2 wk ahead,2015/2016,44,1.6,0.4701
ReichLab_sarima_seasonal_difference_TRUE,US National,2 wk ahead,2015/2016,45,1.9,0.1621
ReichLab_sarima_seasonal_difference_TRUE,US National,2 wk ahead,2015/2016,46,1.7,0.2015
ReichLab_sarima_seasonal_difference_TRUE,US National,2 wk ahead,2015/2016,47,1.8,0.098
ReichLab_sarima_seasonal_difference_TRUE,US National,2 wk ahead,2015/2016,48,1.9,0.0133
ReichLab_sarima_seasonal_difference_TRUE,US National,2 wk ahead,2015/2016,49,2.4,0.0349
ReichLab_sarima_seasonal_difference_TRUE,US National,2 wk ahead,2015/2016,50,2.5,0.2984
ReichLab_sarima_seasonal_difference_TRUE,US National,2 wk ahead,2015/2016,51,2,0.5254
ReichLab_sarima_seasonal_difference_TRUE,US National,2 wk ahead,2015/2016,52,2,0.2035
ReichLab_sarima_seasonal_difference_TRUE,US National,2 wk ahead,2015/2016,1,2.2,0.5732
ReichLab_sarima_seasonal_difference_TRUE,US National,2 wk ahead,2015/2016,2,2.3,0.652
ReichLab_sarima_seasonal_difference_TRUE,US National,2 wk ahead,2015/2016,3,2.4,0.8185
ReichLab_sarima_seasonal_difference_TRUE,US National,2 wk ahead,2015/2016,4,2.8,0.9618
ReichLab_sarima_seasonal_difference_TRUE,US National,2 wk ahead,2015/2016,5,3.2,0.9866
ReichLab_sarima_seasonal_difference_TRUE,US National,2 wk ahead,2015/2016,6,3.2,0.8283
ReichLab_sarima_seasonal_difference_TRUE,US National,2 wk ahead,2015/2016,7,3.3,0.781
ReichLab_sarima_seasonal_difference_TRUE,US National,2 wk ahead,2015/2016,8,3.6,0.8804
ReichLab_sarima_seasonal_difference_TRUE,US National,2 wk ahead,2015/2016,9,3.1,0.5944
ReichLab_sarima_seasonal_difference_TRUE,US National,2 wk ahead,2015/2016,10,2.8,0.2741
ReichLab_sarima_seasonal_difference_TRUE,US National,2 wk ahead,2015/2016,11,2.5,0.328
ReichLab_sarima_seasonal_difference_TRUE,US National,2 wk ahead,2015/2016,12,2.1,0.3323
ReichLab_sarima_seasonal_difference_TRUE,US National,2 wk ahead,2015/2016,13,2,0.695
ReichLab_sarima_seasonal_difference_TRUE,US National,2 wk ahead,2015/2016,14,1.9,0.8365
ReichLab_sarima_seasonal_difference_TRUE,US National,2 wk ahead,2015/2016,15,1.7,0.4194
ReichLab_sarima_seasonal_difference_TRUE,US National,2 wk ahead,2015/2016,16,1.6,0.2126
ReichLab_sarima_seasonal_difference_TRUE,US National,2 wk ahead,2015/2016,17,1.4,0.1949
ReichLab_sarima_seasonal_difference_TRUE,US National,2 wk ahead,2015/2016,18,1.3,0.2053
ReichLab_sarima_seasonal_difference_TRUE,HHS Region 1,2 wk ahead,2015/2016,43,0.8,0.5138
ReichLab_sarima_seasonal_difference_TRUE,HHS Region 1,2 wk ahead,2015/2016,44,0.7,0.6882
ReichLab_sarima_seasonal_difference_TRUE,HHS Region 1,2 wk ahead,2015/2016,45,1,0.6149
ReichLab_sarima_seasonal_difference_TRUE,HHS Region 1,2 wk ahead,2015/2016,46,0.8,0.5418
ReichLab_sarima_seasonal_difference_TRUE,HHS Region 1,2 wk ahead,2015/2016,47,1,0.6658
ReichLab_sarima_seasonal_difference_TRUE,HHS Region 1,2 wk ahead,2015/2016,48,1,0.5307
ReichLab_sarima_seasonal_difference_TRUE,HHS Region 1,2 wk ahead,2015/2016,49,1.4,0.5217
ReichLab_sarima_seasonal_difference_TRUE,HHS Region 1,2 wk ahead,2015/2016,50,1.6,0.6218
ReichLab_sarima_seasonal_difference_TRUE,HHS Region 1,2 wk ahead,2015/2016,51,1.3,0.4559
ReichLab_sarima_seasonal_difference_TRUE,HHS Region 1,2 wk ahead,2015/2016,52,1.4,0.293
ReichLab_sarima_seasonal_difference_TRUE,HHS Region 1,2 wk ahead,2015/2016,1,1.5,0.1605
ReichLab_sarima_seasonal_difference_TRUE,HHS Region 1,2 wk ahead,2015/2016,2,1.7,0.2723
ReichLab_sarima_seasonal_difference_TRUE,HHS Region 1,2 wk ahead,2015/2016,3,1.8,0.3663
ReichLab_sarima_seasonal_difference_TRUE,HHS Region 1,2 wk ahead,2015/2016,4,2,0.5535
ReichLab_sarima_seasonal_difference_TRUE,HHS Region 1,2 wk ahead,2015/2016,5,2,0.5976
ReichLab_sarima_seasonal_difference_TRUE,HHS Region 1,2 wk ahead,2015/2016,6,2,0.7611
ReichLab_sarima_seasonal_difference_TRUE,HHS Region 1,2 wk ahead,2015/2016,7,2,0.7259
ReichLab_sarima_seasonal_difference_TRUE,HHS Region 1,2 wk ahead,2015/2016,8,2.5,0.9267
ReichLab_sarima_seasonal_difference_TRUE,HHS Region 1,2 wk ahead,2015/2016,9,2.2,0.7113
ReichLab_sarima_seasonal_difference_TRUE,HHS Region 1,2 wk ahead,2015/2016,10,2,0.5277
ReichLab_sarima_seasonal_difference_TRUE,HHS Region 1,2 wk ahead,2015/2016,11,2,0.5398
ReichLab_sarima_seasonal_difference_TRUE,HHS Region 1,2 wk ahead,2015/2016,12,1.7,0.3954
ReichLab_sarima_seasonal_difference_TRUE,HHS Region 1,2 wk ahead,2015/2016,13,1.6,0.5099
ReichLab_sarima_seasonal_difference_TRUE,HHS Region 1,2 wk ahead,2015/2016,14,1.6,0.6587
ReichLab_sarima_seasonal_difference_TRUE,HHS Region 1,2 wk ahead,2015/2016,15,1.1,0.4873
ReichLab_sarima_seasonal_difference_TRUE,HHS Region 1,2 wk ahead,2015/2016,16,1.1,0.5479
ReichLab_sarima_seasonal_difference_TRUE,HHS Region 1,2 wk ahead,2015/2016,17,0.9,0.5326
ReichLab_sarima_seasonal_difference_TRUE,HHS Region 1,2 wk ahead,2015/2016,18,0.9,0.8138
ReichLab_sarima_seasonal_difference_TRUE,HHS Region 2,2 wk ahead,2015/2016,43,1.1,0.4169
ReichLab_sarima_seasonal_difference_TRUE,HHS Region 2,2 wk ahead,2015/2016,44,1.4,0.2618
ReichLab_sarima_seasonal_difference_TRUE,HHS Region 2,2 wk ahead,2015/2016,45,1.4,0.2258
ReichLab_sarima_seasonal_difference_TRUE,HHS Region 2,2 wk ahead,2015/2016,46,1.6,0.4095
ReichLab_sarima_seasonal_difference_TRUE,HHS Region 2,2 wk ahead,2015/2016,47,1.9,0.2998
ReichLab_sarima_seasonal_difference_TRUE,HHS Region 2,2 wk ahead,2015/2016,48,1.7,0.0617
ReichLab_sarima_seasonal_difference_TRUE,HHS Region 2,2 wk ahead,2015/2016,49,2.3,0.031
ReichLab_sarima_seasonal_difference_TRUE,HHS Region 2,2 wk ahead,2015/2016,50,2.3,0.1336
ReichLab_sarima_seasonal_difference_TRUE,HHS Region 2,2 wk ahead,2015/2016,51,1.8,0.0883
ReichLab_sarima_seasonal_difference_TRUE,HHS Region 2,2 wk ahead,2015/2016,52,2.4,0.1461
ReichLab_sarima_seasonal_difference_TRUE,HHS Region 2,2 wk ahead,2015/2016,1,2.2,0.2897
ReichLab_sarima_seasonal_difference_TRUE,HHS Region 2,2 wk ahead,2015/2016,2,2.3,0.1728
ReichLab_sarima_seasonal_difference_TRUE,HHS Region 2,2 wk ahead,2015/2016,3,2.5,0.3325
ReichLab_sarima_seasonal_difference_TRUE,HHS Region 2,2 wk ahead,2015/2016,4,3.2,0.5851
ReichLab_sarima_seasonal_difference_TRUE,HHS Region 2,2 wk ahead,2015/2016,5,2.8,0.5509
ReichLab_sarima_seasonal_difference_TRUE,HHS Region 2,2 wk ahead,2015/2016,6,3.2,0.5915
ReichLab_sarima_seasonal_difference_TRUE,HHS Region 2,2 wk ahead,2015/2016,7,3.7,0.6847
ReichLab_sarima_seasonal_difference_TRUE,HHS Region 2,2 wk ahead,2015/2016,8,4,0.7004
ReichLab_sarima_seasonal_difference_TRUE,HHS Region 2,2 wk ahead,2015/2016,9,4.1,0.4938
ReichLab_sarima_seasonal_difference_TRUE,HHS Region 2,2 wk ahead,2015/2016,10,3.3,0.2457
ReichLab_sarima_seasonal_difference_TRUE,HHS Region 2,2 wk ahead,2015/2016,11,2.3,0.1246
ReichLab_sarima_seasonal_difference_TRUE,HHS Region 2,2 wk ahead,2015/2016,12,2,0.1359
ReichLab_sarima_seasonal_difference_TRUE,HHS Region 2,2 wk ahead,2015/2016,13,2.2,0.5737
ReichLab_sarima_seasonal_difference_TRUE,HHS Region 2,2 wk ahead,2015/2016,14,2,0.4584
ReichLab_sarima_seasonal_difference_TRUE,HHS Region 2,2 wk ahead,2015/2016,15,1.7,0.1464
ReichLab_sarima_seasonal_difference_TRUE,HHS Region 2,2 wk ahead,2015/2016,16,1.5,0.1607
ReichLab_sarima_seasonal_difference_TRUE,HHS Region 2,2 wk ahead,2015/2016,17,1.3,0.1363
ReichLab_sarima_seasonal_difference_TRUE,HHS Region 2,2 wk ahead,2015/2016,18,1.3,0.2317
ReichLab_sarima_seasonal_difference_TRUE,HHS Region 3,2 wk ahead,2015/2016,43,1.6,0.6002
ReichLab_sarima_seasonal_difference_TRUE,HHS Region 3,2 wk ahead,2015/2016,44,1.7,0.5824
ReichLab_sarima_seasonal_difference_TRUE,HHS Region 3,2 wk ahead,2015/2016,45,2.2,0.3997
ReichLab_sarima_seasonal_difference_TRUE,HHS Region 3,2 wk ahead,2015/2016,46,1.8,0.3191
ReichLab_sarima_seasonal_difference_TRUE,HHS Region 3,2 wk ahead,2015/2016,47,2,0.2054
ReichLab_sarima_seasonal_difference_TRUE,HHS Region 3,2 wk ahead,2015/2016,48,2.3,0.0762
ReichLab_sarima_seasonal_difference_TRUE,HHS Region 3,2 wk ahead,2015/2016,49,2.8,0.0358
ReichLab_sarima_seasonal_difference_TRUE,HHS Region 3,2 wk ahead,2015/2016,50,3,0.1819
ReichLab_sarima_seasonal_difference_TRUE,HHS Region 3,2 wk ahead,2015/2016,51,2.4,0.4909
ReichLab_sarima_seasonal_difference_TRUE,HHS Region 3,2 wk ahead,2015/2016,52,2.3,0.5582
ReichLab_sarima_seasonal_difference_TRUE,HHS Region 3,2 wk ahead,2015/2016,1,2.3,0.3637
ReichLab_sarima_seasonal_difference_TRUE,HHS Region 3,2 wk ahead,2015/2016,2,2.2,0.319
ReichLab_sarima_seasonal_difference_TRUE,HHS Region 3,2 wk ahead,2015/2016,3,2,0.4634
ReichLab_sarima_seasonal_difference_TRUE,HHS Region 3,2 wk ahead,2015/2016,4,2.3,0.7649
ReichLab_sarima_seasonal_difference_TRUE,HHS Region 3,2 wk ahead,2015/2016,5,2.6,0.8817
ReichLab_sarima_seasonal_difference_TRUE,HHS Region 3,2 wk ahead,2015/2016,6,2.9,0.9401
ReichLab_sarima_seasonal_difference_TRUE,HHS Region 3,2 wk ahead,2015/2016,7,3.3,0.9264
ReichLab_sarima_seasonal_difference_TRUE,HHS Region 3,2 wk ahead,2015/2016,8,4,0.8985
ReichLab_sarima_seasonal_difference_TRUE,HHS Region 3,2 wk ahead,2015/2016,9,3.2,0.8434
ReichLab_sarima_seasonal_difference_TRUE,HHS Region 3,2 wk ahead,2015/2016,10,3,0.5562
ReichLab_sarima_seasonal_difference_TRUE,HHS Region 3,2 wk ahead,2015/2016,11,2.5,0.4368
ReichLab_sarima_seasonal_difference_TRUE,HHS Region 3,2 wk ahead,2015/2016,12,2.1,0.3613
ReichLab_sarima_seasonal_difference_TRUE,HHS Region 3,2 wk ahead,2015/2016,13,2.2,0.614
ReichLab_sarima_seasonal_difference_TRUE,HHS Region 3,2 wk ahead,2015/2016,14,2.3,0.8239
ReichLab_sarima_seasonal_difference_TRUE,HHS Region 3,2 wk ahead,2015/2016,15,2.2,0.669
ReichLab_sarima_seasonal_difference_TRUE,HHS Region 3,2 wk ahead,2015/2016,16,1.9,0.5245
ReichLab_sarima_seasonal_difference_TRUE,HHS Region 3,2 wk ahead,2015/2016,17,1.7,0.477
ReichLab_sarima_seasonal_difference_TRUE,HHS Region 3,2 wk ahead,2015/2016,18,1.7,0.4856
ReichLab_sarima_seasonal_difference_TRUE,HHS Region 4,2 wk ahead,2015/2016,43,1.2,0.3227
ReichLab_sarima_seasonal_difference_TRUE,HHS Region 4,2 wk ahead,2015/2016,44,1.3,0.3846
ReichLab_sarima_seasonal_difference_TRUE,HHS Region 4,2 wk ahead,2015/2016,45,1.7,0.2178
ReichLab_sarima_seasonal_difference_TRUE,HHS Region 4,2 wk ahead,2015/2016,46,1.4,0.0737
ReichLab_sarima_seasonal_difference_TRUE,HHS Region 4,2 wk ahead,2015/2016,47,1.4,0.0627
ReichLab_sarima_seasonal_difference_TRUE,HHS Region 4,2 wk ahead,2015/2016,48,1.5,0.0112
ReichLab_sarima_seasonal_difference_TRUE,HHS Region 4,2 wk ahead,2015/2016,49,1.9,0.0138
ReichLab_sarima_seasonal_difference_TRUE,HHS Region 4,2 wk ahead,2015/2016,50,1.8,0.2009
ReichLab_sarima_seasonal_difference_TRUE,HHS Region 4,2 wk ahead,2015/2016,51,1.4,0.378
ReichLab_sarima_seasonal_difference_TRUE,HHS Region 4,2 wk ahead,2015/2016,52,1.5,0.3706
ReichLab_sarima_seasonal_difference_TRUE,HHS Region 4,2 wk ahead,2015/2016,1,1.8,0.5385
ReichLab_sarima_seasonal_difference_TRUE,HHS Region 4,2 wk ahead,2015/2016,2,1.9,0.6535
ReichLab_sarima_seasonal_difference_TRUE,HHS Region 4,2 wk ahead,2015/2016,3,2.1,0.8114
ReichLab_sarima_seasonal_difference_TRUE,HHS Region 4,2 wk ahead,2015/2016,4,2.3,0.9257
ReichLab_sarima_seasonal_difference_TRUE,HHS Region 4,2 wk ahead,2015/2016,5,2.9,0.9541
ReichLab_sarima_seasonal_difference_TRUE,HHS Region 4,2 wk ahead,2015/2016,6,3.4,0.9686
ReichLab_sarima_seasonal_difference_TRUE,HHS Region 4,2 wk ahead,2015/2016,7,3.3,0.8531
ReichLab_sarima_seasonal_difference_TRUE,HHS Region 4,2 wk ahead,2015/2016,8,3.6,0.8632
ReichLab_sarima_seasonal_difference_TRUE,HHS Region 4,2 wk ahead,2015/2016,9,2.9,0.8557
ReichLab_sarima_seasonal_difference_TRUE,HHS Region 4,2 wk ahead,2015/2016,10,2.8,0.6914
ReichLab_sarima_seasonal_difference_TRUE,HHS Region 4,2 wk ahead,2015/2016,11,2.7,0.7481
ReichLab_sarima_seasonal_difference_TRUE,HHS Region 4,2 wk ahead,2015/2016,12,2.1,0.6155
ReichLab_sarima_seasonal_difference_TRUE,HHS Region 4,2 wk ahead,2015/2016,13,2,0.6673
ReichLab_sarima_seasonal_difference_TRUE,HHS Region 4,2 wk ahead,2015/2016,14,2,0.7635
ReichLab_sarima_seasonal_difference_TRUE,HHS Region 4,2 wk ahead,2015/2016,15,1.8,0.6175
ReichLab_sarima_seasonal_difference_TRUE,HHS Region 4,2 wk ahead,2015/2016,16,1.7,0.4357
ReichLab_sarima_seasonal_difference_TRUE,HHS Region 4,2 wk ahead,2015/2016,17,1.4,0.3659
ReichLab_sarima_seasonal_difference_TRUE,HHS Region 4,2 wk ahead,2015/2016,18,1.2,0.2019
ReichLab_sarima_seasonal_difference_TRUE,HHS Region 5,2 wk ahead,2015/2016,43,1.3,0.7628
ReichLab_sarima_seasonal_difference_TRUE,HHS Region 5,2 wk ahead,2015/2016,44,1.2,0.3701
ReichLab_sarima_seasonal_difference_TRUE,HHS Region 5,2 wk ahead,2015/2016,45,1.4,0.2058
ReichLab_sarima_seasonal_difference_TRUE,HHS Region 5,2 wk ahead,2015/2016,46,1.1,0.064
ReichLab_sarima_seasonal_difference_TRUE,HHS Region 5,2 wk ahead,2015/2016,47,1.4,0.1362
ReichLab_sarima_seasonal_difference_TRUE,HHS Region 5,2 wk ahead,2015/2016,48,1.5,0.2344
ReichLab_sarima_seasonal_difference_TRUE,HHS Region 5,2 wk ahead,2015/2016,49,1.8,0.0593
ReichLab_sarima_seasonal_difference_TRUE,HHS Region 5,2 wk ahead,2015/2016,50,1.7,0.2602
ReichLab_sarima_seasonal_difference_TRUE,HHS Region 5,2 wk ahead,2015/2016,51,1.4,0.5451
ReichLab_sarima_seasonal_difference_TRUE,HHS Region 5,2 wk ahead,2015/2016,52,1.4,0.6791
ReichLab_sarima_seasonal_difference_TRUE,HHS Region 5,2 wk ahead,2015/2016,1,1.4,0.6334
ReichLab_sarima_seasonal_difference_TRUE,HHS Region 5,2 wk ahead,2015/2016,2,1.4,0.6097
ReichLab_sarima_seasonal_difference_TRUE,HHS Region 5,2 wk ahead,2015/2016,3,1.6,0.8054
ReichLab_sarima_seasonal_difference_TRUE,HHS Region 5,2 wk ahead,2015/2016,4,1.8,0.7874
ReichLab_sarima_seasonal_difference_TRUE,HHS Region 5,2 wk ahead,2015/2016,5,2.1,0.877
ReichLab_sarima_seasonal_difference_TRUE,HHS Region 5,2 wk ahead,2015/2016,6,2.6,0.907
ReichLab_sarima_seasonal_difference_TRUE,HHS Region 5,2 wk ahead,2015/2016,7,2.9,0.9082
ReichLab_sarima_seasonal_difference_TRUE,HHS Region 5,2 wk ahead,2015/2016,8,3.3,0.8604
ReichLab_sarima_seasonal_difference_TRUE,HHS Region 5,2 wk ahead,2015/2016,9,2.6,0.5177
ReichLab_sarima_seasonal_difference_TRUE,HHS Region 5,2 wk ahead,2015/2016,10,2.3,0.2946
ReichLab_sarima_seasonal_difference_TRUE,HHS Region 5,2 wk ahead,2015/2016,11,2,0.396
ReichLab_sarima_seasonal_difference_TRUE,HHS Region 5,2 wk ahead,2015/2016,12,1.6,0.3045
ReichLab_sarima_seasonal_difference_TRUE,HHS Region 5,2 wk ahead,2015/2016,13,1.5,0.4743
ReichLab_sarima_seasonal_difference_TRUE,HHS Region 5,2 wk ahead,2015/2016,14,1.5,0.6711
ReichLab_sarima_seasonal_difference_TRUE,HHS Region 5,2 wk ahead,2015/2016,15,1.4,0.3987
ReichLab_sarima_seasonal_difference_TRUE,HHS Region 5,2 wk ahead,2015/2016,16,1,0.2071
ReichLab_sarima_seasonal_difference_TRUE,HHS Region 5,2 wk ahead,2015/2016,17,1.2,0.5519
ReichLab_sarima_seasonal_difference_TRUE,HHS Region 5,2 wk ahead,2015/2016,18,1,0.6617
ReichLab_sarima_seasonal_difference_TRUE,HHS Region 6,2 wk ahead,2015/2016,43,3.5,0.6242
ReichLab_sarima_seasonal_difference_TRUE,HHS Region 6,2 wk ahead,2015/2016,44,3.4,0.3092
ReichLab_sarima_seasonal_difference_TRUE,HHS Region 6,2 wk ahead,2015/2016,45,4.2,0.2473
ReichLab_sarima_seasonal_difference_TRUE,HHS Region 6,2 wk ahead,2015/2016,46,3.9,0.3392
ReichLab_sarima_seasonal_difference_TRUE,HHS Region 6,2 wk ahead,2015/2016,47,4,0.1407
ReichLab_sarima_seasonal_difference_TRUE,HHS Region 6,2 wk ahead,2015/2016,48,4.1,0.0654
ReichLab_sarima_seasonal_difference_TRUE,HHS Region 6,2 wk ahead,2015/2016,49,4.5,0.4051
ReichLab_sarima_seasonal_difference_TRUE,HHS Region 6,2 wk ahead,2015/2016,50,5,0.4158
ReichLab_sarima_seasonal_difference_TRUE,HHS Region 6,2 wk ahead,2015/2016,51,4.1,0.281
ReichLab_sarima_seasonal_difference_TRUE,HHS Region 6,2 wk ahead,2015/2016,52,3.8,0.2198
ReichLab_sarima_seasonal_difference_TRUE,HHS Region 6,2 wk ahead,2015/2016,1,4.1,0.4048
ReichLab_sarima_seasonal_difference_TRUE,HHS Region 6,2 wk ahead,2015/2016,2,4.5,0.6296
ReichLab_sarima_seasonal_difference_TRUE,HHS Region 6,2 wk ahead,2015/2016,3,4.4,0.5796
ReichLab_sarima_seasonal_difference_TRUE,HHS Region 6,2 wk ahead,2015/2016,4,5.1,0.5964
ReichLab_sarima_seasonal_difference_TRUE,HHS Region 6,2 wk ahead,2015/2016,5,5.6,0.6993
ReichLab_sarima_seasonal_difference_TRUE,HHS Region 6,2 wk ahead,2015/2016,6,4.5,0.5614
ReichLab_sarima_seasonal_difference_TRUE,HHS Region 6,2 wk ahead,2015/2016,7,4.7,0.497
ReichLab_sarima_seasonal_difference_TRUE,HHS Region 6,2 wk ahead,2015/2016,8,4.4,0.5248
ReichLab_sarima_seasonal_difference_TRUE,HHS Region 6,2 wk ahead,2015/2016,9,3.9,0.5059
ReichLab_sarima_seasonal_difference_TRUE,HHS Region 6,2 wk ahead,2015/2016,10,3.6,0.5153
ReichLab_sarima_seasonal_difference_TRUE,HHS Region 6,2 wk ahead,2015/2016,11,3.3,0.5173
ReichLab_sarima_seasonal_difference_TRUE,HHS Region 6,2 wk ahead,2015/2016,12,2.9,0.5845
ReichLab_sarima_seasonal_difference_TRUE,HHS Region 6,2 wk ahead,2015/2016,13,3.1,0.5829
ReichLab_sarima_seasonal_difference_TRUE,HHS Region 6,2 wk ahead,2015/2016,14,3,0.8031
ReichLab_sarima_seasonal_difference_TRUE,HHS Region 6,2 wk ahead,2015/2016,15,2.8,0.5578
ReichLab_sarima_seasonal_difference_TRUE,HHS Region 6,2 wk ahead,2015/2016,16,2.7,0.3719
ReichLab_sarima_seasonal_difference_TRUE,HHS Region 6,2 wk ahead,2015/2016,17,2.3,0.4196
ReichLab_sarima_seasonal_difference_TRUE,HHS Region 6,2 wk ahead,2015/2016,18,2.3,0.5051
ReichLab_sarima_seasonal_difference_TRUE,HHS Region 7,2 wk ahead,2015/2016,43,1.2,0.5795
ReichLab_sarima_seasonal_difference_TRUE,HHS Region 7,2 wk ahead,2015/2016,44,1.1,0.2571
ReichLab_sarima_seasonal_difference_TRUE,HHS Region 7,2 wk ahead,2015/2016,45,1.3,0.1271
ReichLab_sarima_seasonal_difference_TRUE,HHS Region 7,2 wk ahead,2015/2016,46,1,0.1256
ReichLab_sarima_seasonal_difference_TRUE,HHS Region 7,2 wk ahead,2015/2016,47,0.9,0.0157
ReichLab_sarima_seasonal_difference_TRUE,HHS Region 7,2 wk ahead,2015/2016,48,1.2,0.0436
ReichLab_sarima_seasonal_difference_TRUE,HHS Region 7,2 wk ahead,2015/2016,49,1.4,0.1281
ReichLab_sarima_seasonal_difference_TRUE,HHS Region 7,2 wk ahead,2015/2016,50,1.6,0.4159
ReichLab_sarima_seasonal_difference_TRUE,HHS Region 7,2 wk ahead,2015/2016,51,1.4,0.514
ReichLab_sarima_seasonal_difference_TRUE,HHS Region 7,2 wk ahead,2015/2016,52,1.1,0.3682
ReichLab_sarima_seasonal_difference_TRUE,HHS Region 7,2 wk ahead,2015/2016,1,1.2,0.2442
ReichLab_sarima_seasonal_difference_TRUE,HHS Region 7,2 wk ahead,2015/2016,2,1.2,0.424
ReichLab_sarima_seasonal_difference_TRUE,HHS Region 7,2 wk ahead,2015/2016,3,1.1,0.5
ReichLab_sarima_seasonal_difference_TRUE,HHS Region 7,2 wk ahead,2015/2016,4,1.5,0.8519
ReichLab_sarima_seasonal_difference_TRUE,HHS Region 7,2 wk ahead,2015/2016,5,1.8,0.9293
ReichLab_sarima_seasonal_difference_TRUE,HHS Region 7,2 wk ahead,2015/2016,6,1.8,0.8029
ReichLab_sarima_seasonal_difference_TRUE,HHS Region 7,2 wk ahead,2015/2016,7,2.4,0.8122
ReichLab_sarima_seasonal_difference_TRUE,HHS Region 7,2 wk ahead,2015/2016,8,2.5,0.6859
ReichLab_sarima_seasonal_difference_TRUE,HHS Region 7,2 wk ahead,2015/2016,9,2,0.4785
ReichLab_sarima_seasonal_difference_TRUE,HHS Region 7,2 wk ahead,2015/2016,10,2.1,0.685
ReichLab_sarima_seasonal_difference_TRUE,HHS Region 7,2 wk ahead,2015/2016,11,2.1,0.7067
ReichLab_sarima_seasonal_difference_TRUE,HHS Region 7,2 wk ahead,2015/2016,12,1.5,0.5419
ReichLab_sarima_seasonal_difference_TRUE,HHS Region 7,2 wk ahead,2015/2016,13,1.4,0.6395
ReichLab_sarima_seasonal_difference_TRUE,HHS Region 7,2 wk ahead,2015/2016,14,1.2,0.5298
ReichLab_sarima_seasonal_difference_TRUE,HHS Region 7,2 wk ahead,2015/2016,15,1,0.3999
ReichLab_sarima_seasonal_difference_TRUE,HHS Region 7,2 wk ahead,2015/2016,16,0.9,0.5324
ReichLab_sarima_seasonal_difference_TRUE,HHS Region 7,2 wk ahead,2015/2016,17,0.7,0.3824
ReichLab_sarima_seasonal_difference_TRUE,HHS Region 7,2 wk ahead,2015/2016,18,0.6,0.4544
ReichLab_sarima_seasonal_difference_TRUE,HHS Region 8,2 wk ahead,2015/2016,43,0.7,0.5901
ReichLab_sarima_seasonal_difference_TRUE,HHS Region 8,2 wk ahead,2015/2016,44,0.8,0.5366
ReichLab_sarima_seasonal_difference_TRUE,HHS Region 8,2 wk ahead,2015/2016,45,1,0.5397
ReichLab_sarima_seasonal_difference_TRUE,HHS Region 8,2 wk ahead,2015/2016,46,0.7,0.1531
ReichLab_sarima_seasonal_difference_TRUE,HHS Region 8,2 wk ahead,2015/2016,47,0.9,0.1435
ReichLab_sarima_seasonal_difference_TRUE,HHS Region 8,2 wk ahead,2015/2016,48,0.9,0.2221
ReichLab_sarima_seasonal_difference_TRUE,HHS Region 8,2 wk ahead,2015/2016,49,1.2,0.115
ReichLab_sarima_seasonal_difference_TRUE,HHS Region 8,2 wk ahead,2015/2016,50,1.5,0.2973
ReichLab_sarima_seasonal_difference_TRUE,HHS Region 8,2 wk ahead,2015/2016,51,1.1,0.346
ReichLab_sarima_seasonal_difference_TRUE,HHS Region 8,2 wk ahead,2015/2016,52,1.2,0.3208
ReichLab_sarima_seasonal_difference_TRUE,HHS Region 8,2 wk ahead,2015/2016,1,1.2,0.4114
ReichLab_sarima_seasonal_difference_TRUE,HHS Region 8,2 wk ahead,2015/2016,2,1.3,0.4548
ReichLab_sarima_seasonal_difference_TRUE,HHS Region 8,2 wk ahead,2015/2016,3,1.6,0.6026
ReichLab_sarima_seasonal_difference_TRUE,HHS Region 8,2 wk ahead,2015/2016,4,1.8,0.7587
ReichLab_sarima_seasonal_difference_TRUE,HHS Region 8,2 wk ahead,2015/2016,5,2.1,0.7704
ReichLab_sarima_seasonal_difference_TRUE,HHS Region 8,2 wk ahead,2015/2016,6,2.2,0.8311
ReichLab_sarima_seasonal_difference_TRUE,HHS Region 8,2 wk ahead,2015/2016,7,2,0.6629
ReichLab_sarima_seasonal_difference_TRUE,HHS Region 8,2 wk ahead,2015/2016,8,2.1,0.6498
ReichLab_sarima_seasonal_difference_TRUE,HHS Region 8,2 wk ahead,2015/2016,9,2.2,0.7326
ReichLab_sarima_seasonal_difference_TRUE,HHS Region 8,2 wk ahead,2015/2016,10,1.9,0.7059
ReichLab_sarima_seasonal_difference_TRUE,HHS Region 8,2 wk ahead,2015/2016,11,1.8,0.5979
ReichLab_sarima_seasonal_difference_TRUE,HHS Region 8,2 wk ahead,2015/2016,12,1.7,0.6766
ReichLab_sarima_seasonal_difference_TRUE,HHS Region 8,2 wk ahead,2015/2016,13,1.3,0.5183
ReichLab_sarima_seasonal_difference_TRUE,HHS Region 8,2 wk ahead,2015/2016,14,1.2,0.4147
ReichLab_sarima_seasonal_difference_TRUE,HHS Region 8,2 wk ahead,2015/2016,15,1,0.4976
ReichLab_sarima_seasonal_difference_TRUE,HHS Region 8,2 wk ahead,2015/2016,16,1,0.6385
ReichLab_sarima_seasonal_difference_TRUE,HHS Region 8,2 wk ahead,2015/2016,17,0.8,0.5916
ReichLab_sarima_seasonal_difference_TRUE,HHS Region 8,2 wk ahead,2015/2016,18,0.7,0.5541
ReichLab_sarima_seasonal_difference_TRUE,HHS Region 9,2 wk ahead,2015/2016,43,1.8,0.6902
ReichLab_sarima_seasonal_difference_TRUE,HHS Region 9,2 wk ahead,2015/2016,44,2,0.812
ReichLab_sarima_seasonal_difference_TRUE,HHS Region 9,2 wk ahead,2015/2016,45,2.3,0.5689
ReichLab_sarima_seasonal_difference_TRUE,HHS Region 9,2 wk ahead,2015/2016,46,2,0.7092
ReichLab_sarima_seasonal_difference_TRUE,HHS Region 9,2 wk ahead,2015/2016,47,2,0.7018
ReichLab_sarima_seasonal_difference_TRUE,HHS Region 9,2 wk ahead,2015/2016,48,2.1,0.5875
ReichLab_sarima_seasonal_difference_TRUE,HHS Region 9,2 wk ahead,2015/2016,49,2.8,0.6533
ReichLab_sarima_seasonal_difference_TRUE,HHS Region 9,2 wk ahead,2015/2016,50,3,0.2795
ReichLab_sarima_seasonal_difference_TRUE,HHS Region 9,2 wk ahead,2015/2016,51,2.4,0.5229
ReichLab_sarima_seasonal_difference_TRUE,HHS Region 9,2 wk ahead,2015/2016,52,2.4,0.2015
ReichLab_sarima_seasonal_difference_TRUE,HHS Region 9,2 wk ahead,2015/2016,1,2.6,0.5517
ReichLab_sarima_seasonal_difference_TRUE,HHS Region 9,2 wk ahead,2015/2016,2,2.8,0.7209
ReichLab_sarima_seasonal_difference_TRUE,HHS Region 9,2 wk ahead,2015/2016,3,3.2,0.8494
ReichLab_sarima_seasonal_difference_TRUE,HHS Region 9,2 wk ahead,2015/2016,4,4,0.942
ReichLab_sarima_seasonal_difference_TRUE,HHS Region 9,2 wk ahead,2015/2016,5,4.4,0.9204
ReichLab_sarima_seasonal_difference_TRUE,HHS Region 9,2 wk ahead,2015/2016,6,3.9,0.6278
ReichLab_sarima_seasonal_difference_TRUE,HHS Region 9,2 wk ahead,2015/2016,7,3.8,0.6841
ReichLab_sarima_seasonal_difference_TRUE,HHS Region 9,2 wk ahead,2015/2016,8,3.8,0.7119
ReichLab_sarima_seasonal_difference_TRUE,HHS Region 9,2 wk ahead,2015/2016,9,3.3,0.5789
ReichLab_sarima_seasonal_difference_TRUE,HHS Region 9,2 wk ahead,2015/2016,10,3,0.6239
ReichLab_sarima_seasonal_difference_TRUE,HHS Region 9,2 wk ahead,2015/2016,11,2.8,0.5493
ReichLab_sarima_seasonal_difference_TRUE,HHS Region 9,2 wk ahead,2015/2016,12,2.3,0.5174
ReichLab_sarima_seasonal_difference_TRUE,HHS Region 9,2 wk ahead,2015/2016,13,2,0.6047
ReichLab_sarima_seasonal_difference_TRUE,HHS Region 9,2 wk ahead,2015/2016,14,1.8,0.6087
ReichLab_sarima_seasonal_difference_TRUE,HHS Region 9,2 wk ahead,2015/2016,15,1.8,0.6201
ReichLab_sarima_seasonal_difference_TRUE,HHS Region 9,2 wk ahead,2015/2016,16,1.8,0.4634
ReichLab_sarima_seasonal_difference_TRUE,HHS Region 9,2 wk ahead,2015/2016,17,1.5,0.4718
ReichLab_sarima_seasonal_difference_TRUE,HHS Region 9,2 wk ahead,2015/2016,18,1.5,0.2104
ReichLab_sarima_seasonal_difference_TRUE,HHS Region 10,2 wk ahead,2015/2016,43,0.9,0.617
ReichLab_sarima_seasonal_difference_TRUE,HHS Region 10,2 wk ahead,2015/2016,44,0.7,0.6468
ReichLab_sarima_seasonal_difference_TRUE,HHS Region 10,2 wk ahead,2015/2016,45,0.8,0.3891
ReichLab_sarima_seasonal_difference_TRUE,HHS Region 10,2 wk ahead,2015/2016,46,0.8,0.5526
ReichLab_sarima_seasonal_difference_TRUE,HHS Region 10,2 wk ahead,2015/2016,47,0.6,0.3208
ReichLab_sarima_seasonal_difference_TRUE,HHS Region 10,2 wk ahead,2015/2016,48,0.7,0.0996
ReichLab_sarima_seasonal_difference_TRUE,HHS Region 10,2 wk ahead,2015/2016,49,0.7,0.0533
ReichLab_sarima_seasonal_difference_TRUE,HHS Region 10,2 wk ahead,2015/2016,50,0.8,0.1048
ReichLab_sarima_seasonal_difference_TRUE,HHS Region 10,2 wk ahead,2015/2016,51,0.9,0.3505
ReichLab_sarima_seasonal_difference_TRUE,HHS Region 10,2 wk ahead,2015/2016,52,1.1,0.4582
ReichLab_sarima_seasonal_difference_TRUE,HHS Region 10,2 wk ahead,2015/2016,1,1.4,0.8202
ReichLab_sarima_seasonal_difference_TRUE,HHS Region 10,2 wk ahead,2015/2016,2,1.4,0.6947
ReichLab_sarima_seasonal_difference_TRUE,HHS Region 10,2 wk ahead,2015/2016,3,1.7,0.7858
ReichLab_sarima_seasonal_difference_TRUE,HHS Region 10,2 wk ahead,2015/2016,4,1.7,0.8555
ReichLab_sarima_seasonal_difference_TRUE,HHS Region 10,2 wk ahead,2015/2016,5,2.4,0.9219
ReichLab_sarima_seasonal_difference_TRUE,HHS Region 10,2 wk ahead,2015/2016,6,2.1,0.9574
ReichLab_sarima_seasonal_difference_TRUE,HHS Region 10,2 wk ahead,2015/2016,7,2,0.7913
ReichLab_sarima_seasonal_difference_TRUE,HHS Region 10,2 wk ahead,2015/2016,8,2.2,0.8061
ReichLab_sarima_seasonal_difference_TRUE,HHS Region 10,2 wk ahead,2015/2016,9,2.2,0.8098
ReichLab_sarima_seasonal_difference_TRUE,HHS Region 10,2 wk ahead,2015/2016,10,1.7,0.6627
ReichLab_sarima_seasonal_difference_TRUE,HHS Region 10,2 wk ahead,2015/2016,11,1.8,0.8208
ReichLab_sarima_seasonal_difference_TRUE,HHS Region 10,2 wk ahead,2015/2016,12,1.7,0.8108
ReichLab_sarima_seasonal_difference_TRUE,HHS Region 10,2 wk ahead,2015/2016,13,1,0.5109
ReichLab_sarima_seasonal_difference_TRUE,HHS Region 10,2 wk ahead,2015/2016,14,0.8,0.1497
ReichLab_sarima_seasonal_difference_TRUE,HHS Region 10,2 wk ahead,2015/2016,15,0.7,0.6103
ReichLab_sarima_seasonal_difference_TRUE,HHS Region 10,2 wk ahead,2015/2016,16,0.9,0.8078
ReichLab_sarima_seasonal_difference_TRUE,HHS Region 10,2 wk ahead,2015/2016,17,0.5,0.3428
ReichLab_sarima_seasonal_difference_TRUE,HHS Region 10,2 wk ahead,2015/2016,18,0.5,0.2916
