model_name,location,target,season,calendar_week,valid.bin_start_incl,cdf
Delphi_ExtendedDeltaDensity,US National,4 wk ahead,2010/2011,43,1.8,0.61407718353
Delphi_ExtendedDeltaDensity,US National,4 wk ahead,2010/2011,44,1.7,0.39287295596
Delphi_ExtendedDeltaDensity,US National,4 wk ahead,2010/2011,45,1.9,0.0234947631
Delphi_ExtendedDeltaDensity,US National,4 wk ahead,2010/2011,46,2.4,0.00094647466
Delphi_ExtendedDeltaDensity,US National,4 wk ahead,2010/2011,47,3.1,0.03426439301
Delphi_ExtendedDeltaDensity,US National,4 wk ahead,2010/2011,48,3.1,0.98654499908
Delphi_ExtendedDeltaDensity,US National,4 wk ahead,2010/2011,49,2.5,0.76278938502
Delphi_ExtendedDeltaDensity,US National,4 wk ahead,2010/2011,50,2.9,0.99762311982
Delphi_ExtendedDeltaDensity,US National,4 wk ahead,2010/2011,51,3.4,0.96166494
Delphi_ExtendedDeltaDensity,US National,4 wk ahead,2010/2011,52,4.2,0.980583543
Delphi_ExtendedDeltaDensity,US National,4 wk ahead,2010/2011,1,4.5,0.9668891407
Delphi_ExtendedDeltaDensity,US National,4 wk ahead,2010/2011,2,4.5,0.9714590991
Delphi_ExtendedDeltaDensity,US National,4 wk ahead,2010/2011,3,4.5,0.95516362994
Delphi_ExtendedDeltaDensity,US National,4 wk ahead,2010/2011,4,3.9,0.8799902463
Delphi_ExtendedDeltaDensity,US National,4 wk ahead,2010/2011,5,3.4,0.53346549377
Delphi_ExtendedDeltaDensity,US National,4 wk ahead,2010/2011,6,3,0.52007680935
Delphi_ExtendedDeltaDensity,US National,4 wk ahead,2010/2011,7,2.6,0.1497806113
Delphi_ExtendedDeltaDensity,US National,4 wk ahead,2010/2011,8,2.1,0.0600402127
Delphi_ExtendedDeltaDensity,US National,4 wk ahead,2010/2011,9,1.9,0.9948079228
Delphi_ExtendedDeltaDensity,US National,4 wk ahead,2010/2011,10,1.6,0.2925730606
Delphi_ExtendedDeltaDensity,US National,4 wk ahead,2010/2011,11,1.4,0.07436583151
Delphi_ExtendedDeltaDensity,US National,4 wk ahead,2010/2011,12,1.3,0.56309962755
Delphi_ExtendedDeltaDensity,US National,4 wk ahead,2010/2011,13,1.2,0.21976858279
Delphi_ExtendedDeltaDensity,US National,4 wk ahead,2010/2011,14,1.2,0.7198895687
Delphi_ExtendedDeltaDensity,US National,4 wk ahead,2010/2011,15,1.1,0.5935520251
Delphi_ExtendedDeltaDensity,US National,4 wk ahead,2010/2011,16,1.1,0.25434999054
Delphi_ExtendedDeltaDensity,US National,4 wk ahead,2010/2011,17,1.1,0.6609990617
Delphi_ExtendedDeltaDensity,US National,4 wk ahead,2010/2011,18,1.2,0.992089967
Delphi_ExtendedDeltaDensity,HHS Region 1,4 wk ahead,2010/2011,43,0.8,0.197280226
Delphi_ExtendedDeltaDensity,HHS Region 1,4 wk ahead,2010/2011,44,0.7,0.217735772
Delphi_ExtendedDeltaDensity,HHS Region 1,4 wk ahead,2010/2011,45,0.8,0.366333772
Delphi_ExtendedDeltaDensity,HHS Region 1,4 wk ahead,2010/2011,46,0.8,0.64938317
Delphi_ExtendedDeltaDensity,HHS Region 1,4 wk ahead,2010/2011,47,1,0.017899631
Delphi_ExtendedDeltaDensity,HHS Region 1,4 wk ahead,2010/2011,48,1.1,0.29813572725
Delphi_ExtendedDeltaDensity,HHS Region 1,4 wk ahead,2010/2011,49,1,0.393710264
Delphi_ExtendedDeltaDensity,HHS Region 1,4 wk ahead,2010/2011,50,1.2,0.69597033
Delphi_ExtendedDeltaDensity,HHS Region 1,4 wk ahead,2010/2011,51,1.2,0.237707795
Delphi_ExtendedDeltaDensity,HHS Region 1,4 wk ahead,2010/2011,52,1.4,0.69284823
Delphi_ExtendedDeltaDensity,HHS Region 1,4 wk ahead,2010/2011,1,1.9,0.91048929
Delphi_ExtendedDeltaDensity,HHS Region 1,4 wk ahead,2010/2011,2,2,0.7116991
Delphi_ExtendedDeltaDensity,HHS Region 1,4 wk ahead,2010/2011,3,2.3,0.919933514
Delphi_ExtendedDeltaDensity,HHS Region 1,4 wk ahead,2010/2011,4,2.3,0.887038666
Delphi_ExtendedDeltaDensity,HHS Region 1,4 wk ahead,2010/2011,5,1.8,0.5842462155
Delphi_ExtendedDeltaDensity,HHS Region 1,4 wk ahead,2010/2011,6,1.7,0.19879487178
Delphi_ExtendedDeltaDensity,HHS Region 1,4 wk ahead,2010/2011,7,1.4,0.09875466294
Delphi_ExtendedDeltaDensity,HHS Region 1,4 wk ahead,2010/2011,8,1,0.3007168308
Delphi_ExtendedDeltaDensity,HHS Region 1,4 wk ahead,2010/2011,9,1.1,0.603433391
Delphi_ExtendedDeltaDensity,HHS Region 1,4 wk ahead,2010/2011,10,0.9,0.361750294
Delphi_ExtendedDeltaDensity,HHS Region 1,4 wk ahead,2010/2011,11,0.8,0.155730757
Delphi_ExtendedDeltaDensity,HHS Region 1,4 wk ahead,2010/2011,12,0.8,0.93687287
Delphi_ExtendedDeltaDensity,HHS Region 1,4 wk ahead,2010/2011,13,0.7,0.45835123
Delphi_ExtendedDeltaDensity,HHS Region 1,4 wk ahead,2010/2011,14,0.6,0.210713736
Delphi_ExtendedDeltaDensity,HHS Region 1,4 wk ahead,2010/2011,15,0.5,0.00013087499
Delphi_ExtendedDeltaDensity,HHS Region 1,4 wk ahead,2010/2011,16,0.5,0.1646742
Delphi_ExtendedDeltaDensity,HHS Region 1,4 wk ahead,2010/2011,17,0.6,0.373238408
Delphi_ExtendedDeltaDensity,HHS Region 1,4 wk ahead,2010/2011,18,0.6,0.95927516
Delphi_ExtendedDeltaDensity,HHS Region 2,4 wk ahead,2010/2011,43,1.7,0.556442751
Delphi_ExtendedDeltaDensity,HHS Region 2,4 wk ahead,2010/2011,44,2.2,0.0254593633
Delphi_ExtendedDeltaDensity,HHS Region 2,4 wk ahead,2010/2011,45,2.5,0.86777640067
Delphi_ExtendedDeltaDensity,HHS Region 2,4 wk ahead,2010/2011,46,3,0.9213481194
Delphi_ExtendedDeltaDensity,HHS Region 2,4 wk ahead,2010/2011,47,4.2,0.00990918848
Delphi_ExtendedDeltaDensity,HHS Region 2,4 wk ahead,2010/2011,48,4.5,0.00103966758
Delphi_ExtendedDeltaDensity,HHS Region 2,4 wk ahead,2010/2011,49,3.3,0.988125851
Delphi_ExtendedDeltaDensity,HHS Region 2,4 wk ahead,2010/2011,50,3.8,0.99789812533
Delphi_ExtendedDeltaDensity,HHS Region 2,4 wk ahead,2010/2011,51,3.7,0.99778902196
Delphi_ExtendedDeltaDensity,HHS Region 2,4 wk ahead,2010/2011,52,3.9,0.987283552
Delphi_ExtendedDeltaDensity,HHS Region 2,4 wk ahead,2010/2011,1,4.1,0.9718289552
Delphi_ExtendedDeltaDensity,HHS Region 2,4 wk ahead,2010/2011,2,4.1,0.90578697375
Delphi_ExtendedDeltaDensity,HHS Region 2,4 wk ahead,2010/2011,3,4.3,0.9968156363
Delphi_ExtendedDeltaDensity,HHS Region 2,4 wk ahead,2010/2011,4,4.3,0.98787809922
Delphi_ExtendedDeltaDensity,HHS Region 2,4 wk ahead,2010/2011,5,3.4,0.9974973424
Delphi_ExtendedDeltaDensity,HHS Region 2,4 wk ahead,2010/2011,6,3.2,0.53802342824
Delphi_ExtendedDeltaDensity,HHS Region 2,4 wk ahead,2010/2011,7,3.2,0.61951847114
Delphi_ExtendedDeltaDensity,HHS Region 2,4 wk ahead,2010/2011,8,2.5,0.04136058694
Delphi_ExtendedDeltaDensity,HHS Region 2,4 wk ahead,2010/2011,9,2.7,0.00936424443
Delphi_ExtendedDeltaDensity,HHS Region 2,4 wk ahead,2010/2011,10,2.5,0.14567149473
Delphi_ExtendedDeltaDensity,HHS Region 2,4 wk ahead,2010/2011,11,2.2,0.23669209853
Delphi_ExtendedDeltaDensity,HHS Region 2,4 wk ahead,2010/2011,12,2.2,0.0851463287
Delphi_ExtendedDeltaDensity,HHS Region 2,4 wk ahead,2010/2011,13,1.7,0.4063977179
Delphi_ExtendedDeltaDensity,HHS Region 2,4 wk ahead,2010/2011,14,1.6,0.94553778
Delphi_ExtendedDeltaDensity,HHS Region 2,4 wk ahead,2010/2011,15,1.7,0.00039606
Delphi_ExtendedDeltaDensity,HHS Region 2,4 wk ahead,2010/2011,16,1.4,0.478608474
Delphi_ExtendedDeltaDensity,HHS Region 2,4 wk ahead,2010/2011,17,1.9,0.6436979449
Delphi_ExtendedDeltaDensity,HHS Region 2,4 wk ahead,2010/2011,18,1.8,0.854650947
Delphi_ExtendedDeltaDensity,HHS Region 3,4 wk ahead,2010/2011,43,1.5,0.394876986
Delphi_ExtendedDeltaDensity,HHS Region 3,4 wk ahead,2010/2011,44,1.5,0.259485925
Delphi_ExtendedDeltaDensity,HHS Region 3,4 wk ahead,2010/2011,45,1.5,0.412545949
Delphi_ExtendedDeltaDensity,HHS Region 3,4 wk ahead,2010/2011,46,1.6,0.3204859473
Delphi_ExtendedDeltaDensity,HHS Region 3,4 wk ahead,2010/2011,47,2.2,0.55356186486
Delphi_ExtendedDeltaDensity,HHS Region 3,4 wk ahead,2010/2011,48,2.6,0.61216687583
Delphi_ExtendedDeltaDensity,HHS Region 3,4 wk ahead,2010/2011,49,2.2,0.842958157
Delphi_ExtendedDeltaDensity,HHS Region 3,4 wk ahead,2010/2011,50,2.5,0.4984006899
Delphi_ExtendedDeltaDensity,HHS Region 3,4 wk ahead,2010/2011,51,3.3,0.05656156897
Delphi_ExtendedDeltaDensity,HHS Region 3,4 wk ahead,2010/2011,52,4,0.88916741612
Delphi_ExtendedDeltaDensity,HHS Region 3,4 wk ahead,2010/2011,1,4.4,0.91690986574
Delphi_ExtendedDeltaDensity,HHS Region 3,4 wk ahead,2010/2011,2,4.1,0.8508618719
Delphi_ExtendedDeltaDensity,HHS Region 3,4 wk ahead,2010/2011,3,4,0.18559474355
Delphi_ExtendedDeltaDensity,HHS Region 3,4 wk ahead,2010/2011,4,3.6,0.735105151
Delphi_ExtendedDeltaDensity,HHS Region 3,4 wk ahead,2010/2011,5,3,0.07793527088
Delphi_ExtendedDeltaDensity,HHS Region 3,4 wk ahead,2010/2011,6,2.6,0.3241990051
Delphi_ExtendedDeltaDensity,HHS Region 3,4 wk ahead,2010/2011,7,2,0.03489113835
Delphi_ExtendedDeltaDensity,HHS Region 3,4 wk ahead,2010/2011,8,1.7,0.226690702
Delphi_ExtendedDeltaDensity,HHS Region 3,4 wk ahead,2010/2011,9,1.5,0.1256695533
Delphi_ExtendedDeltaDensity,HHS Region 3,4 wk ahead,2010/2011,10,1.5,0.1320713195
Delphi_ExtendedDeltaDensity,HHS Region 3,4 wk ahead,2010/2011,11,1.4,0.499174465
Delphi_ExtendedDeltaDensity,HHS Region 3,4 wk ahead,2010/2011,12,1.2,0.1541451014
Delphi_ExtendedDeltaDensity,HHS Region 3,4 wk ahead,2010/2011,13,0.9,0.085306286
Delphi_ExtendedDeltaDensity,HHS Region 3,4 wk ahead,2010/2011,14,1,0.066037517
Delphi_ExtendedDeltaDensity,HHS Region 3,4 wk ahead,2010/2011,15,0.9,0.0108317482
Delphi_ExtendedDeltaDensity,HHS Region 3,4 wk ahead,2010/2011,16,1,0.70139761
Delphi_ExtendedDeltaDensity,HHS Region 3,4 wk ahead,2010/2011,17,0.9,0.231108845
Delphi_ExtendedDeltaDensity,HHS Region 3,4 wk ahead,2010/2011,18,0.9,0.83657832
Delphi_ExtendedDeltaDensity,HHS Region 4,4 wk ahead,2010/2011,43,2.2,0.97123908287
Delphi_ExtendedDeltaDensity,HHS Region 4,4 wk ahead,2010/2011,44,1.9,0.14235054292
Delphi_ExtendedDeltaDensity,HHS Region 4,4 wk ahead,2010/2011,45,2.2,0.15860929434
Delphi_ExtendedDeltaDensity,HHS Region 4,4 wk ahead,2010/2011,46,3.3,0.94104372324
Delphi_ExtendedDeltaDensity,HHS Region 4,4 wk ahead,2010/2011,47,4.4,0.72154081285
Delphi_ExtendedDeltaDensity,HHS Region 4,4 wk ahead,2010/2011,48,4,0.99278144339
Delphi_ExtendedDeltaDensity,HHS Region 4,4 wk ahead,2010/2011,49,3.3,0.99774920462
Delphi_ExtendedDeltaDensity,HHS Region 4,4 wk ahead,2010/2011,50,3.6,0.00083673209
Delphi_ExtendedDeltaDensity,HHS Region 4,4 wk ahead,2010/2011,51,4.2,0.99629700458
Delphi_ExtendedDeltaDensity,HHS Region 4,4 wk ahead,2010/2011,52,5,0.99816728499
Delphi_ExtendedDeltaDensity,HHS Region 4,4 wk ahead,2010/2011,1,5.5,0.99828633208
Delphi_ExtendedDeltaDensity,HHS Region 4,4 wk ahead,2010/2011,2,5.2,0.99257238137
Delphi_ExtendedDeltaDensity,HHS Region 4,4 wk ahead,2010/2011,3,4.8,0.91954642609
Delphi_ExtendedDeltaDensity,HHS Region 4,4 wk ahead,2010/2011,4,3.9,0.00089611953
Delphi_ExtendedDeltaDensity,HHS Region 4,4 wk ahead,2010/2011,5,2.8,0.7321183974
Delphi_ExtendedDeltaDensity,HHS Region 4,4 wk ahead,2010/2011,6,2.5,0.57200217
Delphi_ExtendedDeltaDensity,HHS Region 4,4 wk ahead,2010/2011,7,2,0.342503688
Delphi_ExtendedDeltaDensity,HHS Region 4,4 wk ahead,2010/2011,8,1.6,0.232468905
Delphi_ExtendedDeltaDensity,HHS Region 4,4 wk ahead,2010/2011,9,1.5,0.368942478
Delphi_ExtendedDeltaDensity,HHS Region 4,4 wk ahead,2010/2011,10,1.3,0.0413816389
Delphi_ExtendedDeltaDensity,HHS Region 4,4 wk ahead,2010/2011,11,1.2,0.785737093
Delphi_ExtendedDeltaDensity,HHS Region 4,4 wk ahead,2010/2011,12,1.1,0.227661661
Delphi_ExtendedDeltaDensity,HHS Region 4,4 wk ahead,2010/2011,13,1.1,0.18505123228
Delphi_ExtendedDeltaDensity,HHS Region 4,4 wk ahead,2010/2011,14,1,0.5478329782
Delphi_ExtendedDeltaDensity,HHS Region 4,4 wk ahead,2010/2011,15,0.9,0.449758809
Delphi_ExtendedDeltaDensity,HHS Region 4,4 wk ahead,2010/2011,16,0.9,0.885970367
Delphi_ExtendedDeltaDensity,HHS Region 4,4 wk ahead,2010/2011,17,0.9,0.821035182
Delphi_ExtendedDeltaDensity,HHS Region 4,4 wk ahead,2010/2011,18,1,0.752748558
Delphi_ExtendedDeltaDensity,HHS Region 5,4 wk ahead,2010/2011,43,1,0.187413637
Delphi_ExtendedDeltaDensity,HHS Region 5,4 wk ahead,2010/2011,44,0.9,0.056363794
Delphi_ExtendedDeltaDensity,HHS Region 5,4 wk ahead,2010/2011,45,1,0.678125483
Delphi_ExtendedDeltaDensity,HHS Region 5,4 wk ahead,2010/2011,46,1.1,0.551036179
Delphi_ExtendedDeltaDensity,HHS Region 5,4 wk ahead,2010/2011,47,1.4,0.12532182787
Delphi_ExtendedDeltaDensity,HHS Region 5,4 wk ahead,2010/2011,48,1.7,0.20481635472
Delphi_ExtendedDeltaDensity,HHS Region 5,4 wk ahead,2010/2011,49,1.5,0.718279724
Delphi_ExtendedDeltaDensity,HHS Region 5,4 wk ahead,2010/2011,50,1.7,0.928763937
Delphi_ExtendedDeltaDensity,HHS Region 5,4 wk ahead,2010/2011,51,2.4,0.6587655079
Delphi_ExtendedDeltaDensity,HHS Region 5,4 wk ahead,2010/2011,52,3.3,0.8972575726
Delphi_ExtendedDeltaDensity,HHS Region 5,4 wk ahead,2010/2011,1,3.8,0.991706905
Delphi_ExtendedDeltaDensity,HHS Region 5,4 wk ahead,2010/2011,2,3.3,0.9936821094
Delphi_ExtendedDeltaDensity,HHS Region 5,4 wk ahead,2010/2011,3,3.3,0.781084651
Delphi_ExtendedDeltaDensity,HHS Region 5,4 wk ahead,2010/2011,4,3.1,0.5595618694
Delphi_ExtendedDeltaDensity,HHS Region 5,4 wk ahead,2010/2011,5,2.9,0.03839782718
Delphi_ExtendedDeltaDensity,HHS Region 5,4 wk ahead,2010/2011,6,2.5,0.2195670152
Delphi_ExtendedDeltaDensity,HHS Region 5,4 wk ahead,2010/2011,7,2.4,0.1082325508
Delphi_ExtendedDeltaDensity,HHS Region 5,4 wk ahead,2010/2011,8,1.6,0.0390702991
Delphi_ExtendedDeltaDensity,HHS Region 5,4 wk ahead,2010/2011,9,1.5,0.06874734341
Delphi_ExtendedDeltaDensity,HHS Region 5,4 wk ahead,2010/2011,10,1.3,0.824570894
Delphi_ExtendedDeltaDensity,HHS Region 5,4 wk ahead,2010/2011,11,0.9,0.00266299149
Delphi_ExtendedDeltaDensity,HHS Region 5,4 wk ahead,2010/2011,12,0.9,0.379666477
Delphi_ExtendedDeltaDensity,HHS Region 5,4 wk ahead,2010/2011,13,0.8,0.0869250138
Delphi_ExtendedDeltaDensity,HHS Region 5,4 wk ahead,2010/2011,14,0.8,0.92528195
Delphi_ExtendedDeltaDensity,HHS Region 5,4 wk ahead,2010/2011,15,0.8,0.822599826
Delphi_ExtendedDeltaDensity,HHS Region 5,4 wk ahead,2010/2011,16,0.8,0.626289152
Delphi_ExtendedDeltaDensity,HHS Region 5,4 wk ahead,2010/2011,17,0.6,0.9024924968
Delphi_ExtendedDeltaDensity,HHS Region 5,4 wk ahead,2010/2011,18,0.8,0.00020252643
Delphi_ExtendedDeltaDensity,HHS Region 6,4 wk ahead,2010/2011,43,2.6,0.94008519
Delphi_ExtendedDeltaDensity,HHS Region 6,4 wk ahead,2010/2011,44,2.5,0.238400557
Delphi_ExtendedDeltaDensity,HHS Region 6,4 wk ahead,2010/2011,45,2.3,0.00053525578
Delphi_ExtendedDeltaDensity,HHS Region 6,4 wk ahead,2010/2011,46,2.9,0.48076309746
Delphi_ExtendedDeltaDensity,HHS Region 6,4 wk ahead,2010/2011,47,3.8,0.52124255425
Delphi_ExtendedDeltaDensity,HHS Region 6,4 wk ahead,2010/2011,48,3.8,0.34489492724
Delphi_ExtendedDeltaDensity,HHS Region 6,4 wk ahead,2010/2011,49,3.3,0.0984062962
Delphi_ExtendedDeltaDensity,HHS Region 6,4 wk ahead,2010/2011,50,4.4,0.31678029127
Delphi_ExtendedDeltaDensity,HHS Region 6,4 wk ahead,2010/2011,51,5.7,0.8108202226
Delphi_ExtendedDeltaDensity,HHS Region 6,4 wk ahead,2010/2011,52,6.9,0.9088951391
Delphi_ExtendedDeltaDensity,HHS Region 6,4 wk ahead,2010/2011,1,7.6,0.9449010802
Delphi_ExtendedDeltaDensity,HHS Region 6,4 wk ahead,2010/2011,2,7.8,0.984257613
Delphi_ExtendedDeltaDensity,HHS Region 6,4 wk ahead,2010/2011,3,7.9,0.10649366743
Delphi_ExtendedDeltaDensity,HHS Region 6,4 wk ahead,2010/2011,4,6.3,0.87694243912
Delphi_ExtendedDeltaDensity,HHS Region 6,4 wk ahead,2010/2011,5,4.7,0.36594062211
Delphi_ExtendedDeltaDensity,HHS Region 6,4 wk ahead,2010/2011,6,3.6,0.9728483074
Delphi_ExtendedDeltaDensity,HHS Region 6,4 wk ahead,2010/2011,7,3,0.05185191948
Delphi_ExtendedDeltaDensity,HHS Region 6,4 wk ahead,2010/2011,8,2.9,0.2131121746
Delphi_ExtendedDeltaDensity,HHS Region 6,4 wk ahead,2010/2011,9,2,0.00940126203
Delphi_ExtendedDeltaDensity,HHS Region 6,4 wk ahead,2010/2011,10,1.8,0.0211356687
Delphi_ExtendedDeltaDensity,HHS Region 6,4 wk ahead,2010/2011,11,1.5,0.0823507741
Delphi_ExtendedDeltaDensity,HHS Region 6,4 wk ahead,2010/2011,12,1.5,0.0777766041
Delphi_ExtendedDeltaDensity,HHS Region 6,4 wk ahead,2010/2011,13,1.3,0.05816808227
Delphi_ExtendedDeltaDensity,HHS Region 6,4 wk ahead,2010/2011,14,1.4,0.1836063294
Delphi_ExtendedDeltaDensity,HHS Region 6,4 wk ahead,2010/2011,15,1.4,0.449770711
Delphi_ExtendedDeltaDensity,HHS Region 6,4 wk ahead,2010/2011,16,1.2,0.49179232
Delphi_ExtendedDeltaDensity,HHS Region 6,4 wk ahead,2010/2011,17,1.1,0.491704985
Delphi_ExtendedDeltaDensity,HHS Region 6,4 wk ahead,2010/2011,18,1.2,0.517775298
Delphi_ExtendedDeltaDensity,HHS Region 7,4 wk ahead,2010/2011,43,1,0.142442787
Delphi_ExtendedDeltaDensity,HHS Region 7,4 wk ahead,2010/2011,44,1.4,0.16753736
Delphi_ExtendedDeltaDensity,HHS Region 7,4 wk ahead,2010/2011,45,1.3,0.0103381444
Delphi_ExtendedDeltaDensity,HHS Region 7,4 wk ahead,2010/2011,46,1.6,0.530789286
Delphi_ExtendedDeltaDensity,HHS Region 7,4 wk ahead,2010/2011,47,2,0.264299743
Delphi_ExtendedDeltaDensity,HHS Region 7,4 wk ahead,2010/2011,48,2.3,0.754581344
Delphi_ExtendedDeltaDensity,HHS Region 7,4 wk ahead,2010/2011,49,1.7,0.212084654
Delphi_ExtendedDeltaDensity,HHS Region 7,4 wk ahead,2010/2011,50,1.7,0.78003157
Delphi_ExtendedDeltaDensity,HHS Region 7,4 wk ahead,2010/2011,51,2,0.313046454
Delphi_ExtendedDeltaDensity,HHS Region 7,4 wk ahead,2010/2011,52,3.3,0.929457884
Delphi_ExtendedDeltaDensity,HHS Region 7,4 wk ahead,2010/2011,1,4.3,0.984713359
Delphi_ExtendedDeltaDensity,HHS Region 7,4 wk ahead,2010/2011,2,3.7,0.919370373
Delphi_ExtendedDeltaDensity,HHS Region 7,4 wk ahead,2010/2011,3,4.5,0.973829472
Delphi_ExtendedDeltaDensity,HHS Region 7,4 wk ahead,2010/2011,4,4.7,0.9801689553
Delphi_ExtendedDeltaDensity,HHS Region 7,4 wk ahead,2010/2011,5,3.7,0.985714935
Delphi_ExtendedDeltaDensity,HHS Region 7,4 wk ahead,2010/2011,6,3.5,0.7905413631
Delphi_ExtendedDeltaDensity,HHS Region 7,4 wk ahead,2010/2011,7,2.3,0.783147605
Delphi_ExtendedDeltaDensity,HHS Region 7,4 wk ahead,2010/2011,8,1.7,0.184291345
Delphi_ExtendedDeltaDensity,HHS Region 7,4 wk ahead,2010/2011,9,1.4,0.1926428241
Delphi_ExtendedDeltaDensity,HHS Region 7,4 wk ahead,2010/2011,10,1.2,0.0589644567
Delphi_ExtendedDeltaDensity,HHS Region 7,4 wk ahead,2010/2011,11,1,0.0062341882
Delphi_ExtendedDeltaDensity,HHS Region 7,4 wk ahead,2010/2011,12,0.8,0.169838696
Delphi_ExtendedDeltaDensity,HHS Region 7,4 wk ahead,2010/2011,13,0.6,0.44773673
Delphi_ExtendedDeltaDensity,HHS Region 7,4 wk ahead,2010/2011,14,0.5,0.096613628
Delphi_ExtendedDeltaDensity,HHS Region 7,4 wk ahead,2010/2011,15,0.6,0.30569019
Delphi_ExtendedDeltaDensity,HHS Region 7,4 wk ahead,2010/2011,16,0.5,0.91717845
Delphi_ExtendedDeltaDensity,HHS Region 7,4 wk ahead,2010/2011,17,0.5,0.62979853
Delphi_ExtendedDeltaDensity,HHS Region 7,4 wk ahead,2010/2011,18,0.2,0.22396393
Delphi_ExtendedDeltaDensity,HHS Region 8,4 wk ahead,2010/2011,43,0.7,0.4929922
Delphi_ExtendedDeltaDensity,HHS Region 8,4 wk ahead,2010/2011,44,0.7,0.58752206
Delphi_ExtendedDeltaDensity,HHS Region 8,4 wk ahead,2010/2011,45,0.8,0.65643907
Delphi_ExtendedDeltaDensity,HHS Region 8,4 wk ahead,2010/2011,46,0.8,0.57721106
Delphi_ExtendedDeltaDensity,HHS Region 8,4 wk ahead,2010/2011,47,0.9,0.62995816
Delphi_ExtendedDeltaDensity,HHS Region 8,4 wk ahead,2010/2011,48,1,0.305727165
Delphi_ExtendedDeltaDensity,HHS Region 8,4 wk ahead,2010/2011,49,0.7,0.53991607
Delphi_ExtendedDeltaDensity,HHS Region 8,4 wk ahead,2010/2011,50,1.4,0.97859688
Delphi_ExtendedDeltaDensity,HHS Region 8,4 wk ahead,2010/2011,51,1.4,0.96159861
Delphi_ExtendedDeltaDensity,HHS Region 8,4 wk ahead,2010/2011,52,1.5,0.9036215
Delphi_ExtendedDeltaDensity,HHS Region 8,4 wk ahead,2010/2011,1,2.2,0.857640021
Delphi_ExtendedDeltaDensity,HHS Region 8,4 wk ahead,2010/2011,2,2.5,0.847320179
Delphi_ExtendedDeltaDensity,HHS Region 8,4 wk ahead,2010/2011,3,2.7,0.9967082962
Delphi_ExtendedDeltaDensity,HHS Region 8,4 wk ahead,2010/2011,4,2.5,0.992250648
Delphi_ExtendedDeltaDensity,HHS Region 8,4 wk ahead,2010/2011,5,2.2,0.9815290793
Delphi_ExtendedDeltaDensity,HHS Region 8,4 wk ahead,2010/2011,6,2.1,0.53757299393
Delphi_ExtendedDeltaDensity,HHS Region 8,4 wk ahead,2010/2011,7,1.7,0.01770061833
Delphi_ExtendedDeltaDensity,HHS Region 8,4 wk ahead,2010/2011,8,1.4,0.305107201
Delphi_ExtendedDeltaDensity,HHS Region 8,4 wk ahead,2010/2011,9,1.1,0.158845332
Delphi_ExtendedDeltaDensity,HHS Region 8,4 wk ahead,2010/2011,10,0.8,0.0684293132
Delphi_ExtendedDeltaDensity,HHS Region 8,4 wk ahead,2010/2011,11,0.8,0.03106951643
Delphi_ExtendedDeltaDensity,HHS Region 8,4 wk ahead,2010/2011,12,0.6,0.234244294
Delphi_ExtendedDeltaDensity,HHS Region 8,4 wk ahead,2010/2011,13,0.6,0.346319809
Delphi_ExtendedDeltaDensity,HHS Region 8,4 wk ahead,2010/2011,14,0.5,0.50964192
Delphi_ExtendedDeltaDensity,HHS Region 8,4 wk ahead,2010/2011,15,0.5,0.50133521
Delphi_ExtendedDeltaDensity,HHS Region 8,4 wk ahead,2010/2011,16,0.5,0.198419419
Delphi_ExtendedDeltaDensity,HHS Region 8,4 wk ahead,2010/2011,17,0.4,0.52836028
Delphi_ExtendedDeltaDensity,HHS Region 8,4 wk ahead,2010/2011,18,0.4,0.68055776
Delphi_ExtendedDeltaDensity,HHS Region 9,4 wk ahead,2010/2011,43,2.8,0.985144517
Delphi_ExtendedDeltaDensity,HHS Region 9,4 wk ahead,2010/2011,44,2.4,0.6241206297
Delphi_ExtendedDeltaDensity,HHS Region 9,4 wk ahead,2010/2011,45,2.9,0.01105549145
Delphi_ExtendedDeltaDensity,HHS Region 9,4 wk ahead,2010/2011,46,3.4,0.00077997401
Delphi_ExtendedDeltaDensity,HHS Region 9,4 wk ahead,2010/2011,47,4.2,0.872040671
Delphi_ExtendedDeltaDensity,HHS Region 9,4 wk ahead,2010/2011,48,4.2,0.01642323699
Delphi_ExtendedDeltaDensity,HHS Region 9,4 wk ahead,2010/2011,49,3.2,0.674279063
Delphi_ExtendedDeltaDensity,HHS Region 9,4 wk ahead,2010/2011,50,3.4,0.742843135
Delphi_ExtendedDeltaDensity,HHS Region 9,4 wk ahead,2010/2011,51,3.8,0.996774115
Delphi_ExtendedDeltaDensity,HHS Region 9,4 wk ahead,2010/2011,52,4.2,0.951386211
Delphi_ExtendedDeltaDensity,HHS Region 9,4 wk ahead,2010/2011,1,4,0.34177290958
Delphi_ExtendedDeltaDensity,HHS Region 9,4 wk ahead,2010/2011,2,4.5,0.876403569
Delphi_ExtendedDeltaDensity,HHS Region 9,4 wk ahead,2010/2011,3,4.7,0.9665927483
Delphi_ExtendedDeltaDensity,HHS Region 9,4 wk ahead,2010/2011,4,4.7,0.48581658876
Delphi_ExtendedDeltaDensity,HHS Region 9,4 wk ahead,2010/2011,5,4.5,0.9223938256
Delphi_ExtendedDeltaDensity,HHS Region 9,4 wk ahead,2010/2011,6,4.2,0.744601493
Delphi_ExtendedDeltaDensity,HHS Region 9,4 wk ahead,2010/2011,7,3.9,0.2828299666
Delphi_ExtendedDeltaDensity,HHS Region 9,4 wk ahead,2010/2011,8,3,0.425081592
Delphi_ExtendedDeltaDensity,HHS Region 9,4 wk ahead,2010/2011,9,2.8,0.3885720713
Delphi_ExtendedDeltaDensity,HHS Region 9,4 wk ahead,2010/2011,10,2.4,0.920044659
Delphi_ExtendedDeltaDensity,HHS Region 9,4 wk ahead,2010/2011,11,2.3,0.17949373937
Delphi_ExtendedDeltaDensity,HHS Region 9,4 wk ahead,2010/2011,12,2.1,0.980094981
Delphi_ExtendedDeltaDensity,HHS Region 9,4 wk ahead,2010/2011,13,2.1,0.96261774
Delphi_ExtendedDeltaDensity,HHS Region 9,4 wk ahead,2010/2011,14,1.9,0.9935863913
Delphi_ExtendedDeltaDensity,HHS Region 9,4 wk ahead,2010/2011,15,1.9,0.2040040635
Delphi_ExtendedDeltaDensity,HHS Region 9,4 wk ahead,2010/2011,16,1.8,0.00042298078
Delphi_ExtendedDeltaDensity,HHS Region 9,4 wk ahead,2010/2011,17,1.8,0.4744294563
Delphi_ExtendedDeltaDensity,HHS Region 9,4 wk ahead,2010/2011,18,2.2,0.842958157
Delphi_ExtendedDeltaDensity,HHS Region 10,4 wk ahead,2010/2011,43,1.7,0.2690290852
Delphi_ExtendedDeltaDensity,HHS Region 10,4 wk ahead,2010/2011,44,1,0.079131354
Delphi_ExtendedDeltaDensity,HHS Region 10,4 wk ahead,2010/2011,45,1.1,0.180607123
Delphi_ExtendedDeltaDensity,HHS Region 10,4 wk ahead,2010/2011,46,1,0.0204420318
Delphi_ExtendedDeltaDensity,HHS Region 10,4 wk ahead,2010/2011,47,1.3,0.00185911513
Delphi_ExtendedDeltaDensity,HHS Region 10,4 wk ahead,2010/2011,48,2.4,0.8711472
Delphi_ExtendedDeltaDensity,HHS Region 10,4 wk ahead,2010/2011,49,1.4,0.831322957
Delphi_ExtendedDeltaDensity,HHS Region 10,4 wk ahead,2010/2011,50,1.5,0.78629997
Delphi_ExtendedDeltaDensity,HHS Region 10,4 wk ahead,2010/2011,51,1.5,0.432777801
Delphi_ExtendedDeltaDensity,HHS Region 10,4 wk ahead,2010/2011,52,2.1,0.577405663
Delphi_ExtendedDeltaDensity,HHS Region 10,4 wk ahead,2010/2011,1,2.6,0.794314871
Delphi_ExtendedDeltaDensity,HHS Region 10,4 wk ahead,2010/2011,2,2.5,0.3029233318
Delphi_ExtendedDeltaDensity,HHS Region 10,4 wk ahead,2010/2011,3,3.9,0.7432855815
Delphi_ExtendedDeltaDensity,HHS Region 10,4 wk ahead,2010/2011,4,3.5,0.869265082
Delphi_ExtendedDeltaDensity,HHS Region 10,4 wk ahead,2010/2011,5,3.3,0.19430689948
Delphi_ExtendedDeltaDensity,HHS Region 10,4 wk ahead,2010/2011,6,3.2,0.94849812
Delphi_ExtendedDeltaDensity,HHS Region 10,4 wk ahead,2010/2011,7,3.1,0.00169954149
Delphi_ExtendedDeltaDensity,HHS Region 10,4 wk ahead,2010/2011,8,2.8,0.00064813713
Delphi_ExtendedDeltaDensity,HHS Region 10,4 wk ahead,2010/2011,9,1.7,0.030404198
Delphi_ExtendedDeltaDensity,HHS Region 10,4 wk ahead,2010/2011,10,1.2,0.0353517204
Delphi_ExtendedDeltaDensity,HHS Region 10,4 wk ahead,2010/2011,11,1.2,0.0128198235
Delphi_ExtendedDeltaDensity,HHS Region 10,4 wk ahead,2010/2011,12,1.3,0.150546006
Delphi_ExtendedDeltaDensity,HHS Region 10,4 wk ahead,2010/2011,13,0.9,0.00022184903
Delphi_ExtendedDeltaDensity,HHS Region 10,4 wk ahead,2010/2011,14,0.9,0.00020154227
Delphi_ExtendedDeltaDensity,HHS Region 10,4 wk ahead,2010/2011,15,0.8,0.092765362
Delphi_ExtendedDeltaDensity,HHS Region 10,4 wk ahead,2010/2011,16,0.8,0.486778
Delphi_ExtendedDeltaDensity,HHS Region 10,4 wk ahead,2010/2011,17,0.5,0.14338352
Delphi_ExtendedDeltaDensity,HHS Region 10,4 wk ahead,2010/2011,18,0.7,0.56963224
