model_name,location,target,season,calendar_week,valid.bin_start_incl,cdf
CU_EKF_SEIRS,US National,4 wk ahead,2015/2016,43,1.9,0.548152
CU_EKF_SEIRS,US National,4 wk ahead,2015/2016,44,1.7,0.250074
CU_EKF_SEIRS,US National,4 wk ahead,2015/2016,45,1.8,0.171397
CU_EKF_SEIRS,US National,4 wk ahead,2015/2016,46,1.9,0.108065
CU_EKF_SEIRS,US National,4 wk ahead,2015/2016,47,2.4,0.240703
CU_EKF_SEIRS,US National,4 wk ahead,2015/2016,48,2.5,0.443395
CU_EKF_SEIRS,US National,4 wk ahead,2015/2016,49,2,0.200028
CU_EKF_SEIRS,US National,4 wk ahead,2015/2016,50,2,0.095961
CU_EKF_SEIRS,US National,4 wk ahead,2015/2016,51,2.2,0.050635
CU_EKF_SEIRS,US National,4 wk ahead,2015/2016,52,2.3,0.149324
CU_EKF_SEIRS,US National,4 wk ahead,2015/2016,1,2.4,0.428696
CU_EKF_SEIRS,US National,4 wk ahead,2015/2016,2,2.8,0.661445
CU_EKF_SEIRS,US National,4 wk ahead,2015/2016,3,3.2,0.836227
CU_EKF_SEIRS,US National,4 wk ahead,2015/2016,4,3.2,0.823512
CU_EKF_SEIRS,US National,4 wk ahead,2015/2016,5,3.3,0.885568
CU_EKF_SEIRS,US National,4 wk ahead,2015/2016,6,3.6,0.584105
CU_EKF_SEIRS,US National,4 wk ahead,2015/2016,7,3.1,0.155302
CU_EKF_SEIRS,US National,4 wk ahead,2015/2016,8,2.8,0.092645
CU_EKF_SEIRS,US National,4 wk ahead,2015/2016,9,2.5,0.10201
CU_EKF_SEIRS,US National,4 wk ahead,2015/2016,10,2.1,0.030608
CU_EKF_SEIRS,US National,4 wk ahead,2015/2016,11,2,0.075355
CU_EKF_SEIRS,US National,4 wk ahead,2015/2016,12,1.9,0.200003
CU_EKF_SEIRS,US National,4 wk ahead,2015/2016,13,1.7,0.248721
CU_EKF_SEIRS,US National,4 wk ahead,2015/2016,14,1.6,0.432846
CU_EKF_SEIRS,US National,4 wk ahead,2015/2016,15,1.4,0.334701
CU_EKF_SEIRS,US National,4 wk ahead,2015/2016,16,1.3,0.254716
CU_EKF_SEIRS,US National,4 wk ahead,2015/2016,17,1.2,0.167357
CU_EKF_SEIRS,US National,4 wk ahead,2015/2016,18,1.2,0.276717
CU_EKF_SEIRS,HHS Region 1,4 wk ahead,2015/2016,43,1,0.254039
CU_EKF_SEIRS,HHS Region 1,4 wk ahead,2015/2016,44,0.8,0.106685
CU_EKF_SEIRS,HHS Region 1,4 wk ahead,2015/2016,45,1,0.238004
CU_EKF_SEIRS,HHS Region 1,4 wk ahead,2015/2016,46,1,0.512701
CU_EKF_SEIRS,HHS Region 1,4 wk ahead,2015/2016,47,1.4,0.860077
CU_EKF_SEIRS,HHS Region 1,4 wk ahead,2015/2016,48,1.6,0.859406
CU_EKF_SEIRS,HHS Region 1,4 wk ahead,2015/2016,49,1.3,0.374112
CU_EKF_SEIRS,HHS Region 1,4 wk ahead,2015/2016,50,1.4,0.153331
CU_EKF_SEIRS,HHS Region 1,4 wk ahead,2015/2016,51,1.5,0.091298
CU_EKF_SEIRS,HHS Region 1,4 wk ahead,2015/2016,52,1.7,0.102602
CU_EKF_SEIRS,HHS Region 1,4 wk ahead,2015/2016,1,1.8,0.294643
CU_EKF_SEIRS,HHS Region 1,4 wk ahead,2015/2016,2,2,0.191294
CU_EKF_SEIRS,HHS Region 1,4 wk ahead,2015/2016,3,2,0.422726
CU_EKF_SEIRS,HHS Region 1,4 wk ahead,2015/2016,4,2,0.338728
CU_EKF_SEIRS,HHS Region 1,4 wk ahead,2015/2016,5,2,0.232703
CU_EKF_SEIRS,HHS Region 1,4 wk ahead,2015/2016,6,2.5,0.734875
CU_EKF_SEIRS,HHS Region 1,4 wk ahead,2015/2016,7,2.2,0.514115
CU_EKF_SEIRS,HHS Region 1,4 wk ahead,2015/2016,8,2,0.783611
CU_EKF_SEIRS,HHS Region 1,4 wk ahead,2015/2016,9,2,0.300792
CU_EKF_SEIRS,HHS Region 1,4 wk ahead,2015/2016,10,1.7,0.232001
CU_EKF_SEIRS,HHS Region 1,4 wk ahead,2015/2016,11,1.6,0.338015
CU_EKF_SEIRS,HHS Region 1,4 wk ahead,2015/2016,12,1.6,0.285452
CU_EKF_SEIRS,HHS Region 1,4 wk ahead,2015/2016,13,1.1,0.11598
CU_EKF_SEIRS,HHS Region 1,4 wk ahead,2015/2016,14,1.1,0.517488
CU_EKF_SEIRS,HHS Region 1,4 wk ahead,2015/2016,15,0.9,0.11335
CU_EKF_SEIRS,HHS Region 1,4 wk ahead,2015/2016,16,0.9,0.55545
CU_EKF_SEIRS,HHS Region 1,4 wk ahead,2015/2016,17,0.8,0.641404
CU_EKF_SEIRS,HHS Region 1,4 wk ahead,2015/2016,18,0.7,0.474688
CU_EKF_SEIRS,HHS Region 2,4 wk ahead,2015/2016,43,1.4,0
CU_EKF_SEIRS,HHS Region 2,4 wk ahead,2015/2016,44,1.6,0.440018
CU_EKF_SEIRS,HHS Region 2,4 wk ahead,2015/2016,45,1.9,0.930716
CU_EKF_SEIRS,HHS Region 2,4 wk ahead,2015/2016,46,1.7,0.104032
CU_EKF_SEIRS,HHS Region 2,4 wk ahead,2015/2016,47,2.3,0.057971
CU_EKF_SEIRS,HHS Region 2,4 wk ahead,2015/2016,48,2.3,0.061335
CU_EKF_SEIRS,HHS Region 2,4 wk ahead,2015/2016,49,1.8,0.011303
CU_EKF_SEIRS,HHS Region 2,4 wk ahead,2015/2016,50,2.4,0.229411
CU_EKF_SEIRS,HHS Region 2,4 wk ahead,2015/2016,51,2.2,0.021986
CU_EKF_SEIRS,HHS Region 2,4 wk ahead,2015/2016,52,2.3,0.068624
CU_EKF_SEIRS,HHS Region 2,4 wk ahead,2015/2016,1,2.5,0.329434
CU_EKF_SEIRS,HHS Region 2,4 wk ahead,2015/2016,2,3.2,0.310583
CU_EKF_SEIRS,HHS Region 2,4 wk ahead,2015/2016,3,2.8,0.172029
CU_EKF_SEIRS,HHS Region 2,4 wk ahead,2015/2016,4,3.2,0.402074
CU_EKF_SEIRS,HHS Region 2,4 wk ahead,2015/2016,5,3.7,0.386644
CU_EKF_SEIRS,HHS Region 2,4 wk ahead,2015/2016,6,4,0.079167
CU_EKF_SEIRS,HHS Region 2,4 wk ahead,2015/2016,7,4.1,0.287241
CU_EKF_SEIRS,HHS Region 2,4 wk ahead,2015/2016,8,3.3,0.019861
CU_EKF_SEIRS,HHS Region 2,4 wk ahead,2015/2016,9,2.3,0.00066
CU_EKF_SEIRS,HHS Region 2,4 wk ahead,2015/2016,10,2,0.00066
CU_EKF_SEIRS,HHS Region 2,4 wk ahead,2015/2016,11,2.2,0.005323
CU_EKF_SEIRS,HHS Region 2,4 wk ahead,2015/2016,12,2,0.021304
CU_EKF_SEIRS,HHS Region 2,4 wk ahead,2015/2016,13,1.7,0.018665
CU_EKF_SEIRS,HHS Region 2,4 wk ahead,2015/2016,14,1.5,0
CU_EKF_SEIRS,HHS Region 2,4 wk ahead,2015/2016,15,1.3,0
CU_EKF_SEIRS,HHS Region 2,4 wk ahead,2015/2016,16,1.3,0
CU_EKF_SEIRS,HHS Region 2,4 wk ahead,2015/2016,17,1.2,0
CU_EKF_SEIRS,HHS Region 2,4 wk ahead,2015/2016,18,0.8,0
CU_EKF_SEIRS,HHS Region 3,4 wk ahead,2015/2016,43,2.2,0.666803
CU_EKF_SEIRS,HHS Region 3,4 wk ahead,2015/2016,44,1.8,0.596149
CU_EKF_SEIRS,HHS Region 3,4 wk ahead,2015/2016,45,2,0.218717
CU_EKF_SEIRS,HHS Region 3,4 wk ahead,2015/2016,46,2.3,0.224621
CU_EKF_SEIRS,HHS Region 3,4 wk ahead,2015/2016,47,2.8,0.139351
CU_EKF_SEIRS,HHS Region 3,4 wk ahead,2015/2016,48,3,0.492738
CU_EKF_SEIRS,HHS Region 3,4 wk ahead,2015/2016,49,2.4,0.172695
CU_EKF_SEIRS,HHS Region 3,4 wk ahead,2015/2016,50,2.3,0.13272
CU_EKF_SEIRS,HHS Region 3,4 wk ahead,2015/2016,51,2.3,0.095258
CU_EKF_SEIRS,HHS Region 3,4 wk ahead,2015/2016,52,2.2,0.025914
CU_EKF_SEIRS,HHS Region 3,4 wk ahead,2015/2016,1,2,0.057278
CU_EKF_SEIRS,HHS Region 3,4 wk ahead,2015/2016,2,2.3,0.345416
CU_EKF_SEIRS,HHS Region 3,4 wk ahead,2015/2016,3,2.6,0.694192
CU_EKF_SEIRS,HHS Region 3,4 wk ahead,2015/2016,4,2.9,0.899518
CU_EKF_SEIRS,HHS Region 3,4 wk ahead,2015/2016,5,3.3,0.964235
CU_EKF_SEIRS,HHS Region 3,4 wk ahead,2015/2016,6,4,0.964115
CU_EKF_SEIRS,HHS Region 3,4 wk ahead,2015/2016,7,3.2,0.702832
CU_EKF_SEIRS,HHS Region 3,4 wk ahead,2015/2016,8,3,0.407368
CU_EKF_SEIRS,HHS Region 3,4 wk ahead,2015/2016,9,2.5,0.029272
CU_EKF_SEIRS,HHS Region 3,4 wk ahead,2015/2016,10,2.1,0.04057
CU_EKF_SEIRS,HHS Region 3,4 wk ahead,2015/2016,11,2.2,0.19531
CU_EKF_SEIRS,HHS Region 3,4 wk ahead,2015/2016,12,2.3,0.306111
CU_EKF_SEIRS,HHS Region 3,4 wk ahead,2015/2016,13,2.2,0.808846
CU_EKF_SEIRS,HHS Region 3,4 wk ahead,2015/2016,14,1.9,0.73618
CU_EKF_SEIRS,HHS Region 3,4 wk ahead,2015/2016,15,1.7,0.62543
CU_EKF_SEIRS,HHS Region 3,4 wk ahead,2015/2016,16,1.7,0.644104
CU_EKF_SEIRS,HHS Region 3,4 wk ahead,2015/2016,17,1.6,0.653435
CU_EKF_SEIRS,HHS Region 3,4 wk ahead,2015/2016,18,1.9,0.958756
CU_EKF_SEIRS,HHS Region 4,4 wk ahead,2015/2016,43,1.7,0.35203
CU_EKF_SEIRS,HHS Region 4,4 wk ahead,2015/2016,44,1.4,0.071337
CU_EKF_SEIRS,HHS Region 4,4 wk ahead,2015/2016,45,1.4,0.122657
CU_EKF_SEIRS,HHS Region 4,4 wk ahead,2015/2016,46,1.5,0.058637
CU_EKF_SEIRS,HHS Region 4,4 wk ahead,2015/2016,47,1.9,0.08873
CU_EKF_SEIRS,HHS Region 4,4 wk ahead,2015/2016,48,1.8,0.260677
CU_EKF_SEIRS,HHS Region 4,4 wk ahead,2015/2016,49,1.4,0.114673
CU_EKF_SEIRS,HHS Region 4,4 wk ahead,2015/2016,50,1.5,0.073293
CU_EKF_SEIRS,HHS Region 4,4 wk ahead,2015/2016,51,1.8,0.047251
CU_EKF_SEIRS,HHS Region 4,4 wk ahead,2015/2016,52,1.9,0.126016
CU_EKF_SEIRS,HHS Region 4,4 wk ahead,2015/2016,1,2.1,0.528747
CU_EKF_SEIRS,HHS Region 4,4 wk ahead,2015/2016,2,2.3,0.565481
CU_EKF_SEIRS,HHS Region 4,4 wk ahead,2015/2016,3,2.9,0.956176
CU_EKF_SEIRS,HHS Region 4,4 wk ahead,2015/2016,4,3.4,0.975454
CU_EKF_SEIRS,HHS Region 4,4 wk ahead,2015/2016,5,3.3,0.980796
CU_EKF_SEIRS,HHS Region 4,4 wk ahead,2015/2016,6,3.6,0.757517
CU_EKF_SEIRS,HHS Region 4,4 wk ahead,2015/2016,7,2.9,0.133355
CU_EKF_SEIRS,HHS Region 4,4 wk ahead,2015/2016,8,2.8,0.123933
CU_EKF_SEIRS,HHS Region 4,4 wk ahead,2015/2016,9,2.7,0.072548
CU_EKF_SEIRS,HHS Region 4,4 wk ahead,2015/2016,10,2.1,0.082015
CU_EKF_SEIRS,HHS Region 4,4 wk ahead,2015/2016,11,2,0.227336
CU_EKF_SEIRS,HHS Region 4,4 wk ahead,2015/2016,12,2,0.440788
CU_EKF_SEIRS,HHS Region 4,4 wk ahead,2015/2016,13,1.8,0.602176
CU_EKF_SEIRS,HHS Region 4,4 wk ahead,2015/2016,14,1.7,0.716059
CU_EKF_SEIRS,HHS Region 4,4 wk ahead,2015/2016,15,1.4,0.696786
CU_EKF_SEIRS,HHS Region 4,4 wk ahead,2015/2016,16,1.2,0.50132
CU_EKF_SEIRS,HHS Region 4,4 wk ahead,2015/2016,17,1.1,0.533405
CU_EKF_SEIRS,HHS Region 4,4 wk ahead,2015/2016,18,1.1,0.671394
CU_EKF_SEIRS,HHS Region 5,4 wk ahead,2015/2016,43,1.4,0.312784
CU_EKF_SEIRS,HHS Region 5,4 wk ahead,2015/2016,44,1.1,0.039311
CU_EKF_SEIRS,HHS Region 5,4 wk ahead,2015/2016,45,1.4,0.077999
CU_EKF_SEIRS,HHS Region 5,4 wk ahead,2015/2016,46,1.5,0.16809
CU_EKF_SEIRS,HHS Region 5,4 wk ahead,2015/2016,47,1.8,0.165407
CU_EKF_SEIRS,HHS Region 5,4 wk ahead,2015/2016,48,1.7,0.46005
CU_EKF_SEIRS,HHS Region 5,4 wk ahead,2015/2016,49,1.4,0.126708
CU_EKF_SEIRS,HHS Region 5,4 wk ahead,2015/2016,50,1.4,0.069336
CU_EKF_SEIRS,HHS Region 5,4 wk ahead,2015/2016,51,1.4,0.030643
CU_EKF_SEIRS,HHS Region 5,4 wk ahead,2015/2016,52,1.4,0.032594
CU_EKF_SEIRS,HHS Region 5,4 wk ahead,2015/2016,1,1.6,0.309416
CU_EKF_SEIRS,HHS Region 5,4 wk ahead,2015/2016,2,1.8,0.406067
CU_EKF_SEIRS,HHS Region 5,4 wk ahead,2015/2016,3,2.1,0.515517
CU_EKF_SEIRS,HHS Region 5,4 wk ahead,2015/2016,4,2.6,0.880916
CU_EKF_SEIRS,HHS Region 5,4 wk ahead,2015/2016,5,2.9,0.909533
CU_EKF_SEIRS,HHS Region 5,4 wk ahead,2015/2016,6,3.3,0.601539
CU_EKF_SEIRS,HHS Region 5,4 wk ahead,2015/2016,7,2.6,0.228074
CU_EKF_SEIRS,HHS Region 5,4 wk ahead,2015/2016,8,2.3,0.103349
CU_EKF_SEIRS,HHS Region 5,4 wk ahead,2015/2016,9,2,0.04727
CU_EKF_SEIRS,HHS Region 5,4 wk ahead,2015/2016,10,1.6,0.07004
CU_EKF_SEIRS,HHS Region 5,4 wk ahead,2015/2016,11,1.5,0.103985
CU_EKF_SEIRS,HHS Region 5,4 wk ahead,2015/2016,12,1.5,0.253426
CU_EKF_SEIRS,HHS Region 5,4 wk ahead,2015/2016,13,1.4,0.392778
CU_EKF_SEIRS,HHS Region 5,4 wk ahead,2015/2016,14,1,0.23072
CU_EKF_SEIRS,HHS Region 5,4 wk ahead,2015/2016,15,1.2,0.676131
CU_EKF_SEIRS,HHS Region 5,4 wk ahead,2015/2016,16,1,0.67943
CU_EKF_SEIRS,HHS Region 5,4 wk ahead,2015/2016,17,0.8,0.268698
CU_EKF_SEIRS,HHS Region 5,4 wk ahead,2015/2016,18,0.9,0.902737
CU_EKF_SEIRS,HHS Region 6,4 wk ahead,2015/2016,43,4.2,0.290663
CU_EKF_SEIRS,HHS Region 6,4 wk ahead,2015/2016,44,3.9,0.426038
CU_EKF_SEIRS,HHS Region 6,4 wk ahead,2015/2016,45,4,0.239366
CU_EKF_SEIRS,HHS Region 6,4 wk ahead,2015/2016,46,4.1,0.249278
CU_EKF_SEIRS,HHS Region 6,4 wk ahead,2015/2016,47,4.5,0.143844
CU_EKF_SEIRS,HHS Region 6,4 wk ahead,2015/2016,48,5,0.396022
CU_EKF_SEIRS,HHS Region 6,4 wk ahead,2015/2016,49,4.1,0.117925
CU_EKF_SEIRS,HHS Region 6,4 wk ahead,2015/2016,50,3.8,0.085939
CU_EKF_SEIRS,HHS Region 6,4 wk ahead,2015/2016,51,4.1,0.121339
CU_EKF_SEIRS,HHS Region 6,4 wk ahead,2015/2016,52,4.5,0.369997
CU_EKF_SEIRS,HHS Region 6,4 wk ahead,2015/2016,1,4.4,0.62754
CU_EKF_SEIRS,HHS Region 6,4 wk ahead,2015/2016,2,5.1,0.872858
CU_EKF_SEIRS,HHS Region 6,4 wk ahead,2015/2016,3,5.6,0.954211
CU_EKF_SEIRS,HHS Region 6,4 wk ahead,2015/2016,4,4.5,0.884258
CU_EKF_SEIRS,HHS Region 6,4 wk ahead,2015/2016,5,4.7,0.944792
CU_EKF_SEIRS,HHS Region 6,4 wk ahead,2015/2016,6,4.4,0.485457
CU_EKF_SEIRS,HHS Region 6,4 wk ahead,2015/2016,7,3.9,0.121306
CU_EKF_SEIRS,HHS Region 6,4 wk ahead,2015/2016,8,3.6,0.175406
CU_EKF_SEIRS,HHS Region 6,4 wk ahead,2015/2016,9,3.3,0.154704
CU_EKF_SEIRS,HHS Region 6,4 wk ahead,2015/2016,10,2.9,0.067997
CU_EKF_SEIRS,HHS Region 6,4 wk ahead,2015/2016,11,3.1,0.492759
CU_EKF_SEIRS,HHS Region 6,4 wk ahead,2015/2016,12,3,0.851451
CU_EKF_SEIRS,HHS Region 6,4 wk ahead,2015/2016,13,2.8,0.59208
CU_EKF_SEIRS,HHS Region 6,4 wk ahead,2015/2016,14,2.7,0.858093
CU_EKF_SEIRS,HHS Region 6,4 wk ahead,2015/2016,15,2.3,0.324013
CU_EKF_SEIRS,HHS Region 6,4 wk ahead,2015/2016,16,2.3,0.290722
CU_EKF_SEIRS,HHS Region 6,4 wk ahead,2015/2016,17,2.4,0.622747
CU_EKF_SEIRS,HHS Region 6,4 wk ahead,2015/2016,18,2.1,0.078008
CU_EKF_SEIRS,HHS Region 7,4 wk ahead,2015/2016,43,1.3,0.137313
CU_EKF_SEIRS,HHS Region 7,4 wk ahead,2015/2016,44,1,0.012642
CU_EKF_SEIRS,HHS Region 7,4 wk ahead,2015/2016,45,0.9,0.025348
CU_EKF_SEIRS,HHS Region 7,4 wk ahead,2015/2016,46,1.2,0.1594
CU_EKF_SEIRS,HHS Region 7,4 wk ahead,2015/2016,47,1.4,0.074618
CU_EKF_SEIRS,HHS Region 7,4 wk ahead,2015/2016,48,1.6,0.602048
CU_EKF_SEIRS,HHS Region 7,4 wk ahead,2015/2016,49,1.4,0.450771
CU_EKF_SEIRS,HHS Region 7,4 wk ahead,2015/2016,50,1.1,0.034686
CU_EKF_SEIRS,HHS Region 7,4 wk ahead,2015/2016,51,1.2,0.026688
CU_EKF_SEIRS,HHS Region 7,4 wk ahead,2015/2016,52,1.2,0.026661
CU_EKF_SEIRS,HHS Region 7,4 wk ahead,2015/2016,1,1.1,0.023284
CU_EKF_SEIRS,HHS Region 7,4 wk ahead,2015/2016,2,1.5,0.296711
CU_EKF_SEIRS,HHS Region 7,4 wk ahead,2015/2016,3,1.8,0.751562
CU_EKF_SEIRS,HHS Region 7,4 wk ahead,2015/2016,4,1.8,0.878156
CU_EKF_SEIRS,HHS Region 7,4 wk ahead,2015/2016,5,2.4,0.976198
CU_EKF_SEIRS,HHS Region 7,4 wk ahead,2015/2016,6,2.5,0.52548
CU_EKF_SEIRS,HHS Region 7,4 wk ahead,2015/2016,7,2,0.081267
CU_EKF_SEIRS,HHS Region 7,4 wk ahead,2015/2016,8,2.1,0.04262
CU_EKF_SEIRS,HHS Region 7,4 wk ahead,2015/2016,9,2.1,0.098633
CU_EKF_SEIRS,HHS Region 7,4 wk ahead,2015/2016,10,1.5,0.066648
CU_EKF_SEIRS,HHS Region 7,4 wk ahead,2015/2016,11,1.4,0.129322
CU_EKF_SEIRS,HHS Region 7,4 wk ahead,2015/2016,12,1.2,0.129356
CU_EKF_SEIRS,HHS Region 7,4 wk ahead,2015/2016,13,1,0.067352
CU_EKF_SEIRS,HHS Region 7,4 wk ahead,2015/2016,14,0.9,0.156715
CU_EKF_SEIRS,HHS Region 7,4 wk ahead,2015/2016,15,0.7,0.118703
CU_EKF_SEIRS,HHS Region 7,4 wk ahead,2015/2016,16,0.6,0.110013
CU_EKF_SEIRS,HHS Region 7,4 wk ahead,2015/2016,17,0.3,0
CU_EKF_SEIRS,HHS Region 7,4 wk ahead,2015/2016,18,0.4,0
CU_EKF_SEIRS,HHS Region 8,4 wk ahead,2015/2016,43,1,0.399363
CU_EKF_SEIRS,HHS Region 8,4 wk ahead,2015/2016,44,0.7,0.074016
CU_EKF_SEIRS,HHS Region 8,4 wk ahead,2015/2016,45,0.9,0.194035
CU_EKF_SEIRS,HHS Region 8,4 wk ahead,2015/2016,46,0.9,0.104021
CU_EKF_SEIRS,HHS Region 8,4 wk ahead,2015/2016,47,1.2,0.071379
CU_EKF_SEIRS,HHS Region 8,4 wk ahead,2015/2016,48,1.5,0.619395
CU_EKF_SEIRS,HHS Region 8,4 wk ahead,2015/2016,49,1.1,0.154031
CU_EKF_SEIRS,HHS Region 8,4 wk ahead,2015/2016,50,1.2,0.250004
CU_EKF_SEIRS,HHS Region 8,4 wk ahead,2015/2016,51,1.2,0.069331
CU_EKF_SEIRS,HHS Region 8,4 wk ahead,2015/2016,52,1.3,0.051946
CU_EKF_SEIRS,HHS Region 8,4 wk ahead,2015/2016,1,1.6,0.193407
CU_EKF_SEIRS,HHS Region 8,4 wk ahead,2015/2016,2,1.8,0.418085
CU_EKF_SEIRS,HHS Region 8,4 wk ahead,2015/2016,3,2.1,0.492845
CU_EKF_SEIRS,HHS Region 8,4 wk ahead,2015/2016,4,2.2,0.865437
CU_EKF_SEIRS,HHS Region 8,4 wk ahead,2015/2016,5,2,0.538094
CU_EKF_SEIRS,HHS Region 8,4 wk ahead,2015/2016,6,2.1,0.122686
CU_EKF_SEIRS,HHS Region 8,4 wk ahead,2015/2016,7,2.2,0.109307
CU_EKF_SEIRS,HHS Region 8,4 wk ahead,2015/2016,8,1.9,0.033238
CU_EKF_SEIRS,HHS Region 8,4 wk ahead,2015/2016,9,1.8,0.034615
CU_EKF_SEIRS,HHS Region 8,4 wk ahead,2015/2016,10,1.7,0.027913
CU_EKF_SEIRS,HHS Region 8,4 wk ahead,2015/2016,11,1.3,0.047312
CU_EKF_SEIRS,HHS Region 8,4 wk ahead,2015/2016,12,1.2,0.052598
CU_EKF_SEIRS,HHS Region 8,4 wk ahead,2015/2016,13,1,0.06202
CU_EKF_SEIRS,HHS Region 8,4 wk ahead,2015/2016,14,1,0.116045
CU_EKF_SEIRS,HHS Region 8,4 wk ahead,2015/2016,15,0.8,0.159347
CU_EKF_SEIRS,HHS Region 8,4 wk ahead,2015/2016,16,0.7,0.198685
CU_EKF_SEIRS,HHS Region 8,4 wk ahead,2015/2016,17,0.7,0.476154
CU_EKF_SEIRS,HHS Region 8,4 wk ahead,2015/2016,18,0.7,0.526693
CU_EKF_SEIRS,HHS Region 9,4 wk ahead,2015/2016,43,2.3,0.99736
CU_EKF_SEIRS,HHS Region 9,4 wk ahead,2015/2016,44,2,0.909504
CU_EKF_SEIRS,HHS Region 9,4 wk ahead,2015/2016,45,2,0.254152
CU_EKF_SEIRS,HHS Region 9,4 wk ahead,2015/2016,46,2.1,0.4495
CU_EKF_SEIRS,HHS Region 9,4 wk ahead,2015/2016,47,2.8,0.779652
CU_EKF_SEIRS,HHS Region 9,4 wk ahead,2015/2016,48,3,0.337401
CU_EKF_SEIRS,HHS Region 9,4 wk ahead,2015/2016,49,2.4,0.626748
CU_EKF_SEIRS,HHS Region 9,4 wk ahead,2015/2016,50,2.4,0.05063
CU_EKF_SEIRS,HHS Region 9,4 wk ahead,2015/2016,51,2.6,0.024647
CU_EKF_SEIRS,HHS Region 9,4 wk ahead,2015/2016,52,2.8,0.04194
CU_EKF_SEIRS,HHS Region 9,4 wk ahead,2015/2016,1,3.2,0.814017
CU_EKF_SEIRS,HHS Region 9,4 wk ahead,2015/2016,2,4,0.998679
CU_EKF_SEIRS,HHS Region 9,4 wk ahead,2015/2016,3,4.4,0.99604
CU_EKF_SEIRS,HHS Region 9,4 wk ahead,2015/2016,4,3.9,0.886763
CU_EKF_SEIRS,HHS Region 9,4 wk ahead,2015/2016,5,3.8,0.156607
CU_EKF_SEIRS,HHS Region 9,4 wk ahead,2015/2016,6,3.8,0.059786
CU_EKF_SEIRS,HHS Region 9,4 wk ahead,2015/2016,7,3.3,0.040629
CU_EKF_SEIRS,HHS Region 9,4 wk ahead,2015/2016,8,3,0.044593
CU_EKF_SEIRS,HHS Region 9,4 wk ahead,2015/2016,9,2.8,0.058668
CU_EKF_SEIRS,HHS Region 9,4 wk ahead,2015/2016,10,2.3,0.026642
CU_EKF_SEIRS,HHS Region 9,4 wk ahead,2015/2016,11,2,0.020624
CU_EKF_SEIRS,HHS Region 9,4 wk ahead,2015/2016,12,1.8,0.012665
CU_EKF_SEIRS,HHS Region 9,4 wk ahead,2015/2016,13,1.8,0.069978
CU_EKF_SEIRS,HHS Region 9,4 wk ahead,2015/2016,14,1.8,0.073339
CU_EKF_SEIRS,HHS Region 9,4 wk ahead,2015/2016,15,1.5,0
CU_EKF_SEIRS,HHS Region 9,4 wk ahead,2015/2016,16,1.5,0
CU_EKF_SEIRS,HHS Region 9,4 wk ahead,2015/2016,17,1.4,0
CU_EKF_SEIRS,HHS Region 9,4 wk ahead,2015/2016,18,1.4,0
CU_EKF_SEIRS,HHS Region 10,4 wk ahead,2015/2016,43,0.8,0.208053
CU_EKF_SEIRS,HHS Region 10,4 wk ahead,2015/2016,44,0.8,0.485359
CU_EKF_SEIRS,HHS Region 10,4 wk ahead,2015/2016,45,0.6,0.036643
CU_EKF_SEIRS,HHS Region 10,4 wk ahead,2015/2016,46,0.7,0.152001
CU_EKF_SEIRS,HHS Region 10,4 wk ahead,2015/2016,47,0.7,0.110685
CU_EKF_SEIRS,HHS Region 10,4 wk ahead,2015/2016,48,0.8,0.107322
CU_EKF_SEIRS,HHS Region 10,4 wk ahead,2015/2016,49,0.9,0.668722
CU_EKF_SEIRS,HHS Region 10,4 wk ahead,2015/2016,50,1.1,0.595381
CU_EKF_SEIRS,HHS Region 10,4 wk ahead,2015/2016,51,1.4,0.779434
CU_EKF_SEIRS,HHS Region 10,4 wk ahead,2015/2016,52,1.4,0.648731
CU_EKF_SEIRS,HHS Region 10,4 wk ahead,2015/2016,1,1.7,0.978759
CU_EKF_SEIRS,HHS Region 10,4 wk ahead,2015/2016,2,1.7,0.576076
CU_EKF_SEIRS,HHS Region 10,4 wk ahead,2015/2016,3,2.4,0.197351
CU_EKF_SEIRS,HHS Region 10,4 wk ahead,2015/2016,4,2.1,0.338734
CU_EKF_SEIRS,HHS Region 10,4 wk ahead,2015/2016,5,2,0.081883
CU_EKF_SEIRS,HHS Region 10,4 wk ahead,2015/2016,6,2.2,0.047216
CU_EKF_SEIRS,HHS Region 10,4 wk ahead,2015/2016,7,2.2,0.039287
CU_EKF_SEIRS,HHS Region 10,4 wk ahead,2015/2016,8,1.7,0.064651
CU_EKF_SEIRS,HHS Region 10,4 wk ahead,2015/2016,9,1.8,0.119404
CU_EKF_SEIRS,HHS Region 10,4 wk ahead,2015/2016,10,1.7,0.081997
CU_EKF_SEIRS,HHS Region 10,4 wk ahead,2015/2016,11,1,0.048006
CU_EKF_SEIRS,HHS Region 10,4 wk ahead,2015/2016,12,0.8,0.012625
CU_EKF_SEIRS,HHS Region 10,4 wk ahead,2015/2016,13,0.7,0.038688
CU_EKF_SEIRS,HHS Region 10,4 wk ahead,2015/2016,14,0.9,0.081338
CU_EKF_SEIRS,HHS Region 10,4 wk ahead,2015/2016,15,0.5,0.011342
CU_EKF_SEIRS,HHS Region 10,4 wk ahead,2015/2016,16,0.5,0.046671
CU_EKF_SEIRS,HHS Region 10,4 wk ahead,2015/2016,17,0.2,0
CU_EKF_SEIRS,HHS Region 10,4 wk ahead,2015/2016,18,0.2,0
