model_name,location,target,season,calendar_week,valid.bin_start_incl,cdf
Delphi_EmpiricalFutures,US National,4 wk ahead,2015/2016,43,1.9,0.391099817
Delphi_EmpiricalFutures,US National,4 wk ahead,2015/2016,44,1.7,0.335972228
Delphi_EmpiricalFutures,US National,4 wk ahead,2015/2016,45,1.8,0.336888167
Delphi_EmpiricalFutures,US National,4 wk ahead,2015/2016,46,1.9,0.304525962
Delphi_EmpiricalFutures,US National,4 wk ahead,2015/2016,47,2.4,0.31152597
Delphi_EmpiricalFutures,US National,4 wk ahead,2015/2016,48,2.5,0.271338798
Delphi_EmpiricalFutures,US National,4 wk ahead,2015/2016,49,2,0.246534881
Delphi_EmpiricalFutures,US National,4 wk ahead,2015/2016,50,2,0.282901926
Delphi_EmpiricalFutures,US National,4 wk ahead,2015/2016,51,2.2,0.31794636
Delphi_EmpiricalFutures,US National,4 wk ahead,2015/2016,52,2.3,0.285310567
Delphi_EmpiricalFutures,US National,4 wk ahead,2015/2016,1,2.4,0.285281873
Delphi_EmpiricalFutures,US National,4 wk ahead,2015/2016,2,2.8,0.363073723
Delphi_EmpiricalFutures,US National,4 wk ahead,2015/2016,3,3.2,0.427313838
Delphi_EmpiricalFutures,US National,4 wk ahead,2015/2016,4,3.2,0.485183695
Delphi_EmpiricalFutures,US National,4 wk ahead,2015/2016,5,3.3,0.596518997
Delphi_EmpiricalFutures,US National,4 wk ahead,2015/2016,6,3.6,0.723812946
Delphi_EmpiricalFutures,US National,4 wk ahead,2015/2016,7,3.1,0.71608595
Delphi_EmpiricalFutures,US National,4 wk ahead,2015/2016,8,2.8,0.738429255
Delphi_EmpiricalFutures,US National,4 wk ahead,2015/2016,9,2.5,0.75634686
Delphi_EmpiricalFutures,US National,4 wk ahead,2015/2016,10,2.1,0.7610872
Delphi_EmpiricalFutures,US National,4 wk ahead,2015/2016,11,2,0.748841901
Delphi_EmpiricalFutures,US National,4 wk ahead,2015/2016,12,1.9,0.809969187
Delphi_EmpiricalFutures,US National,4 wk ahead,2015/2016,13,1.7,0.758512673
Delphi_EmpiricalFutures,US National,4 wk ahead,2015/2016,14,1.6,0.54223584
Delphi_EmpiricalFutures,US National,4 wk ahead,2015/2016,15,1.4,0.52878516
Delphi_EmpiricalFutures,US National,4 wk ahead,2015/2016,16,1.3,0.53829496
Delphi_EmpiricalFutures,US National,4 wk ahead,2015/2016,17,1.2,0.48443579
Delphi_EmpiricalFutures,US National,4 wk ahead,2015/2016,18,1.2,0.464854849
Delphi_EmpiricalFutures,HHS Region 1,4 wk ahead,2015/2016,43,1,0.36567984
Delphi_EmpiricalFutures,HHS Region 1,4 wk ahead,2015/2016,44,0.8,0.32344791
Delphi_EmpiricalFutures,HHS Region 1,4 wk ahead,2015/2016,45,1,0.37264995
Delphi_EmpiricalFutures,HHS Region 1,4 wk ahead,2015/2016,46,1,0.28726077
Delphi_EmpiricalFutures,HHS Region 1,4 wk ahead,2015/2016,47,1.4,0.36271474
Delphi_EmpiricalFutures,HHS Region 1,4 wk ahead,2015/2016,48,1.6,0.34986528
Delphi_EmpiricalFutures,HHS Region 1,4 wk ahead,2015/2016,49,1.3,0.29289504
Delphi_EmpiricalFutures,HHS Region 1,4 wk ahead,2015/2016,50,1.4,0.36655514
Delphi_EmpiricalFutures,HHS Region 1,4 wk ahead,2015/2016,51,1.5,0.39974967
Delphi_EmpiricalFutures,HHS Region 1,4 wk ahead,2015/2016,52,1.7,0.44128951
Delphi_EmpiricalFutures,HHS Region 1,4 wk ahead,2015/2016,1,1.8,0.43557366
Delphi_EmpiricalFutures,HHS Region 1,4 wk ahead,2015/2016,2,2,0.408622003
Delphi_EmpiricalFutures,HHS Region 1,4 wk ahead,2015/2016,3,2,0.405094502
Delphi_EmpiricalFutures,HHS Region 1,4 wk ahead,2015/2016,4,2,0.43283573
Delphi_EmpiricalFutures,HHS Region 1,4 wk ahead,2015/2016,5,2,0.51129904
Delphi_EmpiricalFutures,HHS Region 1,4 wk ahead,2015/2016,6,2.5,0.69013888
Delphi_EmpiricalFutures,HHS Region 1,4 wk ahead,2015/2016,7,2.2,0.67594902
Delphi_EmpiricalFutures,HHS Region 1,4 wk ahead,2015/2016,8,2,0.70193872
Delphi_EmpiricalFutures,HHS Region 1,4 wk ahead,2015/2016,9,2,0.7651543
Delphi_EmpiricalFutures,HHS Region 1,4 wk ahead,2015/2016,10,1.7,0.67371435
Delphi_EmpiricalFutures,HHS Region 1,4 wk ahead,2015/2016,11,1.6,0.62888276
Delphi_EmpiricalFutures,HHS Region 1,4 wk ahead,2015/2016,12,1.6,0.69938425
Delphi_EmpiricalFutures,HHS Region 1,4 wk ahead,2015/2016,13,1.1,0.56807089
Delphi_EmpiricalFutures,HHS Region 1,4 wk ahead,2015/2016,14,1.1,0.57317229
Delphi_EmpiricalFutures,HHS Region 1,4 wk ahead,2015/2016,15,0.9,0.53777118
Delphi_EmpiricalFutures,HHS Region 1,4 wk ahead,2015/2016,16,0.9,0.56785648
Delphi_EmpiricalFutures,HHS Region 1,4 wk ahead,2015/2016,17,0.8,0.65813499
Delphi_EmpiricalFutures,HHS Region 1,4 wk ahead,2015/2016,18,0.7,0.58802123
Delphi_EmpiricalFutures,HHS Region 2,4 wk ahead,2015/2016,43,1.4,0.274366997
Delphi_EmpiricalFutures,HHS Region 2,4 wk ahead,2015/2016,44,1.6,0.258215955
Delphi_EmpiricalFutures,HHS Region 2,4 wk ahead,2015/2016,45,1.9,0.31934214
Delphi_EmpiricalFutures,HHS Region 2,4 wk ahead,2015/2016,46,1.7,0.254883332
Delphi_EmpiricalFutures,HHS Region 2,4 wk ahead,2015/2016,47,2.3,0.310483428
Delphi_EmpiricalFutures,HHS Region 2,4 wk ahead,2015/2016,48,2.3,0.271163373
Delphi_EmpiricalFutures,HHS Region 2,4 wk ahead,2015/2016,49,1.8,0.22282264
Delphi_EmpiricalFutures,HHS Region 2,4 wk ahead,2015/2016,50,2.4,0.393299885
Delphi_EmpiricalFutures,HHS Region 2,4 wk ahead,2015/2016,51,2.2,0.349742226
Delphi_EmpiricalFutures,HHS Region 2,4 wk ahead,2015/2016,52,2.3,0.355512573
Delphi_EmpiricalFutures,HHS Region 2,4 wk ahead,2015/2016,1,2.5,0.361771028
Delphi_EmpiricalFutures,HHS Region 2,4 wk ahead,2015/2016,2,3.2,0.468069606
Delphi_EmpiricalFutures,HHS Region 2,4 wk ahead,2015/2016,3,2.8,0.389954119
Delphi_EmpiricalFutures,HHS Region 2,4 wk ahead,2015/2016,4,3.2,0.51192951
Delphi_EmpiricalFutures,HHS Region 2,4 wk ahead,2015/2016,5,3.7,0.663584277
Delphi_EmpiricalFutures,HHS Region 2,4 wk ahead,2015/2016,6,4,0.78753156
Delphi_EmpiricalFutures,HHS Region 2,4 wk ahead,2015/2016,7,4.1,0.801345372
Delphi_EmpiricalFutures,HHS Region 2,4 wk ahead,2015/2016,8,3.3,0.725476674
Delphi_EmpiricalFutures,HHS Region 2,4 wk ahead,2015/2016,9,2.3,0.494096136
Delphi_EmpiricalFutures,HHS Region 2,4 wk ahead,2015/2016,10,2,0.465212511
Delphi_EmpiricalFutures,HHS Region 2,4 wk ahead,2015/2016,11,2.2,0.562505263
Delphi_EmpiricalFutures,HHS Region 2,4 wk ahead,2015/2016,12,2,0.608697803
Delphi_EmpiricalFutures,HHS Region 2,4 wk ahead,2015/2016,13,1.7,0.556065784
Delphi_EmpiricalFutures,HHS Region 2,4 wk ahead,2015/2016,14,1.5,0.49574455
Delphi_EmpiricalFutures,HHS Region 2,4 wk ahead,2015/2016,15,1.3,0.42600497
Delphi_EmpiricalFutures,HHS Region 2,4 wk ahead,2015/2016,16,1.3,0.43285125
Delphi_EmpiricalFutures,HHS Region 2,4 wk ahead,2015/2016,17,1.2,0.34972279
Delphi_EmpiricalFutures,HHS Region 2,4 wk ahead,2015/2016,18,0.8,0.20184425
Delphi_EmpiricalFutures,HHS Region 3,4 wk ahead,2015/2016,43,2.2,0.456674177
Delphi_EmpiricalFutures,HHS Region 3,4 wk ahead,2015/2016,44,1.8,0.357053483
Delphi_EmpiricalFutures,HHS Region 3,4 wk ahead,2015/2016,45,2,0.386820918
Delphi_EmpiricalFutures,HHS Region 3,4 wk ahead,2015/2016,46,2.3,0.425133522
Delphi_EmpiricalFutures,HHS Region 3,4 wk ahead,2015/2016,47,2.8,0.426090302
Delphi_EmpiricalFutures,HHS Region 3,4 wk ahead,2015/2016,48,3,0.33897328
Delphi_EmpiricalFutures,HHS Region 3,4 wk ahead,2015/2016,49,2.4,0.271488148
Delphi_EmpiricalFutures,HHS Region 3,4 wk ahead,2015/2016,50,2.3,0.309240478
Delphi_EmpiricalFutures,HHS Region 3,4 wk ahead,2015/2016,51,2.3,0.297810092
Delphi_EmpiricalFutures,HHS Region 3,4 wk ahead,2015/2016,52,2.2,0.243774526
Delphi_EmpiricalFutures,HHS Region 3,4 wk ahead,2015/2016,1,2,0.232807984
Delphi_EmpiricalFutures,HHS Region 3,4 wk ahead,2015/2016,2,2.3,0.282709387
Delphi_EmpiricalFutures,HHS Region 3,4 wk ahead,2015/2016,3,2.6,0.335146165
Delphi_EmpiricalFutures,HHS Region 3,4 wk ahead,2015/2016,4,2.9,0.412310427
Delphi_EmpiricalFutures,HHS Region 3,4 wk ahead,2015/2016,5,3.3,0.541829313
Delphi_EmpiricalFutures,HHS Region 3,4 wk ahead,2015/2016,6,4,0.632150233
Delphi_EmpiricalFutures,HHS Region 3,4 wk ahead,2015/2016,7,3.2,0.59053075
Delphi_EmpiricalFutures,HHS Region 3,4 wk ahead,2015/2016,8,3,0.601605579
Delphi_EmpiricalFutures,HHS Region 3,4 wk ahead,2015/2016,9,2.5,0.547710669
Delphi_EmpiricalFutures,HHS Region 3,4 wk ahead,2015/2016,10,2.1,0.567785115
Delphi_EmpiricalFutures,HHS Region 3,4 wk ahead,2015/2016,11,2.2,0.630147069
Delphi_EmpiricalFutures,HHS Region 3,4 wk ahead,2015/2016,12,2.3,0.702504005
Delphi_EmpiricalFutures,HHS Region 3,4 wk ahead,2015/2016,13,2.2,0.802993782
Delphi_EmpiricalFutures,HHS Region 3,4 wk ahead,2015/2016,14,1.9,0.647073725
Delphi_EmpiricalFutures,HHS Region 3,4 wk ahead,2015/2016,15,1.7,0.54595809
Delphi_EmpiricalFutures,HHS Region 3,4 wk ahead,2015/2016,16,1.7,0.672728599
Delphi_EmpiricalFutures,HHS Region 3,4 wk ahead,2015/2016,17,1.6,0.592963431
Delphi_EmpiricalFutures,HHS Region 3,4 wk ahead,2015/2016,18,1.9,0.732670826
Delphi_EmpiricalFutures,HHS Region 4,4 wk ahead,2015/2016,43,1.7,0.35992377
Delphi_EmpiricalFutures,HHS Region 4,4 wk ahead,2015/2016,44,1.4,0.252444211
Delphi_EmpiricalFutures,HHS Region 4,4 wk ahead,2015/2016,45,1.4,0.2284202
Delphi_EmpiricalFutures,HHS Region 4,4 wk ahead,2015/2016,46,1.5,0.205977909
Delphi_EmpiricalFutures,HHS Region 4,4 wk ahead,2015/2016,47,1.9,0.225711042
Delphi_EmpiricalFutures,HHS Region 4,4 wk ahead,2015/2016,48,1.8,0.191067326
Delphi_EmpiricalFutures,HHS Region 4,4 wk ahead,2015/2016,49,1.4,0.187055234
Delphi_EmpiricalFutures,HHS Region 4,4 wk ahead,2015/2016,50,1.5,0.257854505
Delphi_EmpiricalFutures,HHS Region 4,4 wk ahead,2015/2016,51,1.8,0.323961714
Delphi_EmpiricalFutures,HHS Region 4,4 wk ahead,2015/2016,52,1.9,0.301308826
Delphi_EmpiricalFutures,HHS Region 4,4 wk ahead,2015/2016,1,2.1,0.311397927
Delphi_EmpiricalFutures,HHS Region 4,4 wk ahead,2015/2016,2,2.3,0.327441498
Delphi_EmpiricalFutures,HHS Region 4,4 wk ahead,2015/2016,3,2.9,0.426249853
Delphi_EmpiricalFutures,HHS Region 4,4 wk ahead,2015/2016,4,3.4,0.575069161
Delphi_EmpiricalFutures,HHS Region 4,4 wk ahead,2015/2016,5,3.3,0.642389269
Delphi_EmpiricalFutures,HHS Region 4,4 wk ahead,2015/2016,6,3.6,0.733974257
Delphi_EmpiricalFutures,HHS Region 4,4 wk ahead,2015/2016,7,2.9,0.714769074
Delphi_EmpiricalFutures,HHS Region 4,4 wk ahead,2015/2016,8,2.8,0.767521688
Delphi_EmpiricalFutures,HHS Region 4,4 wk ahead,2015/2016,9,2.7,0.817612894
Delphi_EmpiricalFutures,HHS Region 4,4 wk ahead,2015/2016,10,2.1,0.797548578
Delphi_EmpiricalFutures,HHS Region 4,4 wk ahead,2015/2016,11,2,0.797893039
Delphi_EmpiricalFutures,HHS Region 4,4 wk ahead,2015/2016,12,2,0.799345127
Delphi_EmpiricalFutures,HHS Region 4,4 wk ahead,2015/2016,13,1.8,0.79368824
Delphi_EmpiricalFutures,HHS Region 4,4 wk ahead,2015/2016,14,1.7,0.68150343
Delphi_EmpiricalFutures,HHS Region 4,4 wk ahead,2015/2016,15,1.4,0.62118892
Delphi_EmpiricalFutures,HHS Region 4,4 wk ahead,2015/2016,16,1.2,0.664175532
Delphi_EmpiricalFutures,HHS Region 4,4 wk ahead,2015/2016,17,1.1,0.58441354
Delphi_EmpiricalFutures,HHS Region 4,4 wk ahead,2015/2016,18,1.1,0.54508695
Delphi_EmpiricalFutures,HHS Region 5,4 wk ahead,2015/2016,43,1.4,0.387522873
Delphi_EmpiricalFutures,HHS Region 5,4 wk ahead,2015/2016,44,1.1,0.26517533
Delphi_EmpiricalFutures,HHS Region 5,4 wk ahead,2015/2016,45,1.4,0.33064242
Delphi_EmpiricalFutures,HHS Region 5,4 wk ahead,2015/2016,46,1.5,0.31535996
Delphi_EmpiricalFutures,HHS Region 5,4 wk ahead,2015/2016,47,1.8,0.306681701
Delphi_EmpiricalFutures,HHS Region 5,4 wk ahead,2015/2016,48,1.7,0.216244879
Delphi_EmpiricalFutures,HHS Region 5,4 wk ahead,2015/2016,49,1.4,0.203953371
Delphi_EmpiricalFutures,HHS Region 5,4 wk ahead,2015/2016,50,1.4,0.236444724
Delphi_EmpiricalFutures,HHS Region 5,4 wk ahead,2015/2016,51,1.4,0.211240158
Delphi_EmpiricalFutures,HHS Region 5,4 wk ahead,2015/2016,52,1.4,0.186260326
Delphi_EmpiricalFutures,HHS Region 5,4 wk ahead,2015/2016,1,1.6,0.229706707
Delphi_EmpiricalFutures,HHS Region 5,4 wk ahead,2015/2016,2,1.8,0.267248824
Delphi_EmpiricalFutures,HHS Region 5,4 wk ahead,2015/2016,3,2.1,0.314385157
Delphi_EmpiricalFutures,HHS Region 5,4 wk ahead,2015/2016,4,2.6,0.41798583
Delphi_EmpiricalFutures,HHS Region 5,4 wk ahead,2015/2016,5,2.9,0.526352875
Delphi_EmpiricalFutures,HHS Region 5,4 wk ahead,2015/2016,6,3.3,0.647369132
Delphi_EmpiricalFutures,HHS Region 5,4 wk ahead,2015/2016,7,2.6,0.533031809
Delphi_EmpiricalFutures,HHS Region 5,4 wk ahead,2015/2016,8,2.3,0.572333125
Delphi_EmpiricalFutures,HHS Region 5,4 wk ahead,2015/2016,9,2,0.59893771
Delphi_EmpiricalFutures,HHS Region 5,4 wk ahead,2015/2016,10,1.6,0.581690505
Delphi_EmpiricalFutures,HHS Region 5,4 wk ahead,2015/2016,11,1.5,0.646122418
Delphi_EmpiricalFutures,HHS Region 5,4 wk ahead,2015/2016,12,1.5,0.731754443
Delphi_EmpiricalFutures,HHS Region 5,4 wk ahead,2015/2016,13,1.4,0.746191594
Delphi_EmpiricalFutures,HHS Region 5,4 wk ahead,2015/2016,14,1,0.45556711
Delphi_EmpiricalFutures,HHS Region 5,4 wk ahead,2015/2016,15,1.2,0.58971582
Delphi_EmpiricalFutures,HHS Region 5,4 wk ahead,2015/2016,16,1,0.55094583
Delphi_EmpiricalFutures,HHS Region 5,4 wk ahead,2015/2016,17,0.8,0.43376124
Delphi_EmpiricalFutures,HHS Region 5,4 wk ahead,2015/2016,18,0.9,0.48214269
Delphi_EmpiricalFutures,HHS Region 6,4 wk ahead,2015/2016,43,4.2,0.617489083
Delphi_EmpiricalFutures,HHS Region 6,4 wk ahead,2015/2016,44,3.9,0.560640137
Delphi_EmpiricalFutures,HHS Region 6,4 wk ahead,2015/2016,45,4,0.553904524
Delphi_EmpiricalFutures,HHS Region 6,4 wk ahead,2015/2016,46,4.1,0.450623472
Delphi_EmpiricalFutures,HHS Region 6,4 wk ahead,2015/2016,47,4.5,0.430281802
Delphi_EmpiricalFutures,HHS Region 6,4 wk ahead,2015/2016,48,5,0.441794371
Delphi_EmpiricalFutures,HHS Region 6,4 wk ahead,2015/2016,49,4.1,0.392541977
Delphi_EmpiricalFutures,HHS Region 6,4 wk ahead,2015/2016,50,3.8,0.397073152
Delphi_EmpiricalFutures,HHS Region 6,4 wk ahead,2015/2016,51,4.1,0.389157153
Delphi_EmpiricalFutures,HHS Region 6,4 wk ahead,2015/2016,52,4.5,0.40035881
Delphi_EmpiricalFutures,HHS Region 6,4 wk ahead,2015/2016,1,4.4,0.333945156
Delphi_EmpiricalFutures,HHS Region 6,4 wk ahead,2015/2016,2,5.1,0.445381635
Delphi_EmpiricalFutures,HHS Region 6,4 wk ahead,2015/2016,3,5.6,0.485625954
Delphi_EmpiricalFutures,HHS Region 6,4 wk ahead,2015/2016,4,4.5,0.41847949
Delphi_EmpiricalFutures,HHS Region 6,4 wk ahead,2015/2016,5,4.7,0.533527155
Delphi_EmpiricalFutures,HHS Region 6,4 wk ahead,2015/2016,6,4.4,0.585563892
Delphi_EmpiricalFutures,HHS Region 6,4 wk ahead,2015/2016,7,3.9,0.582778507
Delphi_EmpiricalFutures,HHS Region 6,4 wk ahead,2015/2016,8,3.6,0.626587172
Delphi_EmpiricalFutures,HHS Region 6,4 wk ahead,2015/2016,9,3.3,0.698406294
Delphi_EmpiricalFutures,HHS Region 6,4 wk ahead,2015/2016,10,2.9,0.62327145
Delphi_EmpiricalFutures,HHS Region 6,4 wk ahead,2015/2016,11,3.1,0.743052835
Delphi_EmpiricalFutures,HHS Region 6,4 wk ahead,2015/2016,12,3,0.763621784
Delphi_EmpiricalFutures,HHS Region 6,4 wk ahead,2015/2016,13,2.8,0.768076102
Delphi_EmpiricalFutures,HHS Region 6,4 wk ahead,2015/2016,14,2.7,0.64220315
Delphi_EmpiricalFutures,HHS Region 6,4 wk ahead,2015/2016,15,2.3,0.580854445
Delphi_EmpiricalFutures,HHS Region 6,4 wk ahead,2015/2016,16,2.3,0.582665831
Delphi_EmpiricalFutures,HHS Region 6,4 wk ahead,2015/2016,17,2.4,0.744910906
Delphi_EmpiricalFutures,HHS Region 6,4 wk ahead,2015/2016,18,2.1,0.558812115
Delphi_EmpiricalFutures,HHS Region 7,4 wk ahead,2015/2016,43,1.3,0.42209674
Delphi_EmpiricalFutures,HHS Region 7,4 wk ahead,2015/2016,44,1,0.2489582
Delphi_EmpiricalFutures,HHS Region 7,4 wk ahead,2015/2016,45,0.9,0.21906645
Delphi_EmpiricalFutures,HHS Region 7,4 wk ahead,2015/2016,46,1.2,0.26138587
Delphi_EmpiricalFutures,HHS Region 7,4 wk ahead,2015/2016,47,1.4,0.22528191
Delphi_EmpiricalFutures,HHS Region 7,4 wk ahead,2015/2016,48,1.6,0.206606785
Delphi_EmpiricalFutures,HHS Region 7,4 wk ahead,2015/2016,49,1.4,0.21111257
Delphi_EmpiricalFutures,HHS Region 7,4 wk ahead,2015/2016,50,1.1,0.21086087
Delphi_EmpiricalFutures,HHS Region 7,4 wk ahead,2015/2016,51,1.2,0.21902239
Delphi_EmpiricalFutures,HHS Region 7,4 wk ahead,2015/2016,52,1.2,0.163292231
Delphi_EmpiricalFutures,HHS Region 7,4 wk ahead,2015/2016,1,1.1,0.098576672
Delphi_EmpiricalFutures,HHS Region 7,4 wk ahead,2015/2016,2,1.5,0.16584152
Delphi_EmpiricalFutures,HHS Region 7,4 wk ahead,2015/2016,3,1.8,0.228577112
Delphi_EmpiricalFutures,HHS Region 7,4 wk ahead,2015/2016,4,1.8,0.250261712
Delphi_EmpiricalFutures,HHS Region 7,4 wk ahead,2015/2016,5,2.4,0.430314743
Delphi_EmpiricalFutures,HHS Region 7,4 wk ahead,2015/2016,6,2.5,0.50528815
Delphi_EmpiricalFutures,HHS Region 7,4 wk ahead,2015/2016,7,2,0.464103906
Delphi_EmpiricalFutures,HHS Region 7,4 wk ahead,2015/2016,8,2.1,0.661591752
Delphi_EmpiricalFutures,HHS Region 7,4 wk ahead,2015/2016,9,2.1,0.71062667
Delphi_EmpiricalFutures,HHS Region 7,4 wk ahead,2015/2016,10,1.5,0.63025756
Delphi_EmpiricalFutures,HHS Region 7,4 wk ahead,2015/2016,11,1.4,0.69702746
Delphi_EmpiricalFutures,HHS Region 7,4 wk ahead,2015/2016,12,1.2,0.7050011
Delphi_EmpiricalFutures,HHS Region 7,4 wk ahead,2015/2016,13,1,0.6220594
Delphi_EmpiricalFutures,HHS Region 7,4 wk ahead,2015/2016,14,0.9,0.5977089
Delphi_EmpiricalFutures,HHS Region 7,4 wk ahead,2015/2016,15,0.7,0.42146739
Delphi_EmpiricalFutures,HHS Region 7,4 wk ahead,2015/2016,16,0.6,0.44392511
Delphi_EmpiricalFutures,HHS Region 7,4 wk ahead,2015/2016,17,0.3,0.21452154
Delphi_EmpiricalFutures,HHS Region 7,4 wk ahead,2015/2016,18,0.4,0.33713588
Delphi_EmpiricalFutures,HHS Region 8,4 wk ahead,2015/2016,43,1,0.28849553
Delphi_EmpiricalFutures,HHS Region 8,4 wk ahead,2015/2016,44,0.7,0.21188524
Delphi_EmpiricalFutures,HHS Region 8,4 wk ahead,2015/2016,45,0.9,0.25330669
Delphi_EmpiricalFutures,HHS Region 8,4 wk ahead,2015/2016,46,0.9,0.22235219
Delphi_EmpiricalFutures,HHS Region 8,4 wk ahead,2015/2016,47,1.2,0.26129873
Delphi_EmpiricalFutures,HHS Region 8,4 wk ahead,2015/2016,48,1.5,0.264928
Delphi_EmpiricalFutures,HHS Region 8,4 wk ahead,2015/2016,49,1.1,0.22853429
Delphi_EmpiricalFutures,HHS Region 8,4 wk ahead,2015/2016,50,1.2,0.24705728
Delphi_EmpiricalFutures,HHS Region 8,4 wk ahead,2015/2016,51,1.2,0.26310658
Delphi_EmpiricalFutures,HHS Region 8,4 wk ahead,2015/2016,52,1.3,0.29531634
Delphi_EmpiricalFutures,HHS Region 8,4 wk ahead,2015/2016,1,1.6,0.334606247
Delphi_EmpiricalFutures,HHS Region 8,4 wk ahead,2015/2016,2,1.8,0.374548378
Delphi_EmpiricalFutures,HHS Region 8,4 wk ahead,2015/2016,3,2.1,0.466766439
Delphi_EmpiricalFutures,HHS Region 8,4 wk ahead,2015/2016,4,2.2,0.489676953
Delphi_EmpiricalFutures,HHS Region 8,4 wk ahead,2015/2016,5,2,0.511702617
Delphi_EmpiricalFutures,HHS Region 8,4 wk ahead,2015/2016,6,2.1,0.583057303
Delphi_EmpiricalFutures,HHS Region 8,4 wk ahead,2015/2016,7,2.2,0.699115992
Delphi_EmpiricalFutures,HHS Region 8,4 wk ahead,2015/2016,8,1.9,0.717920312
Delphi_EmpiricalFutures,HHS Region 8,4 wk ahead,2015/2016,9,1.8,0.803531989
Delphi_EmpiricalFutures,HHS Region 8,4 wk ahead,2015/2016,10,1.7,0.818209091
Delphi_EmpiricalFutures,HHS Region 8,4 wk ahead,2015/2016,11,1.3,0.71605253
Delphi_EmpiricalFutures,HHS Region 8,4 wk ahead,2015/2016,12,1.2,0.72959076
Delphi_EmpiricalFutures,HHS Region 8,4 wk ahead,2015/2016,13,1,0.64902228
Delphi_EmpiricalFutures,HHS Region 8,4 wk ahead,2015/2016,14,1,0.66356518
Delphi_EmpiricalFutures,HHS Region 8,4 wk ahead,2015/2016,15,0.8,0.55267228
Delphi_EmpiricalFutures,HHS Region 8,4 wk ahead,2015/2016,16,0.7,0.57892105
Delphi_EmpiricalFutures,HHS Region 8,4 wk ahead,2015/2016,17,0.7,0.58041448
Delphi_EmpiricalFutures,HHS Region 8,4 wk ahead,2015/2016,18,0.7,0.55198945
Delphi_EmpiricalFutures,HHS Region 9,4 wk ahead,2015/2016,43,2.3,0.421237833
Delphi_EmpiricalFutures,HHS Region 9,4 wk ahead,2015/2016,44,2,0.36780845
Delphi_EmpiricalFutures,HHS Region 9,4 wk ahead,2015/2016,45,2,0.340014034
Delphi_EmpiricalFutures,HHS Region 9,4 wk ahead,2015/2016,46,2.1,0.289824398
Delphi_EmpiricalFutures,HHS Region 9,4 wk ahead,2015/2016,47,2.8,0.327351359
Delphi_EmpiricalFutures,HHS Region 9,4 wk ahead,2015/2016,48,3,0.212665586
Delphi_EmpiricalFutures,HHS Region 9,4 wk ahead,2015/2016,49,2.4,0.166775904
Delphi_EmpiricalFutures,HHS Region 9,4 wk ahead,2015/2016,50,2.4,0.236753105
Delphi_EmpiricalFutures,HHS Region 9,4 wk ahead,2015/2016,51,2.6,0.316667851
Delphi_EmpiricalFutures,HHS Region 9,4 wk ahead,2015/2016,52,2.8,0.274276946
Delphi_EmpiricalFutures,HHS Region 9,4 wk ahead,2015/2016,1,3.2,0.341903702
Delphi_EmpiricalFutures,HHS Region 9,4 wk ahead,2015/2016,2,4,0.498487712
Delphi_EmpiricalFutures,HHS Region 9,4 wk ahead,2015/2016,3,4.4,0.610239685
Delphi_EmpiricalFutures,HHS Region 9,4 wk ahead,2015/2016,4,3.9,0.608280509
Delphi_EmpiricalFutures,HHS Region 9,4 wk ahead,2015/2016,5,3.8,0.703525121
Delphi_EmpiricalFutures,HHS Region 9,4 wk ahead,2015/2016,6,3.8,0.715691328
Delphi_EmpiricalFutures,HHS Region 9,4 wk ahead,2015/2016,7,3.3,0.638784044
Delphi_EmpiricalFutures,HHS Region 9,4 wk ahead,2015/2016,8,3,0.660976155
Delphi_EmpiricalFutures,HHS Region 9,4 wk ahead,2015/2016,9,2.8,0.585281571
Delphi_EmpiricalFutures,HHS Region 9,4 wk ahead,2015/2016,10,2.3,0.531394316
Delphi_EmpiricalFutures,HHS Region 9,4 wk ahead,2015/2016,11,2,0.464830999
Delphi_EmpiricalFutures,HHS Region 9,4 wk ahead,2015/2016,12,1.8,0.533328684
Delphi_EmpiricalFutures,HHS Region 9,4 wk ahead,2015/2016,13,1.8,0.486879306
Delphi_EmpiricalFutures,HHS Region 9,4 wk ahead,2015/2016,14,1.8,0.42333779
Delphi_EmpiricalFutures,HHS Region 9,4 wk ahead,2015/2016,15,1.5,0.36025336
Delphi_EmpiricalFutures,HHS Region 9,4 wk ahead,2015/2016,16,1.5,0.43203479
Delphi_EmpiricalFutures,HHS Region 9,4 wk ahead,2015/2016,17,1.4,0.347375285
Delphi_EmpiricalFutures,HHS Region 9,4 wk ahead,2015/2016,18,1.4,0.33497015
Delphi_EmpiricalFutures,HHS Region 10,4 wk ahead,2015/2016,43,0.8,0.1656709
Delphi_EmpiricalFutures,HHS Region 10,4 wk ahead,2015/2016,44,0.8,0.20880363
Delphi_EmpiricalFutures,HHS Region 10,4 wk ahead,2015/2016,45,0.6,0.1364026
Delphi_EmpiricalFutures,HHS Region 10,4 wk ahead,2015/2016,46,0.7,0.13881458
Delphi_EmpiricalFutures,HHS Region 10,4 wk ahead,2015/2016,47,0.7,0.102487177
Delphi_EmpiricalFutures,HHS Region 10,4 wk ahead,2015/2016,48,0.8,0.057852839
Delphi_EmpiricalFutures,HHS Region 10,4 wk ahead,2015/2016,49,0.9,0.124613407
Delphi_EmpiricalFutures,HHS Region 10,4 wk ahead,2015/2016,50,1.1,0.152693195
Delphi_EmpiricalFutures,HHS Region 10,4 wk ahead,2015/2016,51,1.4,0.229987178
Delphi_EmpiricalFutures,HHS Region 10,4 wk ahead,2015/2016,52,1.4,0.189019781
Delphi_EmpiricalFutures,HHS Region 10,4 wk ahead,2015/2016,1,1.7,0.234467134
Delphi_EmpiricalFutures,HHS Region 10,4 wk ahead,2015/2016,2,1.7,0.26372657
Delphi_EmpiricalFutures,HHS Region 10,4 wk ahead,2015/2016,3,2.4,0.365952426
Delphi_EmpiricalFutures,HHS Region 10,4 wk ahead,2015/2016,4,2.1,0.344839865
Delphi_EmpiricalFutures,HHS Region 10,4 wk ahead,2015/2016,5,2,0.34989365
Delphi_EmpiricalFutures,HHS Region 10,4 wk ahead,2015/2016,6,2.2,0.42474883
Delphi_EmpiricalFutures,HHS Region 10,4 wk ahead,2015/2016,7,2.2,0.43489094
Delphi_EmpiricalFutures,HHS Region 10,4 wk ahead,2015/2016,8,1.7,0.35279991
Delphi_EmpiricalFutures,HHS Region 10,4 wk ahead,2015/2016,9,1.8,0.43268086
Delphi_EmpiricalFutures,HHS Region 10,4 wk ahead,2015/2016,10,1.7,0.51823258
Delphi_EmpiricalFutures,HHS Region 10,4 wk ahead,2015/2016,11,1,0.41266721
Delphi_EmpiricalFutures,HHS Region 10,4 wk ahead,2015/2016,12,0.8,0.24955669
Delphi_EmpiricalFutures,HHS Region 10,4 wk ahead,2015/2016,13,0.7,0.25435814
Delphi_EmpiricalFutures,HHS Region 10,4 wk ahead,2015/2016,14,0.9,0.26747265
Delphi_EmpiricalFutures,HHS Region 10,4 wk ahead,2015/2016,15,0.5,0.15044596
Delphi_EmpiricalFutures,HHS Region 10,4 wk ahead,2015/2016,16,0.5,0.19635099
Delphi_EmpiricalFutures,HHS Region 10,4 wk ahead,2015/2016,17,0.2,0.09078043
Delphi_EmpiricalFutures,HHS Region 10,4 wk ahead,2015/2016,18,0.2,0.09374644
