model_name,location,target,season,calendar_week,valid.bin_lag,cdf
FluOutlook_Mech,US National,2 wk ahead,2016/2017,43,1.5,0.8959337
FluOutlook_Mech,US National,2 wk ahead,2016/2017,44,1.5,0.70105901
FluOutlook_Mech,US National,2 wk ahead,2016/2017,45,1.8,0.4228496
FluOutlook_Mech,US National,2 wk ahead,2016/2017,46,1.7,0.0583169607
FluOutlook_Mech,US National,2 wk ahead,2016/2017,47,1.8,0.23533485
FluOutlook_Mech,US National,2 wk ahead,2016/2017,48,2.1,0.215628233
FluOutlook_Mech,US National,2 wk ahead,2016/2017,49,2.6,0.1261593322
FluOutlook_Mech,US National,2 wk ahead,2016/2017,50,3.3,0.1635098121
FluOutlook_Mech,US National,2 wk ahead,2016/2017,51,3,0.557198875
FluOutlook_Mech,US National,2 wk ahead,2016/2017,52,3,0.09349724819
FluOutlook_Mech,US National,2 wk ahead,2016/2017,1,3.4,0.32771808199
FluOutlook_Mech,US National,2 wk ahead,2016/2017,2,3.7,0.68002895453
FluOutlook_Mech,US National,2 wk ahead,2016/2017,3,4.3,0.9641298584
FluOutlook_Mech,US National,2 wk ahead,2016/2017,4,5,0.9999999542
FluOutlook_Mech,US National,2 wk ahead,2016/2017,5,4.8,0.34714901342
FluOutlook_Mech,US National,2 wk ahead,2016/2017,6,4.5,0.0086970559
FluOutlook_Mech,US National,2 wk ahead,2016/2017,7,3.5,0.0249355634
FluOutlook_Mech,US National,2 wk ahead,2016/2017,8,3.4,0.239556518
FluOutlook_Mech,US National,2 wk ahead,2016/2017,9,3.1,0.996214167
FluOutlook_Mech,US National,2 wk ahead,2016/2017,10,3,0.983552142
FluOutlook_Mech,US National,2 wk ahead,2016/2017,11,2.7,0.9752469883
FluOutlook_Mech,US National,2 wk ahead,2016/2017,12,2.3,0.95148467
FluOutlook_Mech,US National,2 wk ahead,2016/2017,13,1.9,0.23142975
FluOutlook_Mech,US National,2 wk ahead,2016/2017,14,1.7,0.01498875
FluOutlook_Mech,US National,2 wk ahead,2016/2017,15,1.5,0
FluOutlook_Mech,US National,2 wk ahead,2016/2017,16,1.3,0
FluOutlook_Mech,US National,2 wk ahead,2016/2017,17,1.2,0
FluOutlook_Mech,US National,2 wk ahead,2016/2017,18,1.2,0
FluOutlook_Mech,HHS Region 1,2 wk ahead,2016/2017,43,0.8,0.5668125
FluOutlook_Mech,HHS Region 1,2 wk ahead,2016/2017,44,0.8,0.4631798
FluOutlook_Mech,HHS Region 1,2 wk ahead,2016/2017,45,0.9,0.3653604
FluOutlook_Mech,HHS Region 1,2 wk ahead,2016/2017,46,0.8,0.17127029
FluOutlook_Mech,HHS Region 1,2 wk ahead,2016/2017,47,0.8,0.16409968
FluOutlook_Mech,HHS Region 1,2 wk ahead,2016/2017,48,0.9,0.5617789
FluOutlook_Mech,HHS Region 1,2 wk ahead,2016/2017,49,1.1,0.38757035
FluOutlook_Mech,HHS Region 1,2 wk ahead,2016/2017,50,1.3,0.46737828
FluOutlook_Mech,HHS Region 1,2 wk ahead,2016/2017,51,1.5,0.987645626
FluOutlook_Mech,HHS Region 1,2 wk ahead,2016/2017,52,1.4,0.9282379296
FluOutlook_Mech,HHS Region 1,2 wk ahead,2016/2017,1,1.6,0.72713131314
FluOutlook_Mech,HHS Region 1,2 wk ahead,2016/2017,2,2,0.894468781208
FluOutlook_Mech,HHS Region 1,2 wk ahead,2016/2017,3,2.4,0.99181458
FluOutlook_Mech,HHS Region 1,2 wk ahead,2016/2017,4,3.1,0.99999995811
FluOutlook_Mech,HHS Region 1,2 wk ahead,2016/2017,5,2.9,0.933939333
FluOutlook_Mech,HHS Region 1,2 wk ahead,2016/2017,6,2.9,0.446861887
FluOutlook_Mech,HHS Region 1,2 wk ahead,2016/2017,7,2.1,0.1759541865
FluOutlook_Mech,HHS Region 1,2 wk ahead,2016/2017,8,2,0.2551818859
FluOutlook_Mech,HHS Region 1,2 wk ahead,2016/2017,9,2,0.992931274
FluOutlook_Mech,HHS Region 1,2 wk ahead,2016/2017,10,1.8,0.95227079
FluOutlook_Mech,HHS Region 1,2 wk ahead,2016/2017,11,1.9,0.9999999527
FluOutlook_Mech,HHS Region 1,2 wk ahead,2016/2017,12,2.1,1.00000006
FluOutlook_Mech,HHS Region 1,2 wk ahead,2016/2017,13,1.7,1.00000007
FluOutlook_Mech,HHS Region 1,2 wk ahead,2016/2017,14,1.4,0.9999999872
FluOutlook_Mech,HHS Region 1,2 wk ahead,2016/2017,15,1,0.269508263
FluOutlook_Mech,HHS Region 1,2 wk ahead,2016/2017,16,0.8,0
FluOutlook_Mech,HHS Region 1,2 wk ahead,2016/2017,17,0.6,0
FluOutlook_Mech,HHS Region 1,2 wk ahead,2016/2017,18,0.6,0
FluOutlook_Mech,HHS Region 2,2 wk ahead,2016/2017,43,2.4,0.953154975
FluOutlook_Mech,HHS Region 2,2 wk ahead,2016/2017,44,2.4,0.47673345
FluOutlook_Mech,HHS Region 2,2 wk ahead,2016/2017,45,3.2,0.0745169532
FluOutlook_Mech,HHS Region 2,2 wk ahead,2016/2017,46,3.1,0.088441968
FluOutlook_Mech,HHS Region 2,2 wk ahead,2016/2017,47,3.2,0.03308319822
FluOutlook_Mech,HHS Region 2,2 wk ahead,2016/2017,48,3.3,0.0352090335
FluOutlook_Mech,HHS Region 2,2 wk ahead,2016/2017,49,4.4,0.107551771
FluOutlook_Mech,HHS Region 2,2 wk ahead,2016/2017,50,5.9,0.46537391322
FluOutlook_Mech,HHS Region 2,2 wk ahead,2016/2017,51,5.2,0.4188097213
FluOutlook_Mech,HHS Region 2,2 wk ahead,2016/2017,52,5,0.02071716877
FluOutlook_Mech,HHS Region 2,2 wk ahead,2016/2017,1,5.6,0.15122436472
FluOutlook_Mech,HHS Region 2,2 wk ahead,2016/2017,2,5.9,0.54400856009
FluOutlook_Mech,HHS Region 2,2 wk ahead,2016/2017,3,6.4,0.791360833
FluOutlook_Mech,HHS Region 2,2 wk ahead,2016/2017,4,6.8,0.999999942
FluOutlook_Mech,HHS Region 2,2 wk ahead,2016/2017,5,5.6,0.4747830182
FluOutlook_Mech,HHS Region 2,2 wk ahead,2016/2017,6,4.6,0.0074901425
FluOutlook_Mech,HHS Region 2,2 wk ahead,2016/2017,7,3,0.0142469803
FluOutlook_Mech,HHS Region 2,2 wk ahead,2016/2017,8,3,0.303637695
FluOutlook_Mech,HHS Region 2,2 wk ahead,2016/2017,9,3.2,1.0000000877
FluOutlook_Mech,HHS Region 2,2 wk ahead,2016/2017,10,3,0.77786713
FluOutlook_Mech,HHS Region 2,2 wk ahead,2016/2017,11,3.6,0.99999999
FluOutlook_Mech,HHS Region 2,2 wk ahead,2016/2017,12,3.6,1.00000005
FluOutlook_Mech,HHS Region 2,2 wk ahead,2016/2017,13,3,0.8939201
FluOutlook_Mech,HHS Region 2,2 wk ahead,2016/2017,14,2.2,0
FluOutlook_Mech,HHS Region 2,2 wk ahead,2016/2017,15,2.3,0
FluOutlook_Mech,HHS Region 2,2 wk ahead,2016/2017,16,1.9,0
FluOutlook_Mech,HHS Region 2,2 wk ahead,2016/2017,17,1.9,0
FluOutlook_Mech,HHS Region 2,2 wk ahead,2016/2017,18,2,0
FluOutlook_Mech,HHS Region 3,2 wk ahead,2016/2017,43,1.3,0.6875177
FluOutlook_Mech,HHS Region 3,2 wk ahead,2016/2017,44,1.3,0.48597416
FluOutlook_Mech,HHS Region 3,2 wk ahead,2016/2017,45,1.6,0.20747255
FluOutlook_Mech,HHS Region 3,2 wk ahead,2016/2017,46,1.4,0.001880242
FluOutlook_Mech,HHS Region 3,2 wk ahead,2016/2017,47,1.5,0
FluOutlook_Mech,HHS Region 3,2 wk ahead,2016/2017,48,1.8,0.343673364
FluOutlook_Mech,HHS Region 3,2 wk ahead,2016/2017,49,2.1,0.145126939
FluOutlook_Mech,HHS Region 3,2 wk ahead,2016/2017,50,3,0.63934606096
FluOutlook_Mech,HHS Region 3,2 wk ahead,2016/2017,51,2.6,0.6609316818
FluOutlook_Mech,HHS Region 3,2 wk ahead,2016/2017,52,2.7,0.16074617423
FluOutlook_Mech,HHS Region 3,2 wk ahead,2016/2017,1,3,0.34688691431
FluOutlook_Mech,HHS Region 3,2 wk ahead,2016/2017,2,3.4,0.6113482645
FluOutlook_Mech,HHS Region 3,2 wk ahead,2016/2017,3,3.6,0.84301783
FluOutlook_Mech,HHS Region 3,2 wk ahead,2016/2017,4,5,0.999999945
FluOutlook_Mech,HHS Region 3,2 wk ahead,2016/2017,5,5.1,1.000000077
FluOutlook_Mech,HHS Region 3,2 wk ahead,2016/2017,6,4.9,0.5437437447
FluOutlook_Mech,HHS Region 3,2 wk ahead,2016/2017,7,3.1,0.0308981797
FluOutlook_Mech,HHS Region 3,2 wk ahead,2016/2017,8,3.1,0.1574709526
FluOutlook_Mech,HHS Region 3,2 wk ahead,2016/2017,9,3.3,0.9875867208
FluOutlook_Mech,HHS Region 3,2 wk ahead,2016/2017,10,2.9,0.9988944498
FluOutlook_Mech,HHS Region 3,2 wk ahead,2016/2017,11,3.1,0.9978198434
FluOutlook_Mech,HHS Region 3,2 wk ahead,2016/2017,12,2.1,0.7071158105
FluOutlook_Mech,HHS Region 3,2 wk ahead,2016/2017,13,1.6,0.0004505879
FluOutlook_Mech,HHS Region 3,2 wk ahead,2016/2017,14,1.3,0
FluOutlook_Mech,HHS Region 3,2 wk ahead,2016/2017,15,1,0
FluOutlook_Mech,HHS Region 3,2 wk ahead,2016/2017,16,0.9,0
FluOutlook_Mech,HHS Region 3,2 wk ahead,2016/2017,17,0.8,0
FluOutlook_Mech,HHS Region 3,2 wk ahead,2016/2017,18,0.9,0
FluOutlook_Mech,HHS Region 4,2 wk ahead,2016/2017,43,1.6,0.71129238
FluOutlook_Mech,HHS Region 4,2 wk ahead,2016/2017,44,1.8,0.22068245
FluOutlook_Mech,HHS Region 4,2 wk ahead,2016/2017,45,2.1,0.2830537
FluOutlook_Mech,HHS Region 4,2 wk ahead,2016/2017,46,1.8,2.961123e-06
FluOutlook_Mech,HHS Region 4,2 wk ahead,2016/2017,47,1.7,0.02650212702
FluOutlook_Mech,HHS Region 4,2 wk ahead,2016/2017,48,2.2,0.143390875
FluOutlook_Mech,HHS Region 4,2 wk ahead,2016/2017,49,2.8,0.3049762751
FluOutlook_Mech,HHS Region 4,2 wk ahead,2016/2017,50,3.3,0.368504746
FluOutlook_Mech,HHS Region 4,2 wk ahead,2016/2017,51,2.8,0.23566085582
FluOutlook_Mech,HHS Region 4,2 wk ahead,2016/2017,52,2.8,0.1380534651
FluOutlook_Mech,HHS Region 4,2 wk ahead,2016/2017,1,3.6,0.987307972
FluOutlook_Mech,HHS Region 4,2 wk ahead,2016/2017,2,3.5,0.970565379
FluOutlook_Mech,HHS Region 4,2 wk ahead,2016/2017,3,4.4,0.8545106793
FluOutlook_Mech,HHS Region 4,2 wk ahead,2016/2017,4,5,0.99636893421
FluOutlook_Mech,HHS Region 4,2 wk ahead,2016/2017,5,5.4,0.98833964724
FluOutlook_Mech,HHS Region 4,2 wk ahead,2016/2017,6,5.4,0.986851254
FluOutlook_Mech,HHS Region 4,2 wk ahead,2016/2017,7,4.5,0.3185564902
FluOutlook_Mech,HHS Region 4,2 wk ahead,2016/2017,8,4.4,0.8050422399
FluOutlook_Mech,HHS Region 4,2 wk ahead,2016/2017,9,3.8,0.998506453
FluOutlook_Mech,HHS Region 4,2 wk ahead,2016/2017,10,4.6,0.999999966
FluOutlook_Mech,HHS Region 4,2 wk ahead,2016/2017,11,3.6,1.0000000433
FluOutlook_Mech,HHS Region 4,2 wk ahead,2016/2017,12,2.7,0.9906876207
FluOutlook_Mech,HHS Region 4,2 wk ahead,2016/2017,13,2.1,0.36430689
FluOutlook_Mech,HHS Region 4,2 wk ahead,2016/2017,14,1.7,0.0009018512
FluOutlook_Mech,HHS Region 4,2 wk ahead,2016/2017,15,1.4,0
FluOutlook_Mech,HHS Region 4,2 wk ahead,2016/2017,16,1.2,0
FluOutlook_Mech,HHS Region 4,2 wk ahead,2016/2017,17,1.3,0
FluOutlook_Mech,HHS Region 4,2 wk ahead,2016/2017,18,1.2,0
FluOutlook_Mech,HHS Region 5,2 wk ahead,2016/2017,43,1.1,0.990632882
FluOutlook_Mech,HHS Region 5,2 wk ahead,2016/2017,44,1.1,0.20234164
FluOutlook_Mech,HHS Region 5,2 wk ahead,2016/2017,45,1.2,0.06995407
FluOutlook_Mech,HHS Region 5,2 wk ahead,2016/2017,46,1.1,0.027687593
FluOutlook_Mech,HHS Region 5,2 wk ahead,2016/2017,47,1.4,0.76225519
FluOutlook_Mech,HHS Region 5,2 wk ahead,2016/2017,48,1.5,0.87333002
FluOutlook_Mech,HHS Region 5,2 wk ahead,2016/2017,49,1.7,0.13249862
FluOutlook_Mech,HHS Region 5,2 wk ahead,2016/2017,50,2.3,0.5450135526
FluOutlook_Mech,HHS Region 5,2 wk ahead,2016/2017,51,2,0.523717043
FluOutlook_Mech,HHS Region 5,2 wk ahead,2016/2017,52,2,0.115100564
FluOutlook_Mech,HHS Region 5,2 wk ahead,2016/2017,1,2.3,0.3723976972
FluOutlook_Mech,HHS Region 5,2 wk ahead,2016/2017,2,2.7,0.78259487254
FluOutlook_Mech,HHS Region 5,2 wk ahead,2016/2017,3,3.1,0.945971083
FluOutlook_Mech,HHS Region 5,2 wk ahead,2016/2017,4,3.8,1.0000000423
FluOutlook_Mech,HHS Region 5,2 wk ahead,2016/2017,5,4.2,0.9998291368
FluOutlook_Mech,HHS Region 5,2 wk ahead,2016/2017,6,4.2,0.975570594
FluOutlook_Mech,HHS Region 5,2 wk ahead,2016/2017,7,2.9,0.028534089
FluOutlook_Mech,HHS Region 5,2 wk ahead,2016/2017,8,3.2,0.1262664875
FluOutlook_Mech,HHS Region 5,2 wk ahead,2016/2017,9,2.9,0.96855904699
FluOutlook_Mech,HHS Region 5,2 wk ahead,2016/2017,10,2.7,0.995762269
FluOutlook_Mech,HHS Region 5,2 wk ahead,2016/2017,11,2.3,0.918153546
FluOutlook_Mech,HHS Region 5,2 wk ahead,2016/2017,12,2,0.9214338
FluOutlook_Mech,HHS Region 5,2 wk ahead,2016/2017,13,1.5,0.001262321
FluOutlook_Mech,HHS Region 5,2 wk ahead,2016/2017,14,1.3,0
FluOutlook_Mech,HHS Region 5,2 wk ahead,2016/2017,15,1.2,0
FluOutlook_Mech,HHS Region 5,2 wk ahead,2016/2017,16,1,0
FluOutlook_Mech,HHS Region 5,2 wk ahead,2016/2017,17,1,0
FluOutlook_Mech,HHS Region 5,2 wk ahead,2016/2017,18,0.8,0
FluOutlook_Mech,HHS Region 6,2 wk ahead,2016/2017,43,2,0.18405396
FluOutlook_Mech,HHS Region 6,2 wk ahead,2016/2017,44,2.2,0.80816537
FluOutlook_Mech,HHS Region 6,2 wk ahead,2016/2017,45,2.4,0.472637267
FluOutlook_Mech,HHS Region 6,2 wk ahead,2016/2017,46,2.4,0.114354798
FluOutlook_Mech,HHS Region 6,2 wk ahead,2016/2017,47,2.8,0.406836496
FluOutlook_Mech,HHS Region 6,2 wk ahead,2016/2017,48,3.3,0.667139252
FluOutlook_Mech,HHS Region 6,2 wk ahead,2016/2017,49,3.8,0.1500587441
FluOutlook_Mech,HHS Region 6,2 wk ahead,2016/2017,50,4.1,0.00805946115
FluOutlook_Mech,HHS Region 6,2 wk ahead,2016/2017,51,4,0.1579337628
FluOutlook_Mech,HHS Region 6,2 wk ahead,2016/2017,52,4.8,0.74795682428
FluOutlook_Mech,HHS Region 6,2 wk ahead,2016/2017,1,5.2,0.8448598439
FluOutlook_Mech,HHS Region 6,2 wk ahead,2016/2017,2,6,0.7204812114
FluOutlook_Mech,HHS Region 6,2 wk ahead,2016/2017,3,8.1,0.99810270086
FluOutlook_Mech,HHS Region 6,2 wk ahead,2016/2017,4,9.8,1.0000000063
FluOutlook_Mech,HHS Region 6,2 wk ahead,2016/2017,5,8.8,0.6714245316
FluOutlook_Mech,HHS Region 6,2 wk ahead,2016/2017,6,8.1,0.1551052166
FluOutlook_Mech,HHS Region 6,2 wk ahead,2016/2017,7,6.8,0.3319735282
FluOutlook_Mech,HHS Region 6,2 wk ahead,2016/2017,8,6.4,0.8343055186
FluOutlook_Mech,HHS Region 6,2 wk ahead,2016/2017,9,5.3,0.9977486202
FluOutlook_Mech,HHS Region 6,2 wk ahead,2016/2017,10,4.3,0.6113501795
FluOutlook_Mech,HHS Region 6,2 wk ahead,2016/2017,11,3.6,0.6479523563
FluOutlook_Mech,HHS Region 6,2 wk ahead,2016/2017,12,3.3,0.861202585
FluOutlook_Mech,HHS Region 6,2 wk ahead,2016/2017,13,2.9,0.742454431
FluOutlook_Mech,HHS Region 6,2 wk ahead,2016/2017,14,2.8,1.0000000025
FluOutlook_Mech,HHS Region 6,2 wk ahead,2016/2017,15,2.4,0.006905297
FluOutlook_Mech,HHS Region 6,2 wk ahead,2016/2017,16,2.3,0.005550936
FluOutlook_Mech,HHS Region 6,2 wk ahead,2016/2017,17,1.6,0
FluOutlook_Mech,HHS Region 6,2 wk ahead,2016/2017,18,2.1,0.004123726
FluOutlook_Mech,HHS Region 7,2 wk ahead,2016/2017,43,0.8,0.5368497
FluOutlook_Mech,HHS Region 7,2 wk ahead,2016/2017,44,0.9,0.7880478
FluOutlook_Mech,HHS Region 7,2 wk ahead,2016/2017,45,1.3,0.87069562
FluOutlook_Mech,HHS Region 7,2 wk ahead,2016/2017,46,1.3,0.73475562
FluOutlook_Mech,HHS Region 7,2 wk ahead,2016/2017,47,1.2,0.0043354426
FluOutlook_Mech,HHS Region 7,2 wk ahead,2016/2017,48,1.2,0.019828302
FluOutlook_Mech,HHS Region 7,2 wk ahead,2016/2017,49,1.7,0.173524523
FluOutlook_Mech,HHS Region 7,2 wk ahead,2016/2017,50,2.6,0.682570673
FluOutlook_Mech,HHS Region 7,2 wk ahead,2016/2017,51,2.8,0.8364102104
FluOutlook_Mech,HHS Region 7,2 wk ahead,2016/2017,52,2.7,0.235172059
FluOutlook_Mech,HHS Region 7,2 wk ahead,2016/2017,1,3.4,0.33300782657
FluOutlook_Mech,HHS Region 7,2 wk ahead,2016/2017,2,4.5,0.9585421604
FluOutlook_Mech,HHS Region 7,2 wk ahead,2016/2017,3,5.4,0.9861742011
FluOutlook_Mech,HHS Region 7,2 wk ahead,2016/2017,4,6.3,0.98414567403
FluOutlook_Mech,HHS Region 7,2 wk ahead,2016/2017,5,4.8,0.0044315622
FluOutlook_Mech,HHS Region 7,2 wk ahead,2016/2017,6,3.9,0.0017154054
FluOutlook_Mech,HHS Region 7,2 wk ahead,2016/2017,7,2.7,0.2186560552
FluOutlook_Mech,HHS Region 7,2 wk ahead,2016/2017,8,2.7,0.9288002082
FluOutlook_Mech,HHS Region 7,2 wk ahead,2016/2017,9,2.3,0.9999999085
FluOutlook_Mech,HHS Region 7,2 wk ahead,2016/2017,10,1.9,0.75389446
FluOutlook_Mech,HHS Region 7,2 wk ahead,2016/2017,11,1.6,0.8248979
FluOutlook_Mech,HHS Region 7,2 wk ahead,2016/2017,12,1.3,0.4830801
FluOutlook_Mech,HHS Region 7,2 wk ahead,2016/2017,13,0.9,0
FluOutlook_Mech,HHS Region 7,2 wk ahead,2016/2017,14,0.8,0
FluOutlook_Mech,HHS Region 7,2 wk ahead,2016/2017,15,0.7,0
FluOutlook_Mech,HHS Region 7,2 wk ahead,2016/2017,16,0.7,0
FluOutlook_Mech,HHS Region 7,2 wk ahead,2016/2017,17,0.4,0
FluOutlook_Mech,HHS Region 7,2 wk ahead,2016/2017,18,0.2,0
FluOutlook_Mech,HHS Region 8,2 wk ahead,2016/2017,43,0.6,0
FluOutlook_Mech,HHS Region 8,2 wk ahead,2016/2017,44,0.8,0.05795543
FluOutlook_Mech,HHS Region 8,2 wk ahead,2016/2017,45,0.7,0
FluOutlook_Mech,HHS Region 8,2 wk ahead,2016/2017,46,1.2,0.8134122
FluOutlook_Mech,HHS Region 8,2 wk ahead,2016/2017,47,1,0.6115845
FluOutlook_Mech,HHS Region 8,2 wk ahead,2016/2017,48,1.2,0.6976854
FluOutlook_Mech,HHS Region 8,2 wk ahead,2016/2017,49,2,0.86082331
FluOutlook_Mech,HHS Region 8,2 wk ahead,2016/2017,50,1.4,0.34418755
FluOutlook_Mech,HHS Region 8,2 wk ahead,2016/2017,51,2.2,0.3605945372
FluOutlook_Mech,HHS Region 8,2 wk ahead,2016/2017,52,1.8,0.5486531465
FluOutlook_Mech,HHS Region 8,2 wk ahead,2016/2017,1,2.2,0.5135815168
FluOutlook_Mech,HHS Region 8,2 wk ahead,2016/2017,2,2,0.2720503439
FluOutlook_Mech,HHS Region 8,2 wk ahead,2016/2017,3,2.2,0.295473579502
FluOutlook_Mech,HHS Region 8,2 wk ahead,2016/2017,4,2.2,0.7547629313
FluOutlook_Mech,HHS Region 8,2 wk ahead,2016/2017,5,2.6,0.975743078
FluOutlook_Mech,HHS Region 8,2 wk ahead,2016/2017,6,1.5,0.0309387764
FluOutlook_Mech,HHS Region 8,2 wk ahead,2016/2017,7,1.4,0
FluOutlook_Mech,HHS Region 8,2 wk ahead,2016/2017,8,1.3,0.02403641
FluOutlook_Mech,HHS Region 8,2 wk ahead,2016/2017,9,1,0
FluOutlook_Mech,HHS Region 8,2 wk ahead,2016/2017,10,1.2,0.72007619
FluOutlook_Mech,HHS Region 8,2 wk ahead,2016/2017,11,1,0
FluOutlook_Mech,HHS Region 8,2 wk ahead,2016/2017,12,1,0
FluOutlook_Mech,HHS Region 8,2 wk ahead,2016/2017,13,0.8,0
FluOutlook_Mech,HHS Region 8,2 wk ahead,2016/2017,14,0.8,0
FluOutlook_Mech,HHS Region 8,2 wk ahead,2016/2017,15,0.9,0
FluOutlook_Mech,HHS Region 8,2 wk ahead,2016/2017,16,0.9,0
FluOutlook_Mech,HHS Region 8,2 wk ahead,2016/2017,17,0.5,0
FluOutlook_Mech,HHS Region 8,2 wk ahead,2016/2017,18,0.7,0
FluOutlook_Mech,HHS Region 9,2 wk ahead,2016/2017,43,1.5,0.5493461
FluOutlook_Mech,HHS Region 9,2 wk ahead,2016/2017,44,1.6,0.89834708
FluOutlook_Mech,HHS Region 9,2 wk ahead,2016/2017,45,1.9,0.719037507
FluOutlook_Mech,HHS Region 9,2 wk ahead,2016/2017,46,1.8,0.215716494
FluOutlook_Mech,HHS Region 9,2 wk ahead,2016/2017,47,1.9,0.07030018298
FluOutlook_Mech,HHS Region 9,2 wk ahead,2016/2017,48,2.2,0.349439223
FluOutlook_Mech,HHS Region 9,2 wk ahead,2016/2017,49,2.7,0.0179420189
FluOutlook_Mech,HHS Region 9,2 wk ahead,2016/2017,50,3.2,0.0676700039
FluOutlook_Mech,HHS Region 9,2 wk ahead,2016/2017,51,3,0.2816103122
FluOutlook_Mech,HHS Region 9,2 wk ahead,2016/2017,52,2.7,0.05755963392
FluOutlook_Mech,HHS Region 9,2 wk ahead,2016/2017,1,2.6,0.04203170304
FluOutlook_Mech,HHS Region 9,2 wk ahead,2016/2017,2,2.9,0.4349971132
FluOutlook_Mech,HHS Region 9,2 wk ahead,2016/2017,3,3,0.999999931
FluOutlook_Mech,HHS Region 9,2 wk ahead,2016/2017,4,2.6,0.768888008
FluOutlook_Mech,HHS Region 9,2 wk ahead,2016/2017,5,2.4,0.3343238998
FluOutlook_Mech,HHS Region 9,2 wk ahead,2016/2017,6,2.4,0.905021347
FluOutlook_Mech,HHS Region 9,2 wk ahead,2016/2017,7,2.2,0.836869288
FluOutlook_Mech,HHS Region 9,2 wk ahead,2016/2017,8,2.2,0.99827096
FluOutlook_Mech,HHS Region 9,2 wk ahead,2016/2017,9,2.2,0.9999999511
FluOutlook_Mech,HHS Region 9,2 wk ahead,2016/2017,10,2,0.89764813
FluOutlook_Mech,HHS Region 9,2 wk ahead,2016/2017,11,2,0.61291938
FluOutlook_Mech,HHS Region 9,2 wk ahead,2016/2017,12,1.8,0.5184662
FluOutlook_Mech,HHS Region 9,2 wk ahead,2016/2017,13,1.6,0
FluOutlook_Mech,HHS Region 9,2 wk ahead,2016/2017,14,1.6,0
FluOutlook_Mech,HHS Region 9,2 wk ahead,2016/2017,15,1.7,0.6749513
FluOutlook_Mech,HHS Region 9,2 wk ahead,2016/2017,16,1.6,0
FluOutlook_Mech,HHS Region 9,2 wk ahead,2016/2017,17,1.5,0
FluOutlook_Mech,HHS Region 9,2 wk ahead,2016/2017,18,1.5,0
FluOutlook_Mech,HHS Region 10,2 wk ahead,2016/2017,43,0.6,0.7363793
FluOutlook_Mech,HHS Region 10,2 wk ahead,2016/2017,44,0.5,0.403349625
FluOutlook_Mech,HHS Region 10,2 wk ahead,2016/2017,45,0.7,0.1166062555
FluOutlook_Mech,HHS Region 10,2 wk ahead,2016/2017,46,0.7,0.19670885
FluOutlook_Mech,HHS Region 10,2 wk ahead,2016/2017,47,0.6,0.05886825
FluOutlook_Mech,HHS Region 10,2 wk ahead,2016/2017,48,1.4,0.87679623
FluOutlook_Mech,HHS Region 10,2 wk ahead,2016/2017,49,2,0.971103343
FluOutlook_Mech,HHS Region 10,2 wk ahead,2016/2017,50,3.6,0.8808573373
FluOutlook_Mech,HHS Region 10,2 wk ahead,2016/2017,51,2.9,0.5501248667
FluOutlook_Mech,HHS Region 10,2 wk ahead,2016/2017,52,2.1,0.00027848955
FluOutlook_Mech,HHS Region 10,2 wk ahead,2016/2017,1,3.2,0.27716757807
FluOutlook_Mech,HHS Region 10,2 wk ahead,2016/2017,2,2.4,0.714287599
FluOutlook_Mech,HHS Region 10,2 wk ahead,2016/2017,3,2.2,0.77652337
FluOutlook_Mech,HHS Region 10,2 wk ahead,2016/2017,4,1.9,0.913239509
FluOutlook_Mech,HHS Region 10,2 wk ahead,2016/2017,5,1.7,0.95383018
FluOutlook_Mech,HHS Region 10,2 wk ahead,2016/2017,6,1.4,0.967071701
FluOutlook_Mech,HHS Region 10,2 wk ahead,2016/2017,7,1.4,0.997721528
FluOutlook_Mech,HHS Region 10,2 wk ahead,2016/2017,8,0.9,0.94355176
FluOutlook_Mech,HHS Region 10,2 wk ahead,2016/2017,9,1.2,0.999999974
FluOutlook_Mech,HHS Region 10,2 wk ahead,2016/2017,10,0.8,0.9637946
FluOutlook_Mech,HHS Region 10,2 wk ahead,2016/2017,11,0.8,0.9983103
FluOutlook_Mech,HHS Region 10,2 wk ahead,2016/2017,12,0.7,0.8283898
FluOutlook_Mech,HHS Region 10,2 wk ahead,2016/2017,13,0.6,0.5080183
FluOutlook_Mech,HHS Region 10,2 wk ahead,2016/2017,14,0.5,0
FluOutlook_Mech,HHS Region 10,2 wk ahead,2016/2017,15,0.4,0
FluOutlook_Mech,HHS Region 10,2 wk ahead,2016/2017,16,0.6,0.5631933
FluOutlook_Mech,HHS Region 10,2 wk ahead,2016/2017,17,0.4,0
FluOutlook_Mech,HHS Region 10,2 wk ahead,2016/2017,18,0.5,0
