model_name,location,target,season,calendar_week,valid.bin_lag,cdf
Delphi_ExtendedDeltaDensity,US National,4 wk ahead,2017/2018,43,2.2,0.68601337189
Delphi_ExtendedDeltaDensity,US National,4 wk ahead,2017/2018,44,2.2,0.34580203664
Delphi_ExtendedDeltaDensity,US National,4 wk ahead,2017/2018,45,2.5,0.33722258387
Delphi_ExtendedDeltaDensity,US National,4 wk ahead,2017/2018,46,3.3,0.35721328325
Delphi_ExtendedDeltaDensity,US National,4 wk ahead,2017/2018,47,4.6,0.58380302224
Delphi_ExtendedDeltaDensity,US National,4 wk ahead,2017/2018,48,5.6,0.79754871924
Delphi_ExtendedDeltaDensity,US National,4 wk ahead,2017/2018,49,5.7,0.99628098006
Delphi_ExtendedDeltaDensity,US National,4 wk ahead,2017/2018,50,5.8,0.99803597841
Delphi_ExtendedDeltaDensity,US National,4 wk ahead,2017/2018,51,6.4,0.99849620662
Delphi_ExtendedDeltaDensity,US National,4 wk ahead,2017/2018,52,7.1,0.99865604902
Delphi_ExtendedDeltaDensity,US National,4 wk ahead,2017/2018,1,7.4,0.99872449242
Delphi_ExtendedDeltaDensity,US National,4 wk ahead,2017/2018,2,7.3,0.99869278606
Delphi_ExtendedDeltaDensity,US National,4 wk ahead,2017/2018,3,6.4,0.99760355994
Delphi_ExtendedDeltaDensity,US National,4 wk ahead,2017/2018,4,4.9,0.97962485381
Delphi_ExtendedDeltaDensity,US National,4 wk ahead,2017/2018,5,3.6,0.91835516
Delphi_ExtendedDeltaDensity,US National,4 wk ahead,2017/2018,6,3.1,0.916157325
Delphi_ExtendedDeltaDensity,US National,4 wk ahead,2017/2018,7,2.7,0.701362463
Delphi_ExtendedDeltaDensity,US National,4 wk ahead,2017/2018,8,2.4,0.730806188
Delphi_ExtendedDeltaDensity,US National,4 wk ahead,2017/2018,9,2.3,0.620632726
Delphi_ExtendedDeltaDensity,US National,4 wk ahead,2017/2018,10,2,0.154203801
Delphi_ExtendedDeltaDensity,US National,4 wk ahead,2017/2018,11,1.7,0.1039803066
Delphi_ExtendedDeltaDensity,US National,4 wk ahead,2017/2018,12,1.5,0.15090748818
Delphi_ExtendedDeltaDensity,US National,4 wk ahead,2017/2018,13,1.4,0.09563951195
Delphi_ExtendedDeltaDensity,US National,4 wk ahead,2017/2018,14,1.4,0.24185362652
Delphi_ExtendedDeltaDensity,US National,4 wk ahead,2017/2018,15,1.2,0.2105393622
Delphi_ExtendedDeltaDensity,US National,4 wk ahead,2017/2018,16,1.1,0.19936669506
Delphi_ExtendedDeltaDensity,US National,4 wk ahead,2017/2018,17,1.1,0.35067420715
Delphi_ExtendedDeltaDensity,US National,4 wk ahead,2017/2018,18,1.1,0.46988125373
Delphi_ExtendedDeltaDensity,HHS Region 1,4 wk ahead,2017/2018,43,1.5,0.7933055217
Delphi_ExtendedDeltaDensity,HHS Region 1,4 wk ahead,2017/2018,44,1.4,0.7768418002
Delphi_ExtendedDeltaDensity,HHS Region 1,4 wk ahead,2017/2018,45,1.6,0.668468835
Delphi_ExtendedDeltaDensity,HHS Region 1,4 wk ahead,2017/2018,46,1.7,0.413620663
Delphi_ExtendedDeltaDensity,HHS Region 1,4 wk ahead,2017/2018,47,2.2,0.1933528469
Delphi_ExtendedDeltaDensity,HHS Region 1,4 wk ahead,2017/2018,48,2.7,0.22409201645
Delphi_ExtendedDeltaDensity,HHS Region 1,4 wk ahead,2017/2018,49,2.8,0.4292736258
Delphi_ExtendedDeltaDensity,HHS Region 1,4 wk ahead,2017/2018,50,2.8,0.78189816673
Delphi_ExtendedDeltaDensity,HHS Region 1,4 wk ahead,2017/2018,51,3.6,0.9799671716
Delphi_ExtendedDeltaDensity,HHS Region 1,4 wk ahead,2017/2018,52,4.2,0.989822515
Delphi_ExtendedDeltaDensity,HHS Region 1,4 wk ahead,2017/2018,1,5.1,0.99818965069
Delphi_ExtendedDeltaDensity,HHS Region 1,4 wk ahead,2017/2018,2,5.7,0.99833573197
Delphi_ExtendedDeltaDensity,HHS Region 1,4 wk ahead,2017/2018,3,5.2,0.99822030636
Delphi_ExtendedDeltaDensity,HHS Region 1,4 wk ahead,2017/2018,4,4.3,0.99737672351
Delphi_ExtendedDeltaDensity,HHS Region 1,4 wk ahead,2017/2018,5,3.3,0.9880495861
Delphi_ExtendedDeltaDensity,HHS Region 1,4 wk ahead,2017/2018,6,2.5,0.938196739
Delphi_ExtendedDeltaDensity,HHS Region 1,4 wk ahead,2017/2018,7,2.3,0.95955927
Delphi_ExtendedDeltaDensity,HHS Region 1,4 wk ahead,2017/2018,8,2,0.86642815
Delphi_ExtendedDeltaDensity,HHS Region 1,4 wk ahead,2017/2018,9,2.1,0.81340588
Delphi_ExtendedDeltaDensity,HHS Region 1,4 wk ahead,2017/2018,10,1.9,0.622552984
Delphi_ExtendedDeltaDensity,HHS Region 1,4 wk ahead,2017/2018,11,1.8,0.427201113
Delphi_ExtendedDeltaDensity,HHS Region 1,4 wk ahead,2017/2018,12,1.6,0.5687080346
Delphi_ExtendedDeltaDensity,HHS Region 1,4 wk ahead,2017/2018,13,1.4,0.5095032762
Delphi_ExtendedDeltaDensity,HHS Region 1,4 wk ahead,2017/2018,14,1.2,0.3761570613
Delphi_ExtendedDeltaDensity,HHS Region 1,4 wk ahead,2017/2018,15,0.9,0.1368507579
Delphi_ExtendedDeltaDensity,HHS Region 1,4 wk ahead,2017/2018,16,0.8,0.1559579579
Delphi_ExtendedDeltaDensity,HHS Region 1,4 wk ahead,2017/2018,17,0.7,0.20886743212
Delphi_ExtendedDeltaDensity,HHS Region 1,4 wk ahead,2017/2018,18,0.6,0.240830198
Delphi_ExtendedDeltaDensity,HHS Region 2,4 wk ahead,2017/2018,43,2.7,0.60631675205
Delphi_ExtendedDeltaDensity,HHS Region 2,4 wk ahead,2017/2018,44,2.9,0.58070447579
Delphi_ExtendedDeltaDensity,HHS Region 2,4 wk ahead,2017/2018,45,3.1,0.5305411293
Delphi_ExtendedDeltaDensity,HHS Region 2,4 wk ahead,2017/2018,46,3.5,0.39891671493
Delphi_ExtendedDeltaDensity,HHS Region 2,4 wk ahead,2017/2018,47,4.2,0.36860461571
Delphi_ExtendedDeltaDensity,HHS Region 2,4 wk ahead,2017/2018,48,4.4,0.35364842309
Delphi_ExtendedDeltaDensity,HHS Region 2,4 wk ahead,2017/2018,49,4.8,0.8129883106
Delphi_ExtendedDeltaDensity,HHS Region 2,4 wk ahead,2017/2018,50,5.8,0.9794007169
Delphi_ExtendedDeltaDensity,HHS Region 2,4 wk ahead,2017/2018,51,6.7,0.9981841059
Delphi_ExtendedDeltaDensity,HHS Region 2,4 wk ahead,2017/2018,52,8.3,0.99893005598
Delphi_ExtendedDeltaDensity,HHS Region 2,4 wk ahead,2017/2018,1,9.7,0.99924976714
Delphi_ExtendedDeltaDensity,HHS Region 2,4 wk ahead,2017/2018,2,10.3,0.99938682785
Delphi_ExtendedDeltaDensity,HHS Region 2,4 wk ahead,2017/2018,3,10.1,0.99934111765
Delphi_ExtendedDeltaDensity,HHS Region 2,4 wk ahead,2017/2018,4,7.3,0.96825380687
Delphi_ExtendedDeltaDensity,HHS Region 2,4 wk ahead,2017/2018,5,4.9,0.62543527779
Delphi_ExtendedDeltaDensity,HHS Region 2,4 wk ahead,2017/2018,6,4.5,0.45035501168
Delphi_ExtendedDeltaDensity,HHS Region 2,4 wk ahead,2017/2018,7,3.6,0.31159903062
Delphi_ExtendedDeltaDensity,HHS Region 2,4 wk ahead,2017/2018,8,3.1,0.34043820725
Delphi_ExtendedDeltaDensity,HHS Region 2,4 wk ahead,2017/2018,9,3.1,0.742877195
Delphi_ExtendedDeltaDensity,HHS Region 2,4 wk ahead,2017/2018,10,2.8,0.35431030946
Delphi_ExtendedDeltaDensity,HHS Region 2,4 wk ahead,2017/2018,11,2.5,0.71895285398
Delphi_ExtendedDeltaDensity,HHS Region 2,4 wk ahead,2017/2018,12,2.2,0.24574728898
Delphi_ExtendedDeltaDensity,HHS Region 2,4 wk ahead,2017/2018,13,2.1,0.34171551844
Delphi_ExtendedDeltaDensity,HHS Region 2,4 wk ahead,2017/2018,14,2.9,0.8310542545
Delphi_ExtendedDeltaDensity,HHS Region 2,4 wk ahead,2017/2018,15,1.9,0.4458437777
Delphi_ExtendedDeltaDensity,HHS Region 2,4 wk ahead,2017/2018,16,1.9,0.5943057539
Delphi_ExtendedDeltaDensity,HHS Region 2,4 wk ahead,2017/2018,17,2,0.779292552
Delphi_ExtendedDeltaDensity,HHS Region 2,4 wk ahead,2017/2018,18,1.8,0.6610438643
Delphi_ExtendedDeltaDensity,HHS Region 3,4 wk ahead,2017/2018,43,1.5,0.602504764
Delphi_ExtendedDeltaDensity,HHS Region 3,4 wk ahead,2017/2018,44,1.5,0.464348569
Delphi_ExtendedDeltaDensity,HHS Region 3,4 wk ahead,2017/2018,45,1.5,0.2758354414
Delphi_ExtendedDeltaDensity,HHS Region 3,4 wk ahead,2017/2018,46,1.7,0.24824717227
Delphi_ExtendedDeltaDensity,HHS Region 3,4 wk ahead,2017/2018,47,2.2,0.14353878516
Delphi_ExtendedDeltaDensity,HHS Region 3,4 wk ahead,2017/2018,48,3.4,0.51838909568
Delphi_ExtendedDeltaDensity,HHS Region 3,4 wk ahead,2017/2018,49,3.3,0.66251190812
Delphi_ExtendedDeltaDensity,HHS Region 3,4 wk ahead,2017/2018,50,3.6,0.8835414119
Delphi_ExtendedDeltaDensity,HHS Region 3,4 wk ahead,2017/2018,51,4.7,0.9777525197
Delphi_ExtendedDeltaDensity,HHS Region 3,4 wk ahead,2017/2018,52,5.9,0.99156017991
Delphi_ExtendedDeltaDensity,HHS Region 3,4 wk ahead,2017/2018,1,7,0.99863285198
Delphi_ExtendedDeltaDensity,HHS Region 3,4 wk ahead,2017/2018,2,7.4,0.99811844988
Delphi_ExtendedDeltaDensity,HHS Region 3,4 wk ahead,2017/2018,3,7.2,0.99705696079
Delphi_ExtendedDeltaDensity,HHS Region 3,4 wk ahead,2017/2018,4,5.4,0.95282305312
Delphi_ExtendedDeltaDensity,HHS Region 3,4 wk ahead,2017/2018,5,3.7,0.61364907047
Delphi_ExtendedDeltaDensity,HHS Region 3,4 wk ahead,2017/2018,6,2.8,0.35972579798
Delphi_ExtendedDeltaDensity,HHS Region 3,4 wk ahead,2017/2018,7,2.6,0.2982491834
Delphi_ExtendedDeltaDensity,HHS Region 3,4 wk ahead,2017/2018,8,2.4,0.363790766
Delphi_ExtendedDeltaDensity,HHS Region 3,4 wk ahead,2017/2018,9,2.4,0.3740011278
Delphi_ExtendedDeltaDensity,HHS Region 3,4 wk ahead,2017/2018,10,1.9,0.2441052418
Delphi_ExtendedDeltaDensity,HHS Region 3,4 wk ahead,2017/2018,11,1.6,0.1394723182
Delphi_ExtendedDeltaDensity,HHS Region 3,4 wk ahead,2017/2018,12,1.4,0.095868071
Delphi_ExtendedDeltaDensity,HHS Region 3,4 wk ahead,2017/2018,13,1.2,0.0718558853
Delphi_ExtendedDeltaDensity,HHS Region 3,4 wk ahead,2017/2018,14,1.2,0.1128399948
Delphi_ExtendedDeltaDensity,HHS Region 3,4 wk ahead,2017/2018,15,0.8,0.037071075
Delphi_ExtendedDeltaDensity,HHS Region 3,4 wk ahead,2017/2018,16,0.8,0.044065184
Delphi_ExtendedDeltaDensity,HHS Region 3,4 wk ahead,2017/2018,17,0.8,0.107288696
Delphi_ExtendedDeltaDensity,HHS Region 3,4 wk ahead,2017/2018,18,0.8,0.1175999296
Delphi_ExtendedDeltaDensity,HHS Region 4,4 wk ahead,2017/2018,43,2.4,0.66925220285
Delphi_ExtendedDeltaDensity,HHS Region 4,4 wk ahead,2017/2018,44,2.1,0.3182030287
Delphi_ExtendedDeltaDensity,HHS Region 4,4 wk ahead,2017/2018,45,2.4,0.30792272712
Delphi_ExtendedDeltaDensity,HHS Region 4,4 wk ahead,2017/2018,46,3,0.25342157929
Delphi_ExtendedDeltaDensity,HHS Region 4,4 wk ahead,2017/2018,47,4.5,0.53408949613
Delphi_ExtendedDeltaDensity,HHS Region 4,4 wk ahead,2017/2018,48,5.2,0.80137194732
Delphi_ExtendedDeltaDensity,HHS Region 4,4 wk ahead,2017/2018,49,5.3,0.99516063643
Delphi_ExtendedDeltaDensity,HHS Region 4,4 wk ahead,2017/2018,50,6.6,0.99854185008
Delphi_ExtendedDeltaDensity,HHS Region 4,4 wk ahead,2017/2018,51,8.3,0.99893001309
Delphi_ExtendedDeltaDensity,HHS Region 4,4 wk ahead,2017/2018,52,9.1,0.99911273799
Delphi_ExtendedDeltaDensity,HHS Region 4,4 wk ahead,2017/2018,1,9.2,0.99913555845
Delphi_ExtendedDeltaDensity,HHS Region 4,4 wk ahead,2017/2018,2,8.9,0.99906708141
Delphi_ExtendedDeltaDensity,HHS Region 4,4 wk ahead,2017/2018,3,6.9,0.99585303117
Delphi_ExtendedDeltaDensity,HHS Region 4,4 wk ahead,2017/2018,4,4.7,0.88537631059
Delphi_ExtendedDeltaDensity,HHS Region 4,4 wk ahead,2017/2018,5,3,0.75597409407
Delphi_ExtendedDeltaDensity,HHS Region 4,4 wk ahead,2017/2018,6,2.6,0.6473950148
Delphi_ExtendedDeltaDensity,HHS Region 4,4 wk ahead,2017/2018,7,2.3,0.651118718
Delphi_ExtendedDeltaDensity,HHS Region 4,4 wk ahead,2017/2018,8,1.9,0.6423171
Delphi_ExtendedDeltaDensity,HHS Region 4,4 wk ahead,2017/2018,9,2,0.72398861
Delphi_ExtendedDeltaDensity,HHS Region 4,4 wk ahead,2017/2018,10,1.7,0.342671118
Delphi_ExtendedDeltaDensity,HHS Region 4,4 wk ahead,2017/2018,11,1.4,0.1797070493
Delphi_ExtendedDeltaDensity,HHS Region 4,4 wk ahead,2017/2018,12,1.2,0.15240864137
Delphi_ExtendedDeltaDensity,HHS Region 4,4 wk ahead,2017/2018,13,1.1,0.06367916515
Delphi_ExtendedDeltaDensity,HHS Region 4,4 wk ahead,2017/2018,14,1.1,0.2205630915
Delphi_ExtendedDeltaDensity,HHS Region 4,4 wk ahead,2017/2018,15,0.9,0.196645461
Delphi_ExtendedDeltaDensity,HHS Region 4,4 wk ahead,2017/2018,16,0.9,0.32144953511
Delphi_ExtendedDeltaDensity,HHS Region 4,4 wk ahead,2017/2018,17,0.9,0.5037568012
Delphi_ExtendedDeltaDensity,HHS Region 4,4 wk ahead,2017/2018,18,0.8,0.365032392
Delphi_ExtendedDeltaDensity,HHS Region 5,4 wk ahead,2017/2018,43,1.4,0.2975726534
Delphi_ExtendedDeltaDensity,HHS Region 5,4 wk ahead,2017/2018,44,1.5,0.1688817942
Delphi_ExtendedDeltaDensity,HHS Region 5,4 wk ahead,2017/2018,45,1.8,0.4073509371
Delphi_ExtendedDeltaDensity,HHS Region 5,4 wk ahead,2017/2018,46,2.1,0.6638350024
Delphi_ExtendedDeltaDensity,HHS Region 5,4 wk ahead,2017/2018,47,3.1,0.54455222552
Delphi_ExtendedDeltaDensity,HHS Region 5,4 wk ahead,2017/2018,48,4.7,0.63780457157
Delphi_ExtendedDeltaDensity,HHS Region 5,4 wk ahead,2017/2018,49,4.3,0.95415485649
Delphi_ExtendedDeltaDensity,HHS Region 5,4 wk ahead,2017/2018,50,4.6,0.99610845062
Delphi_ExtendedDeltaDensity,HHS Region 5,4 wk ahead,2017/2018,51,5,0.9975323508
Delphi_ExtendedDeltaDensity,HHS Region 5,4 wk ahead,2017/2018,52,5.2,0.99469183147
Delphi_ExtendedDeltaDensity,HHS Region 5,4 wk ahead,2017/2018,1,5.6,0.9813983878
Delphi_ExtendedDeltaDensity,HHS Region 5,4 wk ahead,2017/2018,2,5.7,0.9964159166
Delphi_ExtendedDeltaDensity,HHS Region 5,4 wk ahead,2017/2018,3,4.6,0.988600961
Delphi_ExtendedDeltaDensity,HHS Region 5,4 wk ahead,2017/2018,4,3.7,0.9036481833
Delphi_ExtendedDeltaDensity,HHS Region 5,4 wk ahead,2017/2018,5,2.9,0.42139437644
Delphi_ExtendedDeltaDensity,HHS Region 5,4 wk ahead,2017/2018,6,2.5,0.30781902588
Delphi_ExtendedDeltaDensity,HHS Region 5,4 wk ahead,2017/2018,7,2.2,0.3742716475
Delphi_ExtendedDeltaDensity,HHS Region 5,4 wk ahead,2017/2018,8,2.1,0.3601360773
Delphi_ExtendedDeltaDensity,HHS Region 5,4 wk ahead,2017/2018,9,2.1,0.5667867132
Delphi_ExtendedDeltaDensity,HHS Region 5,4 wk ahead,2017/2018,10,1.7,0.3869503245
Delphi_ExtendedDeltaDensity,HHS Region 5,4 wk ahead,2017/2018,11,1.6,0.4371021633
Delphi_ExtendedDeltaDensity,HHS Region 5,4 wk ahead,2017/2018,12,1.4,0.34277063039
Delphi_ExtendedDeltaDensity,HHS Region 5,4 wk ahead,2017/2018,13,1.3,0.181053158
Delphi_ExtendedDeltaDensity,HHS Region 5,4 wk ahead,2017/2018,14,1.1,0.13607545343
Delphi_ExtendedDeltaDensity,HHS Region 5,4 wk ahead,2017/2018,15,0.9,0.14342487368
Delphi_ExtendedDeltaDensity,HHS Region 5,4 wk ahead,2017/2018,16,0.8,0.1563573884
Delphi_ExtendedDeltaDensity,HHS Region 5,4 wk ahead,2017/2018,17,0.9,0.36813688592
Delphi_ExtendedDeltaDensity,HHS Region 5,4 wk ahead,2017/2018,18,0.8,0.459436459
Delphi_ExtendedDeltaDensity,HHS Region 6,4 wk ahead,2017/2018,43,4,0.86709962942
Delphi_ExtendedDeltaDensity,HHS Region 6,4 wk ahead,2017/2018,44,4.5,0.74085688094
Delphi_ExtendedDeltaDensity,HHS Region 6,4 wk ahead,2017/2018,45,5,0.70157718016
Delphi_ExtendedDeltaDensity,HHS Region 6,4 wk ahead,2017/2018,46,7.9,0.6119905769
Delphi_ExtendedDeltaDensity,HHS Region 6,4 wk ahead,2017/2018,47,11.5,0.89874641158
Delphi_ExtendedDeltaDensity,HHS Region 6,4 wk ahead,2017/2018,48,10.3,0.89609079615
Delphi_ExtendedDeltaDensity,HHS Region 6,4 wk ahead,2017/2018,49,10.9,0.99793889477
Delphi_ExtendedDeltaDensity,HHS Region 6,4 wk ahead,2017/2018,50,11.4,0.99715060155
Delphi_ExtendedDeltaDensity,HHS Region 6,4 wk ahead,2017/2018,51,11.6,0.97765341958
Delphi_ExtendedDeltaDensity,HHS Region 6,4 wk ahead,2017/2018,52,12.6,0.99880051754
Delphi_ExtendedDeltaDensity,HHS Region 6,4 wk ahead,2017/2018,1,12.4,0.9994293132
Delphi_ExtendedDeltaDensity,HHS Region 6,4 wk ahead,2017/2018,2,11.3,0.98618974823
Delphi_ExtendedDeltaDensity,HHS Region 6,4 wk ahead,2017/2018,3,9.5,0.961426103
Delphi_ExtendedDeltaDensity,HHS Region 6,4 wk ahead,2017/2018,4,7.2,0.59848254993
Delphi_ExtendedDeltaDensity,HHS Region 6,4 wk ahead,2017/2018,5,5.3,0.47820344011
Delphi_ExtendedDeltaDensity,HHS Region 6,4 wk ahead,2017/2018,6,4.2,0.3100751484
Delphi_ExtendedDeltaDensity,HHS Region 6,4 wk ahead,2017/2018,7,3.3,0.1987603889
Delphi_ExtendedDeltaDensity,HHS Region 6,4 wk ahead,2017/2018,8,2.7,0.202810397
Delphi_ExtendedDeltaDensity,HHS Region 6,4 wk ahead,2017/2018,9,2.9,0.293395119
Delphi_ExtendedDeltaDensity,HHS Region 6,4 wk ahead,2017/2018,10,2.4,0.220577701
Delphi_ExtendedDeltaDensity,HHS Region 6,4 wk ahead,2017/2018,11,2,0.195860348
Delphi_ExtendedDeltaDensity,HHS Region 6,4 wk ahead,2017/2018,12,2,0.33664497425
Delphi_ExtendedDeltaDensity,HHS Region 6,4 wk ahead,2017/2018,13,1.9,0.281716542
Delphi_ExtendedDeltaDensity,HHS Region 6,4 wk ahead,2017/2018,14,1.9,0.3102325003
Delphi_ExtendedDeltaDensity,HHS Region 6,4 wk ahead,2017/2018,15,1.8,0.4261289041
Delphi_ExtendedDeltaDensity,HHS Region 6,4 wk ahead,2017/2018,16,1.5,0.2678123503
Delphi_ExtendedDeltaDensity,HHS Region 6,4 wk ahead,2017/2018,17,1.6,0.4130117139
Delphi_ExtendedDeltaDensity,HHS Region 6,4 wk ahead,2017/2018,18,1.4,0.3001657773
Delphi_ExtendedDeltaDensity,HHS Region 7,4 wk ahead,2017/2018,43,1.6,0.713386235
Delphi_ExtendedDeltaDensity,HHS Region 7,4 wk ahead,2017/2018,44,1.4,0.4220321768
Delphi_ExtendedDeltaDensity,HHS Region 7,4 wk ahead,2017/2018,45,2,0.464438181
Delphi_ExtendedDeltaDensity,HHS Region 7,4 wk ahead,2017/2018,46,2.7,0.585228782
Delphi_ExtendedDeltaDensity,HHS Region 7,4 wk ahead,2017/2018,47,4.2,0.5075807948
Delphi_ExtendedDeltaDensity,HHS Region 7,4 wk ahead,2017/2018,48,7.2,0.96325326741
Delphi_ExtendedDeltaDensity,HHS Region 7,4 wk ahead,2017/2018,49,7.5,0.99874676762
Delphi_ExtendedDeltaDensity,HHS Region 7,4 wk ahead,2017/2018,50,6.6,0.998530333
Delphi_ExtendedDeltaDensity,HHS Region 7,4 wk ahead,2017/2018,51,8.2,0.99489191819
Delphi_ExtendedDeltaDensity,HHS Region 7,4 wk ahead,2017/2018,52,8.8,0.99904420142
Delphi_ExtendedDeltaDensity,HHS Region 7,4 wk ahead,2017/2018,1,8.7,0.9980468558
Delphi_ExtendedDeltaDensity,HHS Region 7,4 wk ahead,2017/2018,2,8.6,0.9989284334
Delphi_ExtendedDeltaDensity,HHS Region 7,4 wk ahead,2017/2018,3,7.7,0.99876855496
Delphi_ExtendedDeltaDensity,HHS Region 7,4 wk ahead,2017/2018,4,5.5,0.995560708
Delphi_ExtendedDeltaDensity,HHS Region 7,4 wk ahead,2017/2018,5,3.9,0.983618962
Delphi_ExtendedDeltaDensity,HHS Region 7,4 wk ahead,2017/2018,6,3.5,0.971867712
Delphi_ExtendedDeltaDensity,HHS Region 7,4 wk ahead,2017/2018,7,2.4,0.88329093
Delphi_ExtendedDeltaDensity,HHS Region 7,4 wk ahead,2017/2018,8,2.6,0.89375316
Delphi_ExtendedDeltaDensity,HHS Region 7,4 wk ahead,2017/2018,9,1.9,0.58966892
Delphi_ExtendedDeltaDensity,HHS Region 7,4 wk ahead,2017/2018,10,1.6,0.069754298
Delphi_ExtendedDeltaDensity,HHS Region 7,4 wk ahead,2017/2018,11,1.2,0.0794917504
Delphi_ExtendedDeltaDensity,HHS Region 7,4 wk ahead,2017/2018,12,0.8,0.05316397086
Delphi_ExtendedDeltaDensity,HHS Region 7,4 wk ahead,2017/2018,13,0.9,0.1698615617
Delphi_ExtendedDeltaDensity,HHS Region 7,4 wk ahead,2017/2018,14,0.4,0.037371886
Delphi_ExtendedDeltaDensity,HHS Region 7,4 wk ahead,2017/2018,15,0.4,0.03747374
Delphi_ExtendedDeltaDensity,HHS Region 7,4 wk ahead,2017/2018,16,0.5,0.207342526
Delphi_ExtendedDeltaDensity,HHS Region 7,4 wk ahead,2017/2018,17,0.5,0.32927431
Delphi_ExtendedDeltaDensity,HHS Region 7,4 wk ahead,2017/2018,18,0.5,0.53228774
Delphi_ExtendedDeltaDensity,HHS Region 8,4 wk ahead,2017/2018,43,0.8,0.385522036
Delphi_ExtendedDeltaDensity,HHS Region 8,4 wk ahead,2017/2018,44,0.8,0.257101427
Delphi_ExtendedDeltaDensity,HHS Region 8,4 wk ahead,2017/2018,45,1,0.424508146
Delphi_ExtendedDeltaDensity,HHS Region 8,4 wk ahead,2017/2018,46,1.2,0.438275209
Delphi_ExtendedDeltaDensity,HHS Region 8,4 wk ahead,2017/2018,47,1.8,0.4563102871
Delphi_ExtendedDeltaDensity,HHS Region 8,4 wk ahead,2017/2018,48,2.3,0.6995599786
Delphi_ExtendedDeltaDensity,HHS Region 8,4 wk ahead,2017/2018,49,2.5,0.915056738
Delphi_ExtendedDeltaDensity,HHS Region 8,4 wk ahead,2017/2018,50,2.5,0.789473202
Delphi_ExtendedDeltaDensity,HHS Region 8,4 wk ahead,2017/2018,51,2.7,0.8638607954
Delphi_ExtendedDeltaDensity,HHS Region 8,4 wk ahead,2017/2018,52,2.7,0.85518860834
Delphi_ExtendedDeltaDensity,HHS Region 8,4 wk ahead,2017/2018,1,3.2,0.9386539676
Delphi_ExtendedDeltaDensity,HHS Region 8,4 wk ahead,2017/2018,2,3.1,0.96026830123
Delphi_ExtendedDeltaDensity,HHS Region 8,4 wk ahead,2017/2018,3,2.9,0.8686057968
Delphi_ExtendedDeltaDensity,HHS Region 8,4 wk ahead,2017/2018,4,2.8,0.93165645452
Delphi_ExtendedDeltaDensity,HHS Region 8,4 wk ahead,2017/2018,5,2.1,0.57268307423
Delphi_ExtendedDeltaDensity,HHS Region 8,4 wk ahead,2017/2018,6,1.8,0.3933674547
Delphi_ExtendedDeltaDensity,HHS Region 8,4 wk ahead,2017/2018,7,1.5,0.2682103763
Delphi_ExtendedDeltaDensity,HHS Region 8,4 wk ahead,2017/2018,8,1.2,0.1280097551
Delphi_ExtendedDeltaDensity,HHS Region 8,4 wk ahead,2017/2018,9,1,0.125483731
Delphi_ExtendedDeltaDensity,HHS Region 8,4 wk ahead,2017/2018,10,1,0.1565447382
Delphi_ExtendedDeltaDensity,HHS Region 8,4 wk ahead,2017/2018,11,0.7,0.0504525454
Delphi_ExtendedDeltaDensity,HHS Region 8,4 wk ahead,2017/2018,12,0.6,0.07403863647
Delphi_ExtendedDeltaDensity,HHS Region 8,4 wk ahead,2017/2018,13,0.7,0.2518310812
Delphi_ExtendedDeltaDensity,HHS Region 8,4 wk ahead,2017/2018,14,0.5,0.119635289
Delphi_ExtendedDeltaDensity,HHS Region 8,4 wk ahead,2017/2018,15,0.4,0.126374312
Delphi_ExtendedDeltaDensity,HHS Region 8,4 wk ahead,2017/2018,16,0.4,0.220288483
Delphi_ExtendedDeltaDensity,HHS Region 8,4 wk ahead,2017/2018,17,0.4,0.294426854
Delphi_ExtendedDeltaDensity,HHS Region 8,4 wk ahead,2017/2018,18,0.6,0.77930338
Delphi_ExtendedDeltaDensity,HHS Region 9,4 wk ahead,2017/2018,43,2.1,0.31460758293
Delphi_ExtendedDeltaDensity,HHS Region 9,4 wk ahead,2017/2018,44,2.1,0.20661872372
Delphi_ExtendedDeltaDensity,HHS Region 9,4 wk ahead,2017/2018,45,2.5,0.4273294586
Delphi_ExtendedDeltaDensity,HHS Region 9,4 wk ahead,2017/2018,46,3.5,0.80287325291
Delphi_ExtendedDeltaDensity,HHS Region 9,4 wk ahead,2017/2018,47,4.7,0.88624271494
Delphi_ExtendedDeltaDensity,HHS Region 9,4 wk ahead,2017/2018,48,6.9,0.99761053312
Delphi_ExtendedDeltaDensity,HHS Region 9,4 wk ahead,2017/2018,49,6.4,0.9933215921
Delphi_ExtendedDeltaDensity,HHS Region 9,4 wk ahead,2017/2018,50,4.7,0.89091077764
Delphi_ExtendedDeltaDensity,HHS Region 9,4 wk ahead,2017/2018,51,4.1,0.5562789039
Delphi_ExtendedDeltaDensity,HHS Region 9,4 wk ahead,2017/2018,52,4,0.7875849801
Delphi_ExtendedDeltaDensity,HHS Region 9,4 wk ahead,2017/2018,1,4.2,0.76045566939
Delphi_ExtendedDeltaDensity,HHS Region 9,4 wk ahead,2017/2018,2,3.9,0.7552760175
Delphi_ExtendedDeltaDensity,HHS Region 9,4 wk ahead,2017/2018,3,3.8,0.8319514686
Delphi_ExtendedDeltaDensity,HHS Region 9,4 wk ahead,2017/2018,4,3.6,0.80779010238
Delphi_ExtendedDeltaDensity,HHS Region 9,4 wk ahead,2017/2018,5,3.6,0.70067704891
Delphi_ExtendedDeltaDensity,HHS Region 9,4 wk ahead,2017/2018,6,3.4,0.6751241009
Delphi_ExtendedDeltaDensity,HHS Region 9,4 wk ahead,2017/2018,7,3.2,0.5601865675
Delphi_ExtendedDeltaDensity,HHS Region 9,4 wk ahead,2017/2018,8,2.9,0.4908308325
Delphi_ExtendedDeltaDensity,HHS Region 9,4 wk ahead,2017/2018,9,2.7,0.2996996339
Delphi_ExtendedDeltaDensity,HHS Region 9,4 wk ahead,2017/2018,10,2.4,0.2749572881
Delphi_ExtendedDeltaDensity,HHS Region 9,4 wk ahead,2017/2018,11,1.9,0.10951612349
Delphi_ExtendedDeltaDensity,HHS Region 9,4 wk ahead,2017/2018,12,1.9,0.20330436783
Delphi_ExtendedDeltaDensity,HHS Region 9,4 wk ahead,2017/2018,13,2,0.40097003999
Delphi_ExtendedDeltaDensity,HHS Region 9,4 wk ahead,2017/2018,14,1.9,0.4587336513
Delphi_ExtendedDeltaDensity,HHS Region 9,4 wk ahead,2017/2018,15,1.8,0.548933935
Delphi_ExtendedDeltaDensity,HHS Region 9,4 wk ahead,2017/2018,16,1.6,0.4565434981
Delphi_ExtendedDeltaDensity,HHS Region 9,4 wk ahead,2017/2018,17,1.7,0.6800344295
Delphi_ExtendedDeltaDensity,HHS Region 9,4 wk ahead,2017/2018,18,1.6,0.7204095702
Delphi_ExtendedDeltaDensity,HHS Region 10,4 wk ahead,2017/2018,43,1.2,0.585951798
Delphi_ExtendedDeltaDensity,HHS Region 10,4 wk ahead,2017/2018,44,1.1,0.490139753
Delphi_ExtendedDeltaDensity,HHS Region 10,4 wk ahead,2017/2018,45,1,0.299063267
Delphi_ExtendedDeltaDensity,HHS Region 10,4 wk ahead,2017/2018,46,1.2,0.390504137
Delphi_ExtendedDeltaDensity,HHS Region 10,4 wk ahead,2017/2018,47,2.1,0.718316477
Delphi_ExtendedDeltaDensity,HHS Region 10,4 wk ahead,2017/2018,48,4.2,0.988183402
Delphi_ExtendedDeltaDensity,HHS Region 10,4 wk ahead,2017/2018,49,4.7,0.9964320548
Delphi_ExtendedDeltaDensity,HHS Region 10,4 wk ahead,2017/2018,50,4.1,0.969750605
Delphi_ExtendedDeltaDensity,HHS Region 10,4 wk ahead,2017/2018,51,3.8,0.9137625631
Delphi_ExtendedDeltaDensity,HHS Region 10,4 wk ahead,2017/2018,52,3.9,0.8289940866
Delphi_ExtendedDeltaDensity,HHS Region 10,4 wk ahead,2017/2018,1,3.6,0.66437563516
Delphi_ExtendedDeltaDensity,HHS Region 10,4 wk ahead,2017/2018,2,2.9,0.6949229154
Delphi_ExtendedDeltaDensity,HHS Region 10,4 wk ahead,2017/2018,3,2.6,0.541590122
Delphi_ExtendedDeltaDensity,HHS Region 10,4 wk ahead,2017/2018,4,2.7,0.6565310882
Delphi_ExtendedDeltaDensity,HHS Region 10,4 wk ahead,2017/2018,5,2.3,0.503129242
Delphi_ExtendedDeltaDensity,HHS Region 10,4 wk ahead,2017/2018,6,1.9,0.432356237
Delphi_ExtendedDeltaDensity,HHS Region 10,4 wk ahead,2017/2018,7,2.4,0.610327641
Delphi_ExtendedDeltaDensity,HHS Region 10,4 wk ahead,2017/2018,8,2.1,0.500855404
Delphi_ExtendedDeltaDensity,HHS Region 10,4 wk ahead,2017/2018,9,1.8,0.380689936
Delphi_ExtendedDeltaDensity,HHS Region 10,4 wk ahead,2017/2018,10,1.6,0.408936133
Delphi_ExtendedDeltaDensity,HHS Region 10,4 wk ahead,2017/2018,11,1.1,0.166357821
Delphi_ExtendedDeltaDensity,HHS Region 10,4 wk ahead,2017/2018,12,1,0.181134861
Delphi_ExtendedDeltaDensity,HHS Region 10,4 wk ahead,2017/2018,13,0.7,0.084203507
Delphi_ExtendedDeltaDensity,HHS Region 10,4 wk ahead,2017/2018,14,0.7,0.144965285
Delphi_ExtendedDeltaDensity,HHS Region 10,4 wk ahead,2017/2018,15,0.6,0.246467024
Delphi_ExtendedDeltaDensity,HHS Region 10,4 wk ahead,2017/2018,16,0.5,0.24198351
Delphi_ExtendedDeltaDensity,HHS Region 10,4 wk ahead,2017/2018,17,0.4,0.22347909
Delphi_ExtendedDeltaDensity,HHS Region 10,4 wk ahead,2017/2018,18,0.3,0.19518319
