model_name,location,target,season,calendar_week,valid.bin_lag,cdf
FluOutlook_MechAug,US National,4 wk ahead,2017/2018,43,2.2,0.2800417
FluOutlook_MechAug,US National,4 wk ahead,2017/2018,44,2.2,0.0029774875
FluOutlook_MechAug,US National,4 wk ahead,2017/2018,45,2.5,0.00037621
FluOutlook_MechAug,US National,4 wk ahead,2017/2018,46,3.3,0.650401582
FluOutlook_MechAug,US National,4 wk ahead,2017/2018,47,4.6,0.97866657295
FluOutlook_MechAug,US National,4 wk ahead,2017/2018,48,5.6,0.885717289
FluOutlook_MechAug,US National,4 wk ahead,2017/2018,49,5.7,0.53485176982
FluOutlook_MechAug,US National,4 wk ahead,2017/2018,50,5.8,0.1972815673
FluOutlook_MechAug,US National,4 wk ahead,2017/2018,51,6.4,0.75641562889
FluOutlook_MechAug,US National,4 wk ahead,2017/2018,52,7.1,0.95655145895
FluOutlook_MechAug,US National,4 wk ahead,2017/2018,1,7.4,0.94026062612
FluOutlook_MechAug,US National,4 wk ahead,2017/2018,2,7.3,0.9804897927
FluOutlook_MechAug,US National,4 wk ahead,2017/2018,3,6.4,0.9917052624
FluOutlook_MechAug,US National,4 wk ahead,2017/2018,4,4.9,0.2356391728
FluOutlook_MechAug,US National,4 wk ahead,2017/2018,5,3.6,0.0300353284
FluOutlook_MechAug,US National,4 wk ahead,2017/2018,6,3.1,0.230586135
FluOutlook_MechAug,US National,4 wk ahead,2017/2018,7,2.7,0.946891533
FluOutlook_MechAug,US National,4 wk ahead,2017/2018,8,2.4,0.85021585
FluOutlook_MechAug,US National,4 wk ahead,2017/2018,9,2.3,0.9987948
FluOutlook_MechAug,US National,4 wk ahead,2017/2018,10,2,0.8468224
FluOutlook_MechAug,US National,4 wk ahead,2017/2018,11,1.7,0.1728869
FluOutlook_MechAug,US National,4 wk ahead,2017/2018,12,1.5,0
FluOutlook_MechAug,US National,4 wk ahead,2017/2018,13,1.4,0
FluOutlook_MechAug,US National,4 wk ahead,2017/2018,14,1.4,0
FluOutlook_MechAug,US National,4 wk ahead,2017/2018,15,1.2,0
FluOutlook_MechAug,US National,4 wk ahead,2017/2018,16,1.1,0
FluOutlook_MechAug,US National,4 wk ahead,2017/2018,17,1.1,0
FluOutlook_MechAug,US National,4 wk ahead,2017/2018,18,1.1,0
FluOutlook_MechAug,HHS Region 1,4 wk ahead,2017/2018,43,1.5,0.93912159
FluOutlook_MechAug,HHS Region 1,4 wk ahead,2017/2018,44,1.4,0.87888185
FluOutlook_MechAug,HHS Region 1,4 wk ahead,2017/2018,45,1.6,0.243003049
FluOutlook_MechAug,HHS Region 1,4 wk ahead,2017/2018,46,1.7,0.3310358655
FluOutlook_MechAug,HHS Region 1,4 wk ahead,2017/2018,47,2.2,0.1870226974
FluOutlook_MechAug,HHS Region 1,4 wk ahead,2017/2018,48,2.7,0.851278649
FluOutlook_MechAug,HHS Region 1,4 wk ahead,2017/2018,49,2.8,0.986052424
FluOutlook_MechAug,HHS Region 1,4 wk ahead,2017/2018,50,2.8,0.9853401304
FluOutlook_MechAug,HHS Region 1,4 wk ahead,2017/2018,51,3.6,0.9946109242
FluOutlook_MechAug,HHS Region 1,4 wk ahead,2017/2018,52,4.2,1.0000000312
FluOutlook_MechAug,HHS Region 1,4 wk ahead,2017/2018,1,5.1,0.99999996459
FluOutlook_MechAug,HHS Region 1,4 wk ahead,2017/2018,2,5.7,0.9999999261
FluOutlook_MechAug,HHS Region 1,4 wk ahead,2017/2018,3,5.2,0.99973670007
FluOutlook_MechAug,HHS Region 1,4 wk ahead,2017/2018,4,4.3,0.9987279957
FluOutlook_MechAug,HHS Region 1,4 wk ahead,2017/2018,5,3.3,0.7423715469
FluOutlook_MechAug,HHS Region 1,4 wk ahead,2017/2018,6,2.5,0.692804779
FluOutlook_MechAug,HHS Region 1,4 wk ahead,2017/2018,7,2.3,0.909524099
FluOutlook_MechAug,HHS Region 1,4 wk ahead,2017/2018,8,2,0.999999967
FluOutlook_MechAug,HHS Region 1,4 wk ahead,2017/2018,9,2.1,1
FluOutlook_MechAug,HHS Region 1,4 wk ahead,2017/2018,10,1.9,1
FluOutlook_MechAug,HHS Region 1,4 wk ahead,2017/2018,11,1.8,1
FluOutlook_MechAug,HHS Region 1,4 wk ahead,2017/2018,12,1.6,1
FluOutlook_MechAug,HHS Region 1,4 wk ahead,2017/2018,13,1.4,1.000000004
FluOutlook_MechAug,HHS Region 1,4 wk ahead,2017/2018,14,1.2,1.000000036
FluOutlook_MechAug,HHS Region 1,4 wk ahead,2017/2018,15,0.9,0
FluOutlook_MechAug,HHS Region 1,4 wk ahead,2017/2018,16,0.8,0
FluOutlook_MechAug,HHS Region 1,4 wk ahead,2017/2018,17,0.7,0
FluOutlook_MechAug,HHS Region 1,4 wk ahead,2017/2018,18,0.6,0
FluOutlook_MechAug,HHS Region 2,4 wk ahead,2017/2018,43,2.7,0.6395073
FluOutlook_MechAug,HHS Region 2,4 wk ahead,2017/2018,44,2.9,0.38846075
FluOutlook_MechAug,HHS Region 2,4 wk ahead,2017/2018,45,3.1,0.149341526
FluOutlook_MechAug,HHS Region 2,4 wk ahead,2017/2018,46,3.5,0.0743987429
FluOutlook_MechAug,HHS Region 2,4 wk ahead,2017/2018,47,4.2,0.261377234
FluOutlook_MechAug,HHS Region 2,4 wk ahead,2017/2018,48,4.4,0.102387588065
FluOutlook_MechAug,HHS Region 2,4 wk ahead,2017/2018,49,4.8,0.40933834304
FluOutlook_MechAug,HHS Region 2,4 wk ahead,2017/2018,50,5.8,0.991177813
FluOutlook_MechAug,HHS Region 2,4 wk ahead,2017/2018,51,6.7,0.9965276013
FluOutlook_MechAug,HHS Region 2,4 wk ahead,2017/2018,52,8.3,0.9940364308
FluOutlook_MechAug,HHS Region 2,4 wk ahead,2017/2018,1,9.7,0.9986463622
FluOutlook_MechAug,HHS Region 2,4 wk ahead,2017/2018,2,10.3,0.99992100637
FluOutlook_MechAug,HHS Region 2,4 wk ahead,2017/2018,3,10.1,0.9995835489
FluOutlook_MechAug,HHS Region 2,4 wk ahead,2017/2018,4,7.3,0.8310956
FluOutlook_MechAug,HHS Region 2,4 wk ahead,2017/2018,5,4.9,0.0186134637
FluOutlook_MechAug,HHS Region 2,4 wk ahead,2017/2018,6,4.5,0.072475105
FluOutlook_MechAug,HHS Region 2,4 wk ahead,2017/2018,7,3.6,0.027463072
FluOutlook_MechAug,HHS Region 2,4 wk ahead,2017/2018,8,3.1,0.545245802
FluOutlook_MechAug,HHS Region 2,4 wk ahead,2017/2018,9,3.1,0.5989964
FluOutlook_MechAug,HHS Region 2,4 wk ahead,2017/2018,10,2.8,0.1171275233
FluOutlook_MechAug,HHS Region 2,4 wk ahead,2017/2018,11,2.5,0
FluOutlook_MechAug,HHS Region 2,4 wk ahead,2017/2018,12,2.2,0
FluOutlook_MechAug,HHS Region 2,4 wk ahead,2017/2018,13,2.1,0
FluOutlook_MechAug,HHS Region 2,4 wk ahead,2017/2018,14,2.9,0.9969548
FluOutlook_MechAug,HHS Region 2,4 wk ahead,2017/2018,15,1.9,0
FluOutlook_MechAug,HHS Region 2,4 wk ahead,2017/2018,16,1.9,0
FluOutlook_MechAug,HHS Region 2,4 wk ahead,2017/2018,17,2,0
FluOutlook_MechAug,HHS Region 2,4 wk ahead,2017/2018,18,1.8,0
FluOutlook_MechAug,HHS Region 3,4 wk ahead,2017/2018,43,1.5,0.71624342
FluOutlook_MechAug,HHS Region 3,4 wk ahead,2017/2018,44,1.5,0.995490458
FluOutlook_MechAug,HHS Region 3,4 wk ahead,2017/2018,45,1.5,0.48732866
FluOutlook_MechAug,HHS Region 3,4 wk ahead,2017/2018,46,1.7,0.182943787
FluOutlook_MechAug,HHS Region 3,4 wk ahead,2017/2018,47,2.2,0.059058409051
FluOutlook_MechAug,HHS Region 3,4 wk ahead,2017/2018,48,3.4,0.6665189598
FluOutlook_MechAug,HHS Region 3,4 wk ahead,2017/2018,49,3.3,0.7679042142
FluOutlook_MechAug,HHS Region 3,4 wk ahead,2017/2018,50,3.6,0.8388316209
FluOutlook_MechAug,HHS Region 3,4 wk ahead,2017/2018,51,4.7,0.9757095039
FluOutlook_MechAug,HHS Region 3,4 wk ahead,2017/2018,52,5.9,0.7058974192
FluOutlook_MechAug,HHS Region 3,4 wk ahead,2017/2018,1,7,0.99983347044
FluOutlook_MechAug,HHS Region 3,4 wk ahead,2017/2018,2,7.4,0.9999999557
FluOutlook_MechAug,HHS Region 3,4 wk ahead,2017/2018,3,7.2,0.9996805018
FluOutlook_MechAug,HHS Region 3,4 wk ahead,2017/2018,4,5.4,0.9691637105
FluOutlook_MechAug,HHS Region 3,4 wk ahead,2017/2018,5,3.7,0.3151308838
FluOutlook_MechAug,HHS Region 3,4 wk ahead,2017/2018,6,2.8,0.339021754
FluOutlook_MechAug,HHS Region 3,4 wk ahead,2017/2018,7,2.6,0.355167729
FluOutlook_MechAug,HHS Region 3,4 wk ahead,2017/2018,8,2.4,0.989317218
FluOutlook_MechAug,HHS Region 3,4 wk ahead,2017/2018,9,2.4,1.000000009
FluOutlook_MechAug,HHS Region 3,4 wk ahead,2017/2018,10,1.9,1.00000006
FluOutlook_MechAug,HHS Region 3,4 wk ahead,2017/2018,11,1.6,0.881991306
FluOutlook_MechAug,HHS Region 3,4 wk ahead,2017/2018,12,1.4,0.003911428
FluOutlook_MechAug,HHS Region 3,4 wk ahead,2017/2018,13,1.2,0
FluOutlook_MechAug,HHS Region 3,4 wk ahead,2017/2018,14,1.2,0
FluOutlook_MechAug,HHS Region 3,4 wk ahead,2017/2018,15,0.8,0
FluOutlook_MechAug,HHS Region 3,4 wk ahead,2017/2018,16,0.8,0
FluOutlook_MechAug,HHS Region 3,4 wk ahead,2017/2018,17,0.8,0
FluOutlook_MechAug,HHS Region 3,4 wk ahead,2017/2018,18,0.8,0
FluOutlook_MechAug,HHS Region 4,4 wk ahead,2017/2018,43,2.4,0.46518138
FluOutlook_MechAug,HHS Region 4,4 wk ahead,2017/2018,44,2.1,0.0594946084
FluOutlook_MechAug,HHS Region 4,4 wk ahead,2017/2018,45,2.4,0.009848171
FluOutlook_MechAug,HHS Region 4,4 wk ahead,2017/2018,46,3,0.42722804
FluOutlook_MechAug,HHS Region 4,4 wk ahead,2017/2018,47,4.5,0.87266517
FluOutlook_MechAug,HHS Region 4,4 wk ahead,2017/2018,48,5.2,0.854587831
FluOutlook_MechAug,HHS Region 4,4 wk ahead,2017/2018,49,5.3,0.85125433175
FluOutlook_MechAug,HHS Region 4,4 wk ahead,2017/2018,50,6.6,0.725286302476
FluOutlook_MechAug,HHS Region 4,4 wk ahead,2017/2018,51,8.3,0.9895560849
FluOutlook_MechAug,HHS Region 4,4 wk ahead,2017/2018,52,9.1,0.99881380324
FluOutlook_MechAug,HHS Region 4,4 wk ahead,2017/2018,1,9.2,0.99974058417
FluOutlook_MechAug,HHS Region 4,4 wk ahead,2017/2018,2,8.9,0.99986474947
FluOutlook_MechAug,HHS Region 4,4 wk ahead,2017/2018,3,6.9,0.965852458
FluOutlook_MechAug,HHS Region 4,4 wk ahead,2017/2018,4,4.7,0.925062526
FluOutlook_MechAug,HHS Region 4,4 wk ahead,2017/2018,5,3,0.3725132765
FluOutlook_MechAug,HHS Region 4,4 wk ahead,2017/2018,6,2.6,0.394367415
FluOutlook_MechAug,HHS Region 4,4 wk ahead,2017/2018,7,2.3,0.634470129
FluOutlook_MechAug,HHS Region 4,4 wk ahead,2017/2018,8,1.9,0
FluOutlook_MechAug,HHS Region 4,4 wk ahead,2017/2018,9,2,0.7604137
FluOutlook_MechAug,HHS Region 4,4 wk ahead,2017/2018,10,1.7,0.0251306
FluOutlook_MechAug,HHS Region 4,4 wk ahead,2017/2018,11,1.4,0
FluOutlook_MechAug,HHS Region 4,4 wk ahead,2017/2018,12,1.2,0
FluOutlook_MechAug,HHS Region 4,4 wk ahead,2017/2018,13,1.1,0
FluOutlook_MechAug,HHS Region 4,4 wk ahead,2017/2018,14,1.1,0
FluOutlook_MechAug,HHS Region 4,4 wk ahead,2017/2018,15,0.9,0
FluOutlook_MechAug,HHS Region 4,4 wk ahead,2017/2018,16,0.9,0
FluOutlook_MechAug,HHS Region 4,4 wk ahead,2017/2018,17,0.9,0
FluOutlook_MechAug,HHS Region 4,4 wk ahead,2017/2018,18,0.8,0
FluOutlook_MechAug,HHS Region 5,4 wk ahead,2017/2018,43,1.4,0.11671605
FluOutlook_MechAug,HHS Region 5,4 wk ahead,2017/2018,44,1.5,0.241959565
FluOutlook_MechAug,HHS Region 5,4 wk ahead,2017/2018,45,1.8,0.4032776125
FluOutlook_MechAug,HHS Region 5,4 wk ahead,2017/2018,46,2.1,1.0000000065
FluOutlook_MechAug,HHS Region 5,4 wk ahead,2017/2018,47,3.1,0.996251518
FluOutlook_MechAug,HHS Region 5,4 wk ahead,2017/2018,48,4.7,0.997079341109
FluOutlook_MechAug,HHS Region 5,4 wk ahead,2017/2018,49,4.3,0.79787089593
FluOutlook_MechAug,HHS Region 5,4 wk ahead,2017/2018,50,4.6,0.85862136229
FluOutlook_MechAug,HHS Region 5,4 wk ahead,2017/2018,51,5,0.89460810333
FluOutlook_MechAug,HHS Region 5,4 wk ahead,2017/2018,52,5.2,0.46955184556
FluOutlook_MechAug,HHS Region 5,4 wk ahead,2017/2018,1,5.6,0.95554783434
FluOutlook_MechAug,HHS Region 5,4 wk ahead,2017/2018,2,5.7,0.9997808021
FluOutlook_MechAug,HHS Region 5,4 wk ahead,2017/2018,3,4.6,0.937849542
FluOutlook_MechAug,HHS Region 5,4 wk ahead,2017/2018,4,3.7,0.911359393
FluOutlook_MechAug,HHS Region 5,4 wk ahead,2017/2018,5,2.9,0.6007700797
FluOutlook_MechAug,HHS Region 5,4 wk ahead,2017/2018,6,2.5,0.1760893141
FluOutlook_MechAug,HHS Region 5,4 wk ahead,2017/2018,7,2.2,0.808245587
FluOutlook_MechAug,HHS Region 5,4 wk ahead,2017/2018,8,2.1,0.9910016146
FluOutlook_MechAug,HHS Region 5,4 wk ahead,2017/2018,9,2.1,1.00000002
FluOutlook_MechAug,HHS Region 5,4 wk ahead,2017/2018,10,1.7,0.54996805
FluOutlook_MechAug,HHS Region 5,4 wk ahead,2017/2018,11,1.6,0.4621035
FluOutlook_MechAug,HHS Region 5,4 wk ahead,2017/2018,12,1.4,0
FluOutlook_MechAug,HHS Region 5,4 wk ahead,2017/2018,13,1.3,0
FluOutlook_MechAug,HHS Region 5,4 wk ahead,2017/2018,14,1.1,0
FluOutlook_MechAug,HHS Region 5,4 wk ahead,2017/2018,15,0.9,0
FluOutlook_MechAug,HHS Region 5,4 wk ahead,2017/2018,16,0.8,0
FluOutlook_MechAug,HHS Region 5,4 wk ahead,2017/2018,17,0.9,0
FluOutlook_MechAug,HHS Region 5,4 wk ahead,2017/2018,18,0.8,0
FluOutlook_MechAug,HHS Region 6,4 wk ahead,2017/2018,43,4,0.712356033
FluOutlook_MechAug,HHS Region 6,4 wk ahead,2017/2018,44,4.5,0.684470915
FluOutlook_MechAug,HHS Region 6,4 wk ahead,2017/2018,45,5,0.4922658905
FluOutlook_MechAug,HHS Region 6,4 wk ahead,2017/2018,46,7.9,0.925724508
FluOutlook_MechAug,HHS Region 6,4 wk ahead,2017/2018,47,11.5,0.99990861509
FluOutlook_MechAug,HHS Region 6,4 wk ahead,2017/2018,48,10.3,0.8950328693
FluOutlook_MechAug,HHS Region 6,4 wk ahead,2017/2018,49,10.9,0.85449953289
FluOutlook_MechAug,HHS Region 6,4 wk ahead,2017/2018,50,11.4,0.48231587558
FluOutlook_MechAug,HHS Region 6,4 wk ahead,2017/2018,51,11.6,0.78554256974
FluOutlook_MechAug,HHS Region 6,4 wk ahead,2017/2018,52,12.6,0.95585516861
FluOutlook_MechAug,HHS Region 6,4 wk ahead,2017/2018,1,12.4,0.9789260487
FluOutlook_MechAug,HHS Region 6,4 wk ahead,2017/2018,2,11.3,1.00000000551
FluOutlook_MechAug,HHS Region 6,4 wk ahead,2017/2018,3,9.5,0.9418530141
FluOutlook_MechAug,HHS Region 6,4 wk ahead,2017/2018,4,7.2,0.80920317
FluOutlook_MechAug,HHS Region 6,4 wk ahead,2017/2018,5,5.3,0.2960018359
FluOutlook_MechAug,HHS Region 6,4 wk ahead,2017/2018,6,4.2,0.0303853732
FluOutlook_MechAug,HHS Region 6,4 wk ahead,2017/2018,7,3.3,0.015216232
FluOutlook_MechAug,HHS Region 6,4 wk ahead,2017/2018,8,2.7,0
FluOutlook_MechAug,HHS Region 6,4 wk ahead,2017/2018,9,2.9,0.061114972
FluOutlook_MechAug,HHS Region 6,4 wk ahead,2017/2018,10,2.4,0
FluOutlook_MechAug,HHS Region 6,4 wk ahead,2017/2018,11,2,0
FluOutlook_MechAug,HHS Region 6,4 wk ahead,2017/2018,12,2,0
FluOutlook_MechAug,HHS Region 6,4 wk ahead,2017/2018,13,1.9,0
FluOutlook_MechAug,HHS Region 6,4 wk ahead,2017/2018,14,1.9,0
FluOutlook_MechAug,HHS Region 6,4 wk ahead,2017/2018,15,1.8,0
FluOutlook_MechAug,HHS Region 6,4 wk ahead,2017/2018,16,1.5,0
FluOutlook_MechAug,HHS Region 6,4 wk ahead,2017/2018,17,1.6,0
FluOutlook_MechAug,HHS Region 6,4 wk ahead,2017/2018,18,1.4,0
FluOutlook_MechAug,HHS Region 7,4 wk ahead,2017/2018,43,1.6,0.49523062
FluOutlook_MechAug,HHS Region 7,4 wk ahead,2017/2018,44,1.4,0.084651833
FluOutlook_MechAug,HHS Region 7,4 wk ahead,2017/2018,45,2,0.1338814315
FluOutlook_MechAug,HHS Region 7,4 wk ahead,2017/2018,46,2.7,0.4617504645
FluOutlook_MechAug,HHS Region 7,4 wk ahead,2017/2018,47,4.2,0.294182224731
FluOutlook_MechAug,HHS Region 7,4 wk ahead,2017/2018,48,7.2,0.986256211485
FluOutlook_MechAug,HHS Region 7,4 wk ahead,2017/2018,49,7.5,0.98328701212
FluOutlook_MechAug,HHS Region 7,4 wk ahead,2017/2018,50,6.6,0.71332001154
FluOutlook_MechAug,HHS Region 7,4 wk ahead,2017/2018,51,8.2,0.9636210073
FluOutlook_MechAug,HHS Region 7,4 wk ahead,2017/2018,52,8.8,0.95369849564
FluOutlook_MechAug,HHS Region 7,4 wk ahead,2017/2018,1,8.7,0.9963125138
FluOutlook_MechAug,HHS Region 7,4 wk ahead,2017/2018,2,8.6,0.9999999799
FluOutlook_MechAug,HHS Region 7,4 wk ahead,2017/2018,3,7.7,0.999745583
FluOutlook_MechAug,HHS Region 7,4 wk ahead,2017/2018,4,5.5,0.9887765019
FluOutlook_MechAug,HHS Region 7,4 wk ahead,2017/2018,5,3.9,0.981337889
FluOutlook_MechAug,HHS Region 7,4 wk ahead,2017/2018,6,3.5,0.9995877571
FluOutlook_MechAug,HHS Region 7,4 wk ahead,2017/2018,7,2.4,0.9947402
FluOutlook_MechAug,HHS Region 7,4 wk ahead,2017/2018,8,2.6,0.999999949
FluOutlook_MechAug,HHS Region 7,4 wk ahead,2017/2018,9,1.9,1.000000062
FluOutlook_MechAug,HHS Region 7,4 wk ahead,2017/2018,10,1.6,1.000000041
FluOutlook_MechAug,HHS Region 7,4 wk ahead,2017/2018,11,1.2,0.996473
FluOutlook_MechAug,HHS Region 7,4 wk ahead,2017/2018,12,0.8,0
FluOutlook_MechAug,HHS Region 7,4 wk ahead,2017/2018,13,0.9,0
FluOutlook_MechAug,HHS Region 7,4 wk ahead,2017/2018,14,0.4,0
FluOutlook_MechAug,HHS Region 7,4 wk ahead,2017/2018,15,0.4,0
FluOutlook_MechAug,HHS Region 7,4 wk ahead,2017/2018,16,0.5,0
FluOutlook_MechAug,HHS Region 7,4 wk ahead,2017/2018,17,0.5,0
FluOutlook_MechAug,HHS Region 7,4 wk ahead,2017/2018,18,0.5,0
FluOutlook_MechAug,HHS Region 8,4 wk ahead,2017/2018,43,0.8,0.080704747
FluOutlook_MechAug,HHS Region 8,4 wk ahead,2017/2018,44,0.8,0.18433453
FluOutlook_MechAug,HHS Region 8,4 wk ahead,2017/2018,45,1,0.16026791
FluOutlook_MechAug,HHS Region 8,4 wk ahead,2017/2018,46,1.2,0.199123187
FluOutlook_MechAug,HHS Region 8,4 wk ahead,2017/2018,47,1.8,0.68266400364
FluOutlook_MechAug,HHS Region 8,4 wk ahead,2017/2018,48,2.3,0.339304928
FluOutlook_MechAug,HHS Region 8,4 wk ahead,2017/2018,49,2.5,0.77552735631
FluOutlook_MechAug,HHS Region 8,4 wk ahead,2017/2018,50,2.5,0.777690709
FluOutlook_MechAug,HHS Region 8,4 wk ahead,2017/2018,51,2.7,0.90171400866
FluOutlook_MechAug,HHS Region 8,4 wk ahead,2017/2018,52,2.7,0.86325483175
FluOutlook_MechAug,HHS Region 8,4 wk ahead,2017/2018,1,3.2,0.9465530734
FluOutlook_MechAug,HHS Region 8,4 wk ahead,2017/2018,2,3.1,0.9963924916
FluOutlook_MechAug,HHS Region 8,4 wk ahead,2017/2018,3,2.9,0.9861966758
FluOutlook_MechAug,HHS Region 8,4 wk ahead,2017/2018,4,2.8,1.000000033
FluOutlook_MechAug,HHS Region 8,4 wk ahead,2017/2018,5,2.1,0.9397613105
FluOutlook_MechAug,HHS Region 8,4 wk ahead,2017/2018,6,1.8,0.914726735
FluOutlook_MechAug,HHS Region 8,4 wk ahead,2017/2018,7,1.5,0.9360273976
FluOutlook_MechAug,HHS Region 8,4 wk ahead,2017/2018,8,1.2,0.319987602
FluOutlook_MechAug,HHS Region 8,4 wk ahead,2017/2018,9,1,0.23678311
FluOutlook_MechAug,HHS Region 8,4 wk ahead,2017/2018,10,1,0.76762681
FluOutlook_MechAug,HHS Region 8,4 wk ahead,2017/2018,11,0.7,0.0003162081
FluOutlook_MechAug,HHS Region 8,4 wk ahead,2017/2018,12,0.6,0
FluOutlook_MechAug,HHS Region 8,4 wk ahead,2017/2018,13,0.7,0.7720392
FluOutlook_MechAug,HHS Region 8,4 wk ahead,2017/2018,14,0.5,0
FluOutlook_MechAug,HHS Region 8,4 wk ahead,2017/2018,15,0.4,0
FluOutlook_MechAug,HHS Region 8,4 wk ahead,2017/2018,16,0.4,0
FluOutlook_MechAug,HHS Region 8,4 wk ahead,2017/2018,17,0.4,0
FluOutlook_MechAug,HHS Region 8,4 wk ahead,2017/2018,18,0.6,0
FluOutlook_MechAug,HHS Region 9,4 wk ahead,2017/2018,43,2.1,0.68851228
FluOutlook_MechAug,HHS Region 9,4 wk ahead,2017/2018,44,2.1,0.4519158474
FluOutlook_MechAug,HHS Region 9,4 wk ahead,2017/2018,45,2.5,0.876465567
FluOutlook_MechAug,HHS Region 9,4 wk ahead,2017/2018,46,3.5,0.991457618
FluOutlook_MechAug,HHS Region 9,4 wk ahead,2017/2018,47,4.7,1.00000000533
FluOutlook_MechAug,HHS Region 9,4 wk ahead,2017/2018,48,6.9,0.99999997949
FluOutlook_MechAug,HHS Region 9,4 wk ahead,2017/2018,49,6.4,0.99989951585
FluOutlook_MechAug,HHS Region 9,4 wk ahead,2017/2018,50,4.7,0.50490401432
FluOutlook_MechAug,HHS Region 9,4 wk ahead,2017/2018,51,4.1,0.37006161378
FluOutlook_MechAug,HHS Region 9,4 wk ahead,2017/2018,52,4,0.15294542761
FluOutlook_MechAug,HHS Region 9,4 wk ahead,2017/2018,1,4.2,0.7909014492
FluOutlook_MechAug,HHS Region 9,4 wk ahead,2017/2018,2,3.9,0.9864842144
FluOutlook_MechAug,HHS Region 9,4 wk ahead,2017/2018,3,3.8,1.0000000349
FluOutlook_MechAug,HHS Region 9,4 wk ahead,2017/2018,4,3.6,1.0000000735
FluOutlook_MechAug,HHS Region 9,4 wk ahead,2017/2018,5,3.6,0.9999999979
FluOutlook_MechAug,HHS Region 9,4 wk ahead,2017/2018,6,3.4,0.99999993861
FluOutlook_MechAug,HHS Region 9,4 wk ahead,2017/2018,7,3.2,1.00000004159
FluOutlook_MechAug,HHS Region 9,4 wk ahead,2017/2018,8,2.9,1.000000018
FluOutlook_MechAug,HHS Region 9,4 wk ahead,2017/2018,9,2.7,0.99999993
FluOutlook_MechAug,HHS Region 9,4 wk ahead,2017/2018,10,2.4,0.5736353688
FluOutlook_MechAug,HHS Region 9,4 wk ahead,2017/2018,11,1.9,0
FluOutlook_MechAug,HHS Region 9,4 wk ahead,2017/2018,12,1.9,0
FluOutlook_MechAug,HHS Region 9,4 wk ahead,2017/2018,13,2,0.119731
FluOutlook_MechAug,HHS Region 9,4 wk ahead,2017/2018,14,1.9,0
FluOutlook_MechAug,HHS Region 9,4 wk ahead,2017/2018,15,1.8,0
FluOutlook_MechAug,HHS Region 9,4 wk ahead,2017/2018,16,1.6,0
FluOutlook_MechAug,HHS Region 9,4 wk ahead,2017/2018,17,1.7,0
FluOutlook_MechAug,HHS Region 9,4 wk ahead,2017/2018,18,1.6,0
FluOutlook_MechAug,HHS Region 10,4 wk ahead,2017/2018,43,1.2,0.43342883
FluOutlook_MechAug,HHS Region 10,4 wk ahead,2017/2018,44,1.1,0.5781504
FluOutlook_MechAug,HHS Region 10,4 wk ahead,2017/2018,45,1,0.5343813
FluOutlook_MechAug,HHS Region 10,4 wk ahead,2017/2018,46,1.2,0.71730746
FluOutlook_MechAug,HHS Region 10,4 wk ahead,2017/2018,47,2.1,0.91453436
FluOutlook_MechAug,HHS Region 10,4 wk ahead,2017/2018,48,4.2,0.9986957372
FluOutlook_MechAug,HHS Region 10,4 wk ahead,2017/2018,49,4.7,0.99997435235
FluOutlook_MechAug,HHS Region 10,4 wk ahead,2017/2018,50,4.1,0.9725228803
FluOutlook_MechAug,HHS Region 10,4 wk ahead,2017/2018,51,3.8,0.6102293408
FluOutlook_MechAug,HHS Region 10,4 wk ahead,2017/2018,52,3.9,0.29226535501
FluOutlook_MechAug,HHS Region 10,4 wk ahead,2017/2018,1,3.6,0.4396299133
FluOutlook_MechAug,HHS Region 10,4 wk ahead,2017/2018,2,2.9,0.8439660285
FluOutlook_MechAug,HHS Region 10,4 wk ahead,2017/2018,3,2.6,0.9988192744
FluOutlook_MechAug,HHS Region 10,4 wk ahead,2017/2018,4,2.7,0.9999820683
FluOutlook_MechAug,HHS Region 10,4 wk ahead,2017/2018,5,2.3,0.999584613
FluOutlook_MechAug,HHS Region 10,4 wk ahead,2017/2018,6,1.9,0.9999998659
FluOutlook_MechAug,HHS Region 10,4 wk ahead,2017/2018,7,2.4,0.99999999
FluOutlook_MechAug,HHS Region 10,4 wk ahead,2017/2018,8,2.1,1.000000007
FluOutlook_MechAug,HHS Region 10,4 wk ahead,2017/2018,9,1.8,1.00000004
FluOutlook_MechAug,HHS Region 10,4 wk ahead,2017/2018,10,1.6,0.99999998
FluOutlook_MechAug,HHS Region 10,4 wk ahead,2017/2018,11,1.1,0.37718807
FluOutlook_MechAug,HHS Region 10,4 wk ahead,2017/2018,12,1,0.2919509
FluOutlook_MechAug,HHS Region 10,4 wk ahead,2017/2018,13,0.7,0
FluOutlook_MechAug,HHS Region 10,4 wk ahead,2017/2018,14,0.7,0
FluOutlook_MechAug,HHS Region 10,4 wk ahead,2017/2018,15,0.6,0
FluOutlook_MechAug,HHS Region 10,4 wk ahead,2017/2018,16,0.5,0
FluOutlook_MechAug,HHS Region 10,4 wk ahead,2017/2018,17,0.4,0
FluOutlook_MechAug,HHS Region 10,4 wk ahead,2017/2018,18,0.3,0
